_uuid,_id,_index_repeat,nom_prenom_pap,nom_prenom_pap_manuel,titre_identitaire_type,titre_identitaire_numero,nature_biens_affectes,nature_biens_affectes/parcelle_non_batie,nature_biens_affectes/parcelle_agricole,nature_biens_affectes/parcelle_construite,nature_biens_affectes/infrastructure_publique,nature_biens_affectes/autre,nature_biens_affectes/hors_zone_influence,nature_biens_affectes_autre,presence_decret_original,ref_ligne_decret,ref_fiche_enquete,requete_reclamation_pap,signature_pap_decret,signature_pap_decret_URL
88af6e26-0b7a-43be-92e9-ebb77c839714,816343706,1,pap_0544,,cni,112407255,autre,0,0,0,0,1,0,Tombes,oui,545,,"Changement de bénéficiaire, 
ANGO Collins pour ANGO NNA Pauette Elvire",,
799c369f-9bd0-4a2a-9e11-3e79da49b5cd,816344687,2,pap_0526,,cni,118758573,parcelle_agricole,0,1,0,0,0,0,,oui,527,,Décès du bénéficiaire requête  en cours pour changement du bénéficiaire ,,
cba99862-862e-488e-92a7-28be02419aa9,816346059,3,pap_0547,,cni,111915183,parcelle_agricole,0,1,0,0,0,0,,oui,548,,,,
48fb13cb-271f-4621-a39b-096b3f839c92,816349556,4,pap_0543,,cni,116718474,parcelle_agricole,0,1,0,0,0,0,,oui,544,,,1784552090067.jpg,https://kf.kobotoolbox.org/api/v2/assets/anTGkBsJzTReb96GWVGu7k/data/816349556/attachments/attKxJSCgdengG4uhCMJxGF8/
9a02a8d5-c44e-416a-8211-fe5abaca4fc5,816349914,5,pap_0558,,cni,SU01097I5J013URC8MM2,parcelle_agricole,0,1,0,0,0,0,,oui,559,,,1784553013423.jpg,https://kf.kobotoolbox.org/api/v2/assets/anTGkBsJzTReb96GWVGu7k/data/816349914/attachments/attGi6KeM3h9ScWSjRJcip5n/
cae9cd2a-890e-4991-927d-7eb83f81a041,816350670,6,pap_0555,,cni,115936111,parcelle_agricole,0,1,0,0,0,0,,oui,556,,,1784552604843.jpg,https://kf.kobotoolbox.org/api/v2/assets/anTGkBsJzTReb96GWVGu7k/data/816350670/attachments/attfphoSy3woAKXUsu7Ggb6L/
dd3fe43f-0c28-4e0f-b63c-414d71eda41b,816350855,7,pap_0542,,cni,101486060,parcelle_agricole parcelle_construite,0,1,1,0,0,0,,oui,543,,,1784553434372.jpg,https://kf.kobotoolbox.org/api/v2/assets/anTGkBsJzTReb96GWVGu7k/data/816350855/attachments/att8Y4yzmcwM5wQUFKAvpao7/
adf1b055-e1a1-4457-81a2-81a7ead048a6,816352762,8,pap_0812,,cni,KIT512,parcelle_construite parcelle_agricole,0,1,1,0,0,0,,oui,813,,"Décédée, les ayants droit doivent entreprendre la procédure pour rentrer en possession de leurs droits ",1784538453098.jpg,https://kf.kobotoolbox.org/api/v2/assets/anTGkBsJzTReb96GWVGu7k/data/816352762/attachments/attEqjQ98Qop8eQ7qhJSKftQ/
0d3a22f2-455a-4ccb-b9ed-6e83fb69931b,816352850,9,pap_0548,,cni,117174279,parcelle_agricole parcelle_construite,0,1,1,0,0,0,,oui,550,,,1784542057039.jpg,https://kf.kobotoolbox.org/api/v2/assets/anTGkBsJzTReb96GWVGu7k/data/816352850/attachments/attsTgFJQJyGUiWrGnioGqCm/
2e997b2a-f53f-4142-a2ab-8c0421246dee,816353912,10,pap_0550,,cni,KIT254,parcelle_non_batie parcelle_agricole,1,1,0,0,0,0,,oui,551,,,1784551027965.jpg,https://kf.kobotoolbox.org/api/v2/assets/anTGkBsJzTReb96GWVGu7k/data/816353912/attachments/attLNtiU2w3aCpNsfVEPHhuy/
813071f3-50e9-4e30-8dd4-fd38d77d9146,816353985,11,pap_0534,,cni,SU01232I5J025ZAG1XY6,parcelle_agricole parcelle_construite,0,1,1,0,0,0,,oui,535,,,1784551752706.jpg,https://kf.kobotoolbox.org/api/v2/assets/anTGkBsJzTReb96GWVGu7k/data/816353985/attachments/attAiuqMD8WqVGquDQfkYiQE/
800e9b95-959f-457a-b899-3a563028229c,816354056,12,pap_0528,,cni,SU01097I5IZYCMTYDAA5,parcelle_agricole,0,1,0,0,0,0,,oui,529,,,1784552407996.jpg,https://kf.kobotoolbox.org/api/v2/assets/anTGkBsJzTReb96GWVGu7k/data/816354056/attachments/attPksyJPfsbGqoRrz8kShZc/
357734ef-76ee-4284-b4f9-5c530a361a5c,816354144,13,pap_0553,,cni,100631063,autre,0,0,0,0,1,0,Cultures,oui,554,,,1784553610082.jpg,https://kf.kobotoolbox.org/api/v2/assets/anTGkBsJzTReb96GWVGu7k/data/816354144/attachments/attakphvEs6LRhhDCn6Me7cT/
6e6dd271-8d10-4b7d-931e-706e36b02489,816354268,14,pap_0554,,cni,100631063,autre,0,0,0,0,1,0,Cultures,oui,555,,"NDIBI ZE décédé sans descendance, representé par son neveu NDIBI PIERRE EUSTACHE L. Procédures à introduire à cet effet.",1784554302844.jpg,https://kf.kobotoolbox.org/api/v2/assets/anTGkBsJzTReb96GWVGu7k/data/816354268/attachments/attNGCBDeUHKSxxsmkCmZfbp/
4329bb8a-ef34-4632-84a2-1837cf3a105a,816359753,15,pap_0824,,cni,118758754,parcelle_agricole,0,1,0,0,0,0,,oui,825,,,1784537092117.jpg,https://kf.kobotoolbox.org/api/v2/assets/anTGkBsJzTReb96GWVGu7k/data/816359753/attachments/att6VSxDbrEWkzSH4794vLvT/
2f806378-3e1a-420b-81a0-fd2c6a8954fb,816359964,16,pap_0532,,cni,113201509,parcelle_agricole parcelle_construite,0,1,1,0,0,0,,oui,533,,,1784541574842.jpg,https://kf.kobotoolbox.org/api/v2/assets/anTGkBsJzTReb96GWVGu7k/data/816359964/attachments/attnVuqP3k6YMbipufvWz4je/
b75b7fa1-1abd-40f2-8ee0-d00989ba2143,816360281,17,pap_0549,,cni,103266525,parcelle_non_batie parcelle_agricole,1,1,0,0,0,0,,oui,550,,,1784543108019.jpg,https://kf.kobotoolbox.org/api/v2/assets/anTGkBsJzTReb96GWVGu7k/data/816360281/attachments/attXUa36dCuGmEsni3X7JHFW/
ef6126e6-7114-409d-b083-43e30176eae8,816360420,18,pap_0536,,cni,103266533,parcelle_agricole,0,1,0,0,0,0,,oui,537,,,1784545682989.jpg,https://kf.kobotoolbox.org/api/v2/assets/anTGkBsJzTReb96GWVGu7k/data/816360420/attachments/attHZKHe4vwwg44UHanckZAx/
839351c7-4a52-4841-9945-750a974dc311,816366519,19,pap_0529,,cni,116718474,parcelle_agricole,0,1,0,0,0,0,,oui,530,,,,
8a01ef39-8244-4122-a462-e1c29d99184d,817526600,20,pap_0559,,cni,SU01232I5IZW1JHCZLV6,parcelle_agricole,0,1,0,0,0,0,,oui,560,,,1784649966388.jpg,https://kf.kobotoolbox.org/api/v2/assets/anTGkBsJzTReb96GWVGu7k/data/817526600/attachments/attc7TfDs7j8Uza2DVfgLveW/
983c0ff6-f48e-4922-a9a8-bb6555809928,818725651,21,pap_0850,,cni,117822883,parcelle_construite,0,0,1,0,0,0,,oui,851,,,,
f9e115c5-0f03-45a0-a8de-6635bc2f694f,818725697,22,pap_0849,,cni,114551765,parcelle_agricole,0,1,0,0,0,0,,oui,850,,Observation : la maison n'est plus impactée seul les cultures le sont à présent.,1784723120663.jpg,https://kf.kobotoolbox.org/api/v2/assets/anTGkBsJzTReb96GWVGu7k/data/818725697/attachments/att34pKF9w9rPZz9myNRke55/
32d5018c-ccdf-4531-8267-5958ead92817,818725766,23,pap_1308,,cni,101937694,parcelle_construite,0,0,1,0,0,0,,oui,370,,Remarques : Cultures et une seule maison affectée.,,
3356212b-be3b-43d3-967e-850aedc00f5a,818725844,24,pap_1338,,cni,0005518237,parcelle_agricole,0,1,0,0,0,0,,oui,400,,"Décédé, changement de bénéficiaire.
Nouveau bénéficiaire MENGUE MFOU'OU Regine Epse MVELE ZE",1784734351696.jpg,https://kf.kobotoolbox.org/api/v2/assets/anTGkBsJzTReb96GWVGu7k/data/818725844/attachments/attuXy2EpQj6R7S7exh7FK9e/
60e65150-75e0-402e-9c48-45fcb0c39503,818725969,25,pap_1326,,cni,SU16334I5IPCLKPILI51,parcelle_agricole parcelle_construite,0,1,1,0,0,0,,oui,388,,,,
55ec2cf2-6010-4302-afdd-b40d67fd5f3e,818726903,26,pap_0850,,cni,117822883,parcelle_construite,0,0,1,0,0,0,,oui,851,,,1784722948229.jpg,https://kf.kobotoolbox.org/api/v2/assets/anTGkBsJzTReb96GWVGu7k/data/818726903/attachments/attsFqtiVEwvStjvDQpVuSa2/
b5ac5bbb-d188-41c9-89f3-020887892439,818735078,27,pap_1349,,cni,SU3285I5IPGMKS3XV16,autre,0,0,0,0,1,0,Cultures ,oui,411,,,1784729456777.jpg,https://kf.kobotoolbox.org/api/v2/assets/anTGkBsJzTReb96GWVGu7k/data/818735078/attachments/attMVXAHuFpfXBVmvso95e46/
3615f336-bda1-4407-904f-a22eb99bdb78,818735115,28,pap_0842,,cni,SU17512I5JO667NORA56,parcelle_construite,0,0,1,0,0,0,,oui,843,,PAP décédé et est remplacé par son fils Mfiande Abessolo qui devra introduire une requête à cet effet. ,1784723303213.jpg,https://kf.kobotoolbox.org/api/v2/assets/anTGkBsJzTReb96GWVGu7k/data/818735115/attachments/attZzTFyxATVmuF8nv69EFRi/
4e6a6ad1-c857-4c74-8fe6-1f3fa9b6e072,818735340,29,pap_1322,,cni,117308998,parcelle_construite autre,0,0,1,0,1,0,Cultures ,oui,384,,,1784730730455.jpg,https://kf.kobotoolbox.org/api/v2/assets/anTGkBsJzTReb96GWVGu7k/data/818735340/attachments/attemLJ89JWzhu7nuxSG9KLE/
9665cae4-2719-4bb7-9986-366ebcaa6463,818735701,30,pap_0843,,cni,115365543,hors_zone_influence,0,0,0,0,0,1,,oui,844,,Bâtisse n'est plus impactée et seul un palmier adulte est impacté ,1784724933082.jpg,https://kf.kobotoolbox.org/api/v2/assets/anTGkBsJzTReb96GWVGu7k/data/818735701/attachments/attbGjPUsJ74xqTaToMiUiis/
dc3e52ca-ce69-4cb7-acee-5c78bde80306,818736817,31,pap_0844,,cni,117822882,parcelle_construite,0,0,1,0,0,0,,oui,845,,Hors de la nouvelle emprise ,1784724602051.jpg,https://kf.kobotoolbox.org/api/v2/assets/anTGkBsJzTReb96GWVGu7k/data/818736817/attachments/attDomuxCDJrFN6Tf8ceZZkf/
57cc7f7a-fa3e-4a7b-accc-59a3dec4dc70,818737209,32,pap_0845,,,,hors_zone_influence,0,0,0,0,0,1,,oui,846,,Hors de la zone d´influence,1784726102901.jpg,https://kf.kobotoolbox.org/api/v2/assets/anTGkBsJzTReb96GWVGu7k/data/818737209/attachments/attGYYwKtimkedRcohFVSMoo/
8c0a59e4-4a05-4023-ac45-74500bcfce94,819886764,33,pap_1346,,cni,116654541,parcelle_agricole,0,1,0,0,0,0,,oui,408,,,1784727158276.jpg,https://kf.kobotoolbox.org/api/v2/assets/anTGkBsJzTReb96GWVGu7k/data/819886764/attachments/attAbsfHWarGhucU3G5uW3vE/
a0546fa4-5495-4468-89c1-4258986c77d5,819886850,34,pap_1316,,cni,101103222,parcelle_agricole,0,1,0,0,0,0,,oui,378,,,1784728126131.jpg,https://kf.kobotoolbox.org/api/v2/assets/anTGkBsJzTReb96GWVGu7k/data/819886850/attachments/attBvV4HgFbHH3dGcyxrmHif/
b245ec39-abe5-4e41-af64-d81fbac46413,819886947,35,pap_1319,,cni,111278458,infrastructure_publique,0,0,0,1,0,0,,oui,381,,Recensé pour l'eglise adventiste. Requete en cours ,1784728863657.jpg,https://kf.kobotoolbox.org/api/v2/assets/anTGkBsJzTReb96GWVGu7k/data/819886947/attachments/attBHRCGa6dmAASigL5pGG5n/
73ad4098-1d14-4106-bef0-d678e79f0a97,819887067,36,pap_1337,,cni,111278453,parcelle_agricole,0,1,0,0,0,0,,oui,399,,,1784730508384.jpg,https://kf.kobotoolbox.org/api/v2/assets/anTGkBsJzTReb96GWVGu7k/data/819887067/attachments/attqa97Ze5jyEnPeCHHYPVzW/
2efe7017-c919-4f4c-89f5-160efe86f2d6,819887126,37,pap_1347,,cni,113201515,parcelle_construite,0,0,1,0,0,0,,oui,,409,Hors de l'emprise ,1784794238279.jpg,https://kf.kobotoolbox.org/api/v2/assets/anTGkBsJzTReb96GWVGu7k/data/819887126/attachments/attc57gJcUrbE54ZST2dbduS/
424ab761-20c0-4036-ad45-438f2d427b98,819887430,38,pap_1302,,cni,111278389,parcelle_agricole,0,1,0,0,0,0,,oui,364,,,1784796782082.jpg,https://kf.kobotoolbox.org/api/v2/assets/anTGkBsJzTReb96GWVGu7k/data/819887430/attachments/att6UfY6ohWJPqAPkzB7f27D/
1f079ae7-5a87-40d1-be6f-a6e330354ba4,819890264,39,pap_1307,,cni,118348780,parcelle_agricole,0,1,0,0,0,0,,oui,369,,,1784806405623.jpg,https://kf.kobotoolbox.org/api/v2/assets/anTGkBsJzTReb96GWVGu7k/data/819890264/attachments/attkPpFoMJiCoHTZYcsNFWas/
f54e85d2-752f-4294-8f5e-e15126d5a9ff,819890569,40,pap_1336,,cni,118348780,parcelle_agricole,0,1,0,0,0,0,,oui,398,,,1784807153099.jpg,https://kf.kobotoolbox.org/api/v2/assets/anTGkBsJzTReb96GWVGu7k/data/819890569/attachments/attLHZY5UkCErrWEHa5KAwFk/
0d1909c6-4409-4eaf-b119-57f32d82084c,819891760,41,pap_1351,,cni,116929472,parcelle_agricole,0,1,0,0,0,0,,oui,413,,,1784814078436.jpg,https://kf.kobotoolbox.org/api/v2/assets/anTGkBsJzTReb96GWVGu7k/data/819891760/attachments/atteQhEPeNRqFdYx8Gjasuyk/
7f54a4a3-bcdf-4267-b3dd-4bb8d89551b6,819891840,42,pap_1309,,cni,110608978,parcelle_agricole,0,1,0,0,0,0,,oui,371,,,,
4b6d49e7-989d-4d0a-bd12-6fcce4d1d431,819895248,43,pap_1313,,cni,117308830,parcelle_agricole,0,1,0,0,0,0,,oui,375,,,1784813925716.jpg,https://kf.kobotoolbox.org/api/v2/assets/anTGkBsJzTReb96GWVGu7k/data/819895248/attachments/attv8Mo88uMumyHzq5cmUreD/
3978de0b-7a42-41e2-ac30-ad9947edce4e,819895823,44,pap_1325,,cni,1112788456,parcelle_agricole,0,1,0,0,0,0,,oui,387,,Aucune ,1784806601284.jpg,https://kf.kobotoolbox.org/api/v2/assets/anTGkBsJzTReb96GWVGu7k/data/819895823/attachments/attqjFNmrWwYQqaeHxAWKssq/
824f4aab-a9fb-4f2f-8e15-422e52c5078b,819896059,45,pap_1310,,cni,101105489,parcelle_agricole,0,1,0,0,0,0,,oui,372,,"PAP décédé  , changement de bénéficiaire ",1784815956200.jpg,https://kf.kobotoolbox.org/api/v2/assets/anTGkBsJzTReb96GWVGu7k/data/819896059/attachments/attpX6kcSYmoUmb7QwY3yEXV/
cb3c1cbb-0a51-4b71-bcbc-a9eec3576e84,819897978,46,pap_1323,,cni,101341754,parcelle_construite,0,0,1,0,0,0,,oui,385,,,1784823405077.jpg,https://kf.kobotoolbox.org/api/v2/assets/anTGkBsJzTReb96GWVGu7k/data/819897978/attachments/attSZgDuJZibtwJP27jUzF8T/
4b08f75b-3673-49d1-86d3-f31899613fd7,819923549,47,pap_1341,,cni,111274595,parcelle_agricole,0,1,0,0,0,0,,oui,403,,PAP recensée pour toutes les cultures partant du caveau familial,,
aa862bc0-8fd3-487f-831f-1b16328f71dc,820782673,48,pap_1292,,cni,111278480,parcelle_agricole parcelle_construite,0,1,1,0,0,0,,oui,354,,"CM décédé et nécessité de requête des ayants droit qui étaient absents lors de la vérification dont 01 veuve malade et 04 garçons 

NB: toutes les bâtisses sont à présent hors emprise et donc non impactées 
",,
7295a81c-039a-4754-9ebc-aebfce802828,820782820,49,pap_1290,,cni,102738981,parcelle_agricole,0,1,0,0,0,0,,oui,352,,"PAP présente dans le décret uniquement culture. Bâtisse impactée actuellement de superficie 58,466m2dont longueur 8,20 m, largeur 7,13m. Sol crépi, mur crépi/ maçonné, toiture tôles ",1784901968681.jpg,https://kf.kobotoolbox.org/api/v2/assets/anTGkBsJzTReb96GWVGu7k/data/820782820/attachments/attqmbbMpDgdgCTiVv7uV4w3/
4f7b5c2b-59d5-4fbe-a021-15a1db9e44f3,820782968,50,pap_1303,,cni,CE75419I5IPFEHC0CPE3,parcelle_agricole,0,1,0,0,0,0,,oui,365,,Changement de bénéficiaire  pour MBOZO´O  OWONO ROGERS,1784893996190.jpg,https://kf.kobotoolbox.org/api/v2/assets/anTGkBsJzTReb96GWVGu7k/data/820782968/attachments/attUP93SBfbpcBoXdycGF8D3/
59bf90fd-3e9c-4783-b160-b354b6ff19b2,820783329,51,pap_1328,,cni,116654846,parcelle_agricole,0,1,0,0,0,0,,oui,390,,Bâtiment hors emprise dans le nouveau  tracé ,1784894906929.jpg,https://kf.kobotoolbox.org/api/v2/assets/anTGkBsJzTReb96GWVGu7k/data/820783329/attachments/att26GzM64PokHUkrhJZnh4J/
6aa9e9f5-4836-4d5c-aa50-fdd09e4d9ddb,820783716,52,pap_1350,,cni,112407127,parcelle_construite,0,0,1,0,0,0,,oui,412,412,Le bâtiment n´est plus impacté  par le nouveau  tracé,1784895357843.jpg,https://kf.kobotoolbox.org/api/v2/assets/anTGkBsJzTReb96GWVGu7k/data/820783716/attachments/attpMA5XxaPv3LV2iSZ9ZRvE/
bd9120bb-c075-423a-8708-187a75817d3c,820784196,53,pap_1306,,cni,111278405,parcelle_agricole,0,1,0,0,0,0,,oui,368,,,1784887449864.jpg,https://kf.kobotoolbox.org/api/v2/assets/anTGkBsJzTReb96GWVGu7k/data/820784196/attachments/attegWfx9zZ8N7NrQeV6mDNC/
4652ddc9-b03b-4595-aedb-5d00483b0823,820785830,54,pap_1329,,cni,117953045,parcelle_agricole parcelle_construite,0,1,1,0,0,0,,oui,391,,Changement pour Mme MBO MBO FÉLICITÉ  NÉE BISSO,,
43ddbbe0-b8a3-4f1e-a5e6-e282678196fa,820786305,55,pap_1354,,cni,100553434,parcelle_agricole parcelle_construite,0,1,1,0,0,0,,oui,416,,,1784893454996.jpg,https://kf.kobotoolbox.org/api/v2/assets/anTGkBsJzTReb96GWVGu7k/data/820786305/attachments/attDn6EMribS36EiTA2UuCRP/
1784b277-f97a-4068-b59d-6e7b305a56b0,820786735,56,pap_1295,,cni,SU17512I5J060POMZCR0,parcelle_agricole parcelle_construite,0,1,1,0,0,0,,oui,357,,,,
a3d5a9a3-9e00-40ab-9f83-be66359f6e00,820794047,57,pap_1352,,cni,115500282,parcelle_agricole,0,1,0,0,0,0,,oui,414,,,1784888664514.jpg,https://kf.kobotoolbox.org/api/v2/assets/anTGkBsJzTReb96GWVGu7k/data/820794047/attachments/attVKHuV3HSE6fTXwZYkmo6W/
e5159caf-1cce-4830-8626-2999f4220c34,820794453,58,pap_1339,,cni,111278404,parcelle_agricole parcelle_construite,0,1,1,0,0,0,,oui,401,,Les batiments ne sont plus affectés. La signature et la photo sont celle de son epouse,1784895973403.jpg,https://kf.kobotoolbox.org/api/v2/assets/anTGkBsJzTReb96GWVGu7k/data/820794453/attachments/attzHBLMViT3NZ6RfPzHrTWD/
c32b919c-45a2-4918-a9fe-e9264538ae9d,820794527,59,pap_1300,,cni,100101159,parcelle_agricole parcelle_construite,0,1,1,0,0,0,,oui,361,,,1784900122336.jpg,https://kf.kobotoolbox.org/api/v2/assets/anTGkBsJzTReb96GWVGu7k/data/820794527/attachments/attX54G6ahuCacQWoDkfT8Yo/
fcc08bd8-aff7-410a-bc2e-43cd74eba3f2,820794602,60,pap_1299,,cni,100101159,parcelle_agricole parcelle_construite,0,1,1,0,0,0,,oui,361,,,1784901032392.jpg,https://kf.kobotoolbox.org/api/v2/assets/anTGkBsJzTReb96GWVGu7k/data/820794602/attachments/attDk8HYG7tzEsriAZ8y7wNq/
d70d2e67-36af-4ccb-98e2-e4838b91a9b5,820795714,61,pap_1289,,cni,16154847,parcelle_agricole,0,1,0,0,0,0,,oui,351,,Requete en cours pour changé le beneficiare,1784902644361.jpg,https://kf.kobotoolbox.org/api/v2/assets/anTGkBsJzTReb96GWVGu7k/data/820795714/attachments/attJhdfX8L6oHLVvWK2F5gJv/
7e4f3a50-dafa-4d4b-9678-e8f8bca7354f,820868434,62,pap_1317,,cni,000327359,parcelle_construite autre,0,0,1,0,1,0,9 tombes dont 1 aménagée et 8 non aménagées,oui,379,,"Présence d'une implantation de bâti de 84 mètres carrés, de 9 tombes dont 8 non aménagées et 1 aménagée. Tous ces biens doivent être pris en compte.",1784796867416.jpg,https://kf.kobotoolbox.org/api/v2/assets/anTGkBsJzTReb96GWVGu7k/data/820868434/attachments/attoEpBLtkXV4pX7mdxZXxF5/
67879f35-bb26-4a30-bdb6-7c8afe82f1ba,820870060,63,pap_1335,,cni,100640527,parcelle_construite,0,0,1,0,0,0,,oui,397,,"Construction hors de l'emprise, cependant plusieurs cultures adultes demeurent dans cette emprise : 
6 palmiers locaux adultes et productifs ; 7 manguiers dont 6 adulte et productif, 1 jeune non productif ; 5 goyaviers adultes et productifs ; 40 tiges adultes de Ndolè.",1784816708248.jpg,https://kf.kobotoolbox.org/api/v2/assets/anTGkBsJzTReb96GWVGu7k/data/820870060/attachments/attHqCiGVW7sstoqHxoES5XB/
942f5974-9708-4d37-bfe6-119b190e915e,820870194,64,pap_1332,,cni,100641720,parcelle_construite autre,0,0,1,0,1,0,Cultures ,oui,394,,,1784887513255.jpg,https://kf.kobotoolbox.org/api/v2/assets/anTGkBsJzTReb96GWVGu7k/data/820870194/attachments/attHUykWgWWtdsdaaFG7ZWzX/
3f950ef0-c16c-4cee-8617-15385222a53b,820870367,65,pap_1305,,cni,SU14509I5J788B1MVOT4,parcelle_construite,0,0,1,0,0,0,,oui,367,,,1784887944806.jpg,https://kf.kobotoolbox.org/api/v2/assets/anTGkBsJzTReb96GWVGu7k/data/820870367/attachments/att4DTTre9RkbdzefzJyMJ38/
f1d8d72d-d244-4540-8d6b-74e1a18f8732,820870960,66,pap_1311,,cni,111278414,parcelle_construite parcelle_agricole,0,1,1,0,0,0,,oui,373,,Prendre en compte la parcelle de cultures (en monoculture de manioc) impactée sur 790 mètres carrés ,1784896115416.jpg,https://kf.kobotoolbox.org/api/v2/assets/anTGkBsJzTReb96GWVGu7k/data/820870960/attachments/attKCTCZbYhxh6myqA3X9LvR/
e682f538-dea9-46ff-a4b7-7bd2662c4ff0,820871106,67,pap_1293,,cni,100386169,parcelle_construite,0,0,1,0,0,0,,oui,355,,En déplacement mais représenté par son frère aîné ELEMVA Paul,1784899032697.jpg,https://kf.kobotoolbox.org/api/v2/assets/anTGkBsJzTReb96GWVGu7k/data/820871106/attachments/attnGnq2BAgRQWevWwKmCfSA/
49fb2392-67f2-484e-9b4a-b4623f3a704e,820871236,68,pap_1297,,cni,111278474,parcelle_construite,0,0,1,0,0,0,,oui,359,,,1784899526547.jpg,https://kf.kobotoolbox.org/api/v2/assets/anTGkBsJzTReb96GWVGu7k/data/820871236/attachments/attupnWgV2yUR2E3WAQpfS77/
c4dc4b61-6246-4d9e-b49f-d0e003dff617,824039431,69,pap_0720,,cni,112407135,parcelle_construite,0,0,1,0,0,0,,oui,721,,Les batis sont actuellement hors du tracé,1785247274506.jpg,https://kf.kobotoolbox.org/api/v2/assets/anTGkBsJzTReb96GWVGu7k/data/824039431/attachments/att8hpy5TgqohruepiqNkFdP/
4520d3bb-e667-4c7b-ae38-3877215e1491,824039575,70,pap_0670,,cni,SU01097L5LT5ONPL1315,parcelle_agricole parcelle_construite,0,1,1,0,0,0,,oui,671,,,,
77161a3e-3387-40e9-9a31-19351d056db4,824039768,71,pap_0672,,cni,117174110,parcelle_construite,0,0,1,0,0,0,,oui,673,,Actuellement hors de l'emprise,1785250235343.jpg,https://kf.kobotoolbox.org/api/v2/assets/anTGkBsJzTReb96GWVGu7k/data/824039768/attachments/att6ZYGDkYVdNJLrTK82wZeD/
58a65425-7335-4244-9bc6-ebb311af4b62,824040003,72,pap_0656,,cni,100376829,parcelle_construite parcelle_agricole,0,1,1,0,0,0,,oui,557,,,1785252881947.jpg,https://kf.kobotoolbox.org/api/v2/assets/anTGkBsJzTReb96GWVGu7k/data/824040003/attachments/attrq4wMubDyndcCabDiAByX/
c5ceff5a-e589-4e5e-b721-b1c5c2054596,824041227,73,pap_0701,,cni,112704840,parcelle_agricole parcelle_construite,0,1,1,0,0,0,,oui,702,,,1785246853795.jpg,https://kf.kobotoolbox.org/api/v2/assets/anTGkBsJzTReb96GWVGu7k/data/824041227/attachments/atthNcZNcKe9tKnGtuSTntWn/
086cc469-9c4e-47e3-9a63-422088d39215,824041362,74,pap_0673,,cni,117174110,parcelle_agricole,0,1,0,0,0,0,,oui,674,,,1785249819113.jpg,https://kf.kobotoolbox.org/api/v2/assets/anTGkBsJzTReb96GWVGu7k/data/824041362/attachments/attgDs88bPE3eURGhJvU8ujN/
06ac3390-0cc8-4fff-abe1-de72c17b057d,824043636,75,pap_0719,,cni,101698274,parcelle_agricole,0,1,0,0,0,0,,oui,720,,,,
cc38834d-24fd-4d15-8de1-19c08e0cf31c,824044673,76,pap_0658,,cni,115501874,parcelle_construite parcelle_agricole,0,1,1,0,0,0,,oui,659,,,1785248602931.jpg,https://kf.kobotoolbox.org/api/v2/assets/anTGkBsJzTReb96GWVGu7k/data/824044673/attachments/attmH2xsJhrGxMkTpKzj9wzN/
961ad90e-10cf-47cd-8a2f-5bc4c31a16e4,824046008,77,pap_0678,,cni,115161185,parcelle_non_batie,1,0,0,0,0,0,,oui,679,,PAP absente représentée par sa grande sœur MENGUE ELLA OBAM OBAM ,1785254877456.jpg,https://kf.kobotoolbox.org/api/v2/assets/anTGkBsJzTReb96GWVGu7k/data/824046008/attachments/attp9Rfc8q3tky5ZoT2NiLBv/
3edd818e-fcbc-4189-993a-c277d47fef65,824056791,78,pap_0676,,cni,117174265,parcelle_agricole,0,1,0,0,0,0,,oui,677,,,,
7ddb2914-42ad-4ff1-a69f-1d5e1d981a8b,824057522,79,pap_0674,,cni,110003505,parcelle_agricole,0,1,0,0,0,0,,oui,675,,PAP représentée par son épouse Mme ZEH Charlotte Epse OTYA'A Zilly,1785253554415.jpg,https://kf.kobotoolbox.org/api/v2/assets/anTGkBsJzTReb96GWVGu7k/data/824057522/attachments/attFDW4eWcMyjCaveLbLdX5g/
3af5d506-1d93-46ed-b020-527f18f229fb,825263632,80,pap_0671,,cni,109872055,parcelle_agricole,0,1,0,0,0,0,,oui,672,,,,
f6fbd6d7-ddc5-4638-b891-d0c118ab5ce1,825263709,81,pap_0677,,cni,115519334,parcelle_agricole,0,1,0,0,0,0,,oui,678,,La photo et signature  sont celles de sont fils. ,1785318100851.jpg,https://kf.kobotoolbox.org/api/v2/assets/anTGkBsJzTReb96GWVGu7k/data/825263709/attachments/attSV4uRGKUzErbVAtQhCybG/
b78475f2-b713-48fa-bb19-a199300fe0f2,825264252,82,pap_0677,,cni,115519334,parcelle_agricole autre,0,1,0,0,1,0,Tombes,oui,678,,Requête en cour pour une tombe bien aménagé ,1785319313259.jpg,https://kf.kobotoolbox.org/api/v2/assets/anTGkBsJzTReb96GWVGu7k/data/825264252/attachments/atttugrc8aK4jgidmJnqLDjb/
454fe2b4-6bc5-4708-960b-97bab3cd9583,825264694,83,pap_1342,,cni,AA12873394,parcelle_construite,0,0,1,0,0,0,,oui,404,,La villa principale est impactée mais n'a pas été intégrée au départ dans les etudes,1785314884295.jpg,https://kf.kobotoolbox.org/api/v2/assets/anTGkBsJzTReb96GWVGu7k/data/825264694/attachments/attMWiwyM8W6qsjPyLmktYFx/
f5cab6c2-75ff-4736-b9bd-11a4ddfea32f,825264863,84,pap_0665,,cni,117247991,parcelle_construite,0,0,1,0,0,0,,oui,666,,PAP  présent dans le décret  mais son bâtit n'est plus impacté ,1785324484018.jpg,https://kf.kobotoolbox.org/api/v2/assets/anTGkBsJzTReb96GWVGu7k/data/825264863/attachments/att52maEY2tJs8JK7skTEENA/
1e02e082-d4ec-4e47-8ae6-08c5a2517903,825265027,85,pap_0662,,cni,500060917,parcelle_agricole parcelle_construite autre,0,1,1,0,1,0,Tombes (3),oui,663,,,1785318857188.jpg,https://kf.kobotoolbox.org/api/v2/assets/anTGkBsJzTReb96GWVGu7k/data/825265027/attachments/attzbxe9jrKdY494pojEUWWU/
5d885a6f-5085-4875-a913-ee73d7e54b87,825265360,86,pap_0655,,cni,SU01097I5IT6PFEJRZM5,parcelle_agricole,0,1,0,0,0,0,,oui,656,,Les cultures ont laissé place à un vaste enclos de protection d'un cheptel bovin ,1785322220794.jpg,https://kf.kobotoolbox.org/api/v2/assets/anTGkBsJzTReb96GWVGu7k/data/825265360/attachments/attryBk62NTa3xhhFDhD8voX/
03aac5f0-7408-45a8-833b-e70403ec1304,825265981,87,pap_0659,,cni,100907884,parcelle_agricole,0,1,0,0,0,0,,oui,660,,,1785319149144.jpg,https://kf.kobotoolbox.org/api/v2/assets/anTGkBsJzTReb96GWVGu7k/data/825265981/attachments/attZwra9MP5EoG7MnrJErgFH/
5ececd26-bd3e-426e-aaea-70ba5a767fa2,825266589,88,pap_0883,,cni,116750824,parcelle_construite hors_zone_influence,0,0,1,0,0,1,,oui,885,,Décès du bénéficiaire et le bâtiment est désormais hors de l'emprise,,
aaf9834b-a76f-4dd9-a17c-9c98584966ce,825267035,89,pap_0657,,cni,101341144,parcelle_construite,0,0,1,0,0,0,,oui,658,,L'infrastructure est hors de l'emprise ,1785325155890.jpg,https://kf.kobotoolbox.org/api/v2/assets/anTGkBsJzTReb96GWVGu7k/data/825267035/attachments/attE9ifrXBYUihgX22XtNXrn/
cd1f194a-9bf4-4e78-a969-21051647598f,825267385,90,pap_0668,,cni,100238205,parcelle_agricole,0,1,0,0,0,0,,oui,669,,,,
333b443e-3283-46d6-8525-abefb72d0c4b,825267426,91,pap_0878,,cni,AB03845472,parcelle_construite autre,0,0,1,0,1,0,Cultures ,oui,880,,Le bâtis est hors de l'emprise,1785328310198.jpg,https://kf.kobotoolbox.org/api/v2/assets/anTGkBsJzTReb96GWVGu7k/data/825267426/attachments/attdDgcwAoe2qVNmEVh6YpAN/
5e8f3dfa-4b43-4cb8-abcb-9a8c172fbe38,825267435,92,pap_0661,,cni,118016988,parcelle_agricole,0,1,0,0,0,0,,oui,662,,,1785320846225.jpg,https://kf.kobotoolbox.org/api/v2/assets/anTGkBsJzTReb96GWVGu7k/data/825267435/attachments/att2nmZreCMdGK4SyskMusxq/
5dc97afb-87cc-4b75-ae96-7cea9f0e3333,825267484,93,pap_0664,,cni,109360746,parcelle_agricole,0,1,0,0,0,0,,oui,665,,"Le batiment n'est plus impacter mais Les cultures sont dans l'emprise du tracé. Pour Les cultures; nous avons
- Deux Manguiers( adultes)
- 44 pieds de canne a sucre
-1 orangier( jeune)
-10 bananier ( 4 jeunes)
-2 Goyavier( adultes)
-2 Corosolier ( jeune)
-21 pieds d'ananas

Tous ces cultures sont impactés
- ",1785322535781.jpg,https://kf.kobotoolbox.org/api/v2/assets/anTGkBsJzTReb96GWVGu7k/data/825267484/attachments/attDyrt7SiAhM6RLWnqreS7w/
49be4930-4097-4155-8cf2-34d6042f5c5b,825267541,94,pap_0669,,cni,SU01097L5J08BQA8SEZF5,parcelle_agricole parcelle_construite,0,1,1,0,0,0,,oui,670,,"En dehors Des cultures, la batis ( boutique) est maintenan touché. 
Longueur: 6.80
Largeur: 3.
Superficie: 20.4 metres quaré
Sol : Banco
Mur: Planche
Tôle: Tôle
État de la boutique: Moyen
Boutique",1785324702704.jpg,https://kf.kobotoolbox.org/api/v2/assets/anTGkBsJzTReb96GWVGu7k/data/825267541/attachments/attxkpw8b4oxvjnwjcpMDAvW/
2807363b-87ca-4cae-8c2c-4bddc3be2b6a,825267618,95,pap_0879,,cni,116918156 (AA11307730),parcelle_agricole parcelle_construite,0,1,1,0,0,0,,oui,881,,,1785327963379.jpg,https://kf.kobotoolbox.org/api/v2/assets/anTGkBsJzTReb96GWVGu7k/data/825267618/attachments/attWGv4ZMU94Jw2zNqFD6cGi/
88dd984a-6377-4cc1-8b86-b78bde6c6815,825267740,96,pap_0880,,cni,101996787,parcelle_agricole,0,1,0,0,0,0,,oui,882,,Le nom c'est Avolo et non Ayolo,1785328576475.jpg,https://kf.kobotoolbox.org/api/v2/assets/anTGkBsJzTReb96GWVGu7k/data/825267740/attachments/attM627UPPMFQnH3xYNMvyiZ/
6ff3834f-e6aa-462f-8a6b-064d96849211,825267881,97,pap_0891,,cni,117974821,parcelle_construite,0,0,1,0,0,0,,oui,893,,,1785329300098.jpg,https://kf.kobotoolbox.org/api/v2/assets/anTGkBsJzTReb96GWVGu7k/data/825267881/attachments/attuyV2HG3dnk7oZAEWxwojU/
b54419ca-a417-4a8a-bf04-85f41b51a280,825268091,98,pap_0876,,cni,114753867,parcelle_agricole,0,1,0,0,0,0,,oui,878,,,1785331452823.jpg,https://kf.kobotoolbox.org/api/v2/assets/anTGkBsJzTReb96GWVGu7k/data/825268091/attachments/attYkziaqhok2okMhQKx27dz/
07cbf480-2c59-4e5a-a948-e9af96a0e156,825268802,99,pap_0886,,cni,113199847,parcelle_construite autre,0,0,1,0,1,0,Cultures ,oui,888,,"Bâtis de l'emprise, cependant plusieurs cultures impactées notamment : 1 avocatier ; 2 manguiers ; 2 palmiers ; 1 lindron ; 1 cocotier ; une parcelle de 215,35 mettres carrés de maniocs.",1785330139666.jpg,https://kf.kobotoolbox.org/api/v2/assets/anTGkBsJzTReb96GWVGu7k/data/825268802/attachments/attZ6kV9k4SXGAG96CoQx27C/
a99ccfd8-5952-404d-9c18-714763e7acdc,825269117,100,pap_0898,,cni,117814655,parcelle_agricole,0,1,0,0,0,0,,oui,900,,,1785336509383.jpg,https://kf.kobotoolbox.org/api/v2/assets/anTGkBsJzTReb96GWVGu7k/data/825269117/attachments/attooLeJcpUaYB7JTsBkBRUf/
575e9b48-aef6-4505-8bf5-ac35e5ec2f3b,825270081,101,pap_0828,,cni,106506876,parcelle_agricole,0,1,0,0,0,0,,oui,829,,,1785337863128.jpg,https://kf.kobotoolbox.org/api/v2/assets/anTGkBsJzTReb96GWVGu7k/data/825270081/attachments/attJyfntUAdrpCMRFM4CGo2m/
08ed0ee9-8d74-4e9b-bc9d-14fbcd014e21,825271225,102,pap_0877,,cni,SU01232L5LZZYZ8OBAP4,parcelle_agricole,0,1,0,0,0,0,,oui,879,,,1785331335664.jpg,https://kf.kobotoolbox.org/api/v2/assets/anTGkBsJzTReb96GWVGu7k/data/825271225/attachments/attyGbDSwWtD4DLp5qyUKmVE/
a7260d0e-6add-4893-9f1a-23734b05d5e0,825271598,103,pap_0829,,cni,117342774,parcelle_agricole,0,1,0,0,0,0,,oui,830,,Requête en cours.  Changement de bénéficiaire de Mintya séraphine à Mintya Félix,,
f1e53ab1-f8f3-4dec-826f-5ddb9e0608c6,825271662,104,pap_0888,,cni,104838645,parcelle_agricole parcelle_construite,0,1,1,0,0,0,,oui,890,,,1785333543459.jpg,https://kf.kobotoolbox.org/api/v2/assets/anTGkBsJzTReb96GWVGu7k/data/825271662/attachments/attcNZKV7nTyaSkgvdzZoWVU/
92bf7314-f712-4075-a659-62ad7b88c6ab,825272261,105,pap_0885,,cni,000827328,parcelle_construite,0,0,1,0,0,0,,oui,887,,"Bâtis hors de l'emprise, cependant, plusieurs cultures impactées : 12 plantains en áge de production avec 8 petits ; 7 palmiers locaux en âge de production ",1785334785885.jpg,https://kf.kobotoolbox.org/api/v2/assets/anTGkBsJzTReb96GWVGu7k/data/825272261/attachments/attaesNmtTjgAQWncVAjp9z8/
0b234add-fcd8-4d25-a121-5ef4a6c37fae,825273278,106,pap_0875,,cni,115006706,autre parcelle_construite,0,0,1,0,1,0,Cultures,oui,877,,"L'habitation est impactée. Elle respecte les dimensions suivantes :
Longueur = 10,87m 
Largeur = 5,23m
Surface = 56,85 mètres carrés ",1785335765248.jpg,https://kf.kobotoolbox.org/api/v2/assets/anTGkBsJzTReb96GWVGu7k/data/825273278/attachments/attFXvUx6grtB6MnYEpcqxaZ/
67d7a32c-f57f-4748-9e3a-cac4c9d9cf00,825273864,107,pap_0818,,cni,113201865,parcelle_construite parcelle_agricole,0,1,1,0,0,0,,oui,819,,3 des 5 bâtis sont hors de l'emprise ,1785338202424.jpg,https://kf.kobotoolbox.org/api/v2/assets/anTGkBsJzTReb96GWVGu7k/data/825273864/attachments/attqJk6pDA7MLeRBjucZq6PJ/
fa58d6af-07e5-40d0-94f3-c82a68949dfe,825274654,108,pap_0814,,cni,,parcelle_construite,0,0,1,0,0,0,,oui,815,,"Le Rev ZUE a été affecté ailleurs il ya quelques temps, le nouveau devra entreprendre des démarches pour faire valoir ce que de droit. Cependant, le bâtis de l'église est hors de l'emprise, et l'on recence des cultures :
15 plantains ; 1 palmier ; 2 avocatiers et 2 pruniers",1785340525885.jpg,https://kf.kobotoolbox.org/api/v2/assets/anTGkBsJzTReb96GWVGu7k/data/825274654/attachments/attKMACnEZjrfftvNjjVtRAY/
696d4906-91de-47e7-8244-3e8e83462a5d,825275568,109,pap_0882,,cni,SU01097L5JO5LCDPVTY5,autre,0,0,0,0,1,0,Plantain et Cocotier ,oui,884,,"Les mises en valeur mentionnées sont hors emprise.
NMEV: 2 Palmiers, 2 cocotiers",1785334690478.jpg,https://kf.kobotoolbox.org/api/v2/assets/anTGkBsJzTReb96GWVGu7k/data/825275568/attachments/attFGrjiXXM3nG3sD46VqgqP/
e1f3a75a-1419-4be6-b00f-5e49cbede58c,825281226,110,pap_0817,,cni,100884703,parcelle_agricole,0,1,0,0,0,0,,oui,818,,,1785339266661.jpg,https://kf.kobotoolbox.org/api/v2/assets/anTGkBsJzTReb96GWVGu7k/data/825281226/attachments/attDiorYe6MKiDjxjDxq3hiY/
6ca39647-ea55-437c-b21a-e27157ed232f,829209438,111,pap_0884,,cni,112628505,parcelle_construite,0,0,1,0,0,0,,oui,886,,,1785405647456.jpg,https://kf.kobotoolbox.org/api/v2/assets/anTGkBsJzTReb96GWVGu7k/data/829209438/attachments/attfuZTausFtRfyaQeQAqmeU/
3f56fe5b-e4f6-44d8-9e69-c29dab0a506e,829210142,112,pap_0839,,cni,113867799,parcelle_agricole,0,1,0,0,0,0,,oui,840,,,1785751834552.jpg,https://kf.kobotoolbox.org/api/v2/assets/anTGkBsJzTReb96GWVGu7k/data/829210142/attachments/attpwg55y3BrFAFQCxqLdiC6/
9cfb24a6-73f0-4a4f-8740-91aeb6d14412,830150260,113,pap_1278,,cni,116918027,parcelle_agricole,0,1,0,0,0,0,,oui,340,,PAP décédé et requête en cours ,1785834051950.jpg,https://kf.kobotoolbox.org/api/v2/assets/anTGkBsJzTReb96GWVGu7k/data/830150260/attachments/attS8DRedZZaKL8PSGiUHzqC/
618f8505-429f-4cf1-9380-d13ecd94a973,830150485,114,pap_1251,,cni,115365757,parcelle_agricole,0,1,0,0,0,0,,oui,313,,,1785835594970.jpg,https://kf.kobotoolbox.org/api/v2/assets/anTGkBsJzTReb96GWVGu7k/data/830150485/attachments/attPrpyUrckQfLFGBLfMATqh/
66796486-3eff-4daa-9b0e-e08af8b54adf,830162636,115,pap_1280,,cni,SU01097I5I0660SW2HR5,parcelle_construite parcelle_agricole,0,1,1,0,0,0,,oui,342,,Décès du beneficiare et requete en cours pour changement de nom pour Nkili Justine,1785829893279.jpg,https://kf.kobotoolbox.org/api/v2/assets/anTGkBsJzTReb96GWVGu7k/data/830162636/attachments/attbHsJtztWFQCMLH43PBfsH/
ecbf90eb-31ef-4e5a-b5f9-5b5e186e55a6,830162966,116,pap_1268,,cni,76711,parcelle_agricole parcelle_construite hors_zone_influence,0,1,1,0,0,1,,oui,330,,Le batis est desormais hors de l'emprise,1785833196280.jpg,https://kf.kobotoolbox.org/api/v2/assets/anTGkBsJzTReb96GWVGu7k/data/830162966/attachments/attZWbJVJG4J3Fr7d5UcJJt4/
971942c2-08d5-4c92-9579-7eeeca70cb91,830163322,117,pap_1279,,cni,101079174,parcelle_construite,0,0,1,0,0,0,,oui,341,,,1785836610634.jpg,https://kf.kobotoolbox.org/api/v2/assets/anTGkBsJzTReb96GWVGu7k/data/830163322/attachments/atto97UxzWnzarYi6vDFeZkA/
6e18aad4-eee3-442d-869e-eb005bdea4be,830163482,118,pap_1271,,cni,106154569,parcelle_agricole,0,1,0,0,0,0,,oui,333,,,1785851003772.jpg,https://kf.kobotoolbox.org/api/v2/assets/anTGkBsJzTReb96GWVGu7k/data/830163482/attachments/att3gmRxFsPQcshUMN2FRSFA/
6eca4a10-caf2-44b0-893f-d707068daddf,830165384,119,pap_1265,,cni,11536599,parcelle_agricole parcelle_construite,0,1,1,0,0,0,,oui,327,,,1785838550538.jpg,https://kf.kobotoolbox.org/api/v2/assets/anTGkBsJzTReb96GWVGu7k/data/830165384/attachments/attwJ7iZoLouQ5UtfKxAa6zr/
ef62c055-4776-4790-99d8-e9a0a7768333,830166028,120,pap_1282,,cni,100376887,parcelle_agricole,0,1,0,0,0,0,,oui,344,,MINTYA Fabrice réclame la propriété des cultures car son ancienne concubine ref 344 ne vit plus avec lui ,1785842182664.jpg,https://kf.kobotoolbox.org/api/v2/assets/anTGkBsJzTReb96GWVGu7k/data/830166028/attachments/att9KSJcfwnpyi37cHrfoHeY/
e860fc3b-5b76-40d8-8e00-fec22643584b,830166725,121,pap_1256,,cni,SU031232I5IZZM3P65EU2,parcelle_agricole,0,1,0,0,0,0,,oui,318,,Bien à re évaluer si possible car changement d'emprise ,1785849570291.jpg,https://kf.kobotoolbox.org/api/v2/assets/anTGkBsJzTReb96GWVGu7k/data/830166725/attachments/attt7vqbpvcBLbrbLwwprCxn/
63d1d76a-877a-4061-8e78-3257768c4bcf,830195906,122,pap_1283,,cni,AA01187723,parcelle_construite autre,0,0,1,0,1,0,Cultures ,oui,345,,,1785830023478.jpg,https://kf.kobotoolbox.org/api/v2/assets/anTGkBsJzTReb96GWVGu7k/data/830195906/attachments/attmdofFhfAcnau6bMK7yYHY/
549f5480-7940-4c32-86f3-0756fb5829ab,830198873,123,pap_1262,,cni,104266885,parcelle_construite autre,0,0,1,0,1,0,"Cultures et 25 tombes non aménagées  kjjjk
Awwe",oui,324,,"La concession est entièrement impactée. Des requêtes ont été introduites à la mairie à l'effet de les prendre en compte. Concernant les bâtis, il s'agit de : 
La maison principale d'habitation (longueur 13,38, largeur 11,34, superficie 151,73 mètres carrés) ; d'une cuisine (longueur 7,44, largeur 6,10, superficie 45,38 mètres carrés); d'une toilette (longueur 1,50, largeur 1,40, superficie 2,1 mètres carrés).
La concession comptes également des tombes, celles-ci sont au nombre de 25 tombes, toutes ne n aménagées.
Le chef de famille est handicapé.",1785834814467.jpg,https://kf.kobotoolbox.org/api/v2/assets/anTGkBsJzTReb96GWVGu7k/data/830198873/attachments/attpBknR4ujwkHW46jvs2atR/
dc5e6842-df45-4ff7-8435-87b621051637,830201147,124,pap_1266,,cni,117308888,autre parcelle_construite,0,0,1,0,1,0,Cultures ,oui,328,,"Toutes la concession est impactée. La maison principale servant d'habitation (longueur 8,66 largeur 6,74 superficie 58,36 mètres carrés 
Et la cuisine (longueur 8,10 largeur 4,42 superficie,94,17)",1785836808198.jpg,https://kf.kobotoolbox.org/api/v2/assets/anTGkBsJzTReb96GWVGu7k/data/830201147/attachments/attw8KPDBgvniXVV8Nu3uNQU/
7cd5c8d6-0342-4a5e-8639-4493e163a1b9,830202760,125,pap_1250,,cni,110120101,parcelle_construite autre,0,0,1,0,1,0,Cultures,oui,312,,"La concession est impactée l. On recence la présence d'une boutique (longueur 8,75 largeur 8,49 superficie 74,28) ; une fondation bétonnée (longueur 10,39 largeur 9,9 superficie 175,98). 

Le chef de ménage est handicapé et se déplace à l'aide de béquilles.",1785837931019.jpg,https://kf.kobotoolbox.org/api/v2/assets/anTGkBsJzTReb96GWVGu7k/data/830202760/attachments/attoAB26QtcmmKWTYx22Kkh4/
da2b6558-726f-425d-a75d-d7b40c837f06,830205124,126,pap_1249,,cni,Kit512,autre,0,0,0,0,1,0,Cultures ,oui,311,,"Le chef de ménage décédé est remplacé de fait par son épouse qui s'identifie par l'acte de mariage N°2018/311001/M/0005 du 9 juin 2018, et en référence à l'acte de décès de l'épous N°2025/SU1001/0/011 du 30 mai 2025. La veuve devra entreprendre les démarches de requête à cet effet.",1785840459556.jpg,https://kf.kobotoolbox.org/api/v2/assets/anTGkBsJzTReb96GWVGu7k/data/830205124/attachments/att7dkB7vLA9VQKPeh3EuFmF/
b8797da6-eecc-4b67-9c53-988b450319c1,830260603,127,pap_1255,,cni,CE01338I5IWF1PED7J02,parcelle_agricole,0,1,0,0,0,0,,oui,317,,,1785829738475.jpg,https://kf.kobotoolbox.org/api/v2/assets/anTGkBsJzTReb96GWVGu7k/data/830260603/attachments/atttpH7QhohNTRrq4ss2esZp/
8a8d15d3-2ef7-473d-b76b-447afd1c8902,830261060,128,pap_1287,,cni,116825683,parcelle_construite autre,0,0,1,0,1,0,Cultures,oui,349,,"Prise en compte de d'une maison principal 
131,588 m² (Cimenté, definitif,tôle)+ une cuisine 19,6m² (BANCO, TOLE, SOL: BANCO, Etat: délabré)


",1785834417463.jpg,https://kf.kobotoolbox.org/api/v2/assets/anTGkBsJzTReb96GWVGu7k/data/830261060/attachments/attfrfEHN9Hr6aXXLD6JYvvT/
142831a7-7b56-4449-9322-a5cbe9080630,830283848,129,pap_1263,,cni,110120101,autre,0,0,0,0,1,0,Stèle temple EPC,oui,325,325,,1785837233125.jpg,https://kf.kobotoolbox.org/api/v2/assets/anTGkBsJzTReb96GWVGu7k/data/830283848/attachments/attnrMRssDBcrr4yFLZwwoab/
0036b14f-6b1c-475f-9693-638814fe5566,830285892,130,pap_1267,,cni,100230924,parcelle_construite,0,0,1,0,0,0,,oui,329,,Hors emprise,,
597a4898-a09f-4996-9bb5-e720b45f1b1c,830286405,131,pap_1284,,cni,111274508,parcelle_agricole,0,1,0,0,0,0,,oui,346,,LES MAISONS SONT HORS EMPRISE ,1785851277982.jpg,https://kf.kobotoolbox.org/api/v2/assets/anTGkBsJzTReb96GWVGu7k/data/830286405/attachments/atthDTRTK5eGRfMAXTAuVg6i/
b2af6001-673b-44f0-95f6-6c3e1d6f170f,830881143,132,pap_0841,,cni,000260248,parcelle_agricole,0,1,0,0,0,0,,oui,842,,,,
6de8741e-4b85-416c-9528-166d37e13a07,830887727,133,pap_1258,,cni,11278442,parcelle_construite parcelle_agricole,0,1,1,0,0,0,,oui,320,,PAP décédé  requête  en cours .,1785832210141.jpg,https://kf.kobotoolbox.org/api/v2/assets/anTGkBsJzTReb96GWVGu7k/data/830887727/attachments/attWri4hgoyuXwyJnAySx9cE/
699ab15f-1fbb-449b-a14c-0aa2ca942fbe,830888285,134,pap_1259,,cni,SU03068I5IPGMMPLM8B32,parcelle_construite parcelle_agricole,0,1,1,0,0,0,,oui,321,,,1785834998332.jpg,https://kf.kobotoolbox.org/api/v2/assets/anTGkBsJzTReb96GWVGu7k/data/830888285/attachments/attL9eDACnwkWv7qLUeacYWr/
3c1a90de-3bb6-4cbb-9759-7054ae6db3da,830893808,135,pap_1286,,cni,116924619,parcelle_agricole,0,1,0,0,0,0,,oui,348,,,1785841459432.jpg,https://kf.kobotoolbox.org/api/v2/assets/anTGkBsJzTReb96GWVGu7k/data/830893808/attachments/attJrywGeZG4T38q9SWeoMKk/
ae032f13-ce1e-4968-94ef-6bc68f79c244,830895971,136,pap_1261,,cni,SU03285I5IPJNOJLE30,parcelle_agricole parcelle_construite,0,1,1,0,0,0,,oui,323,,Le bâtit n´est plus présent  dans l´emprise,1785838749279.jpg,https://kf.kobotoolbox.org/api/v2/assets/anTGkBsJzTReb96GWVGu7k/data/830895971/attachments/att7EASwDgS8bBAsmN46uLv2/
cbf4a7d7-a009-4f94-ae92-224349326d0e,832382227,137,pap_1285,,cni,115365841,autre,0,0,0,0,1,0,,oui,347,,,1785945357550.jpg,https://kf.kobotoolbox.org/api/v2/assets/anTGkBsJzTReb96GWVGu7k/data/832382227/attachments/attghhXywbsW3bzpaV7e5YfG/
b528cdf2-45cd-4df0-9496-bb236d135975,832393078,138,pap_1276,,cni,112550638,parcelle_construite autre,0,0,1,0,1,0,Cultures,oui,338,,"Changement de bénéficiaire.
NSOM EMANE ETIENNE DENIS par NSOM ANDOM ÉTIENNE FABRICE ayant droit.
Nouvelle mise en valeur. 7 tombes aménagés lieu dit MEBANGA.",1786010696725.jpg,https://kf.kobotoolbox.org/api/v2/assets/anTGkBsJzTReb96GWVGu7k/data/832393078/attachments/attcFFBScugUSH7iZmUfaHu4/
b90edafd-4d4c-44e4-b878-a23eed36c15e,832396418,139,pap_1213,,cni,106154846,parcelle_agricole,0,1,0,0,0,0,,oui,275,,Les cultures de cette PAP sont hors de l'emprise ,1786023191509.jpg,https://kf.kobotoolbox.org/api/v2/assets/anTGkBsJzTReb96GWVGu7k/data/832396418/attachments/attrUno4p73yDTCpnw6RNW9M/
f8a2bef0-30a9-4db2-9a10-ce414dbec4d2,832462734,140,pap_1216,,cni,111274732,parcelle_agricole,0,1,0,0,0,0,,oui,278,,"Présence de 02 bâtisses tôlées, sol et mur en Banco légèrement maçonné de 72 m2 et de 21 m2 chacun ",1786022494723.jpg,https://kf.kobotoolbox.org/api/v2/assets/anTGkBsJzTReb96GWVGu7k/data/832462734/attachments/attrEbMxLocPUZx8ZKCnZa79/
7d0edf17-9eee-44b2-8541-5f13898e6979,832468380,141,pap_1277,,cni,SU01097I5IJ062ZTV12M3,parcelle_agricole,0,1,0,0,0,0,,oui,339,,KIT097. Présence de 02 tombes dont 01 aménagée ,1785945373660.jpg,https://kf.kobotoolbox.org/api/v2/assets/anTGkBsJzTReb96GWVGu7k/data/832468380/attachments/attDVKbqhEbvHvoMaYuEm5TC/
ac34debb-3f64-4737-b893-1d0204029957,833418812,142,pap_1270,,cni,105830253,parcelle_agricole,0,1,0,0,0,0,,oui,332,,,1785945402616.jpg,https://kf.kobotoolbox.org/api/v2/assets/anTGkBsJzTReb96GWVGu7k/data/833418812/attachments/attXXjXazFNxQYa7fcDRuc2e/
9a8aec8b-39db-4e4b-8ef2-a1c1c2481a9e,833418903,143,pap_1229,,cni,112346199,parcelle_construite parcelle_agricole,0,1,1,0,0,0,,oui,296,,Le batis n'est plus impacté,1786003613109.jpg,https://kf.kobotoolbox.org/api/v2/assets/anTGkBsJzTReb96GWVGu7k/data/833418903/attachments/att49woP7beesWNRctvFTEHx/
4df7a7d7-347b-4836-b9fc-0191238f52cd,833419347,144,pap_1233,,cni,116654581,parcelle_construite,0,0,1,0,0,0,,oui,295,,Decès du beneficiare,,
e029836f-f483-46e9-89d4-51e0ff5a854c,833420464,145,pap_1234,,cni,116654581//SU1751215J7DB4MRYQ66,parcelle_construite,0,0,1,0,0,0,,oui,296,,,1786087810933.jpg,https://kf.kobotoolbox.org/api/v2/assets/anTGkBsJzTReb96GWVGu7k/data/833420464/attachments/attkWj2KbvS4yxWAWGcyfy4D/
16945eaa-c533-4557-a5ba-f52018a5f196,833420606,146,pap_1231,,cni,105830405,hors_zone_influence parcelle_construite,0,0,1,0,0,1,,oui,293,,La batis n'est plus impacté,,
a9d18ac5-7c5f-4756-a23d-d9bbc324b930,833426656,147,pap_1273,,cni,111274558,parcelle_agricole,0,1,0,0,0,0,,oui,336,,,1785945597497.jpg,https://kf.kobotoolbox.org/api/v2/assets/anTGkBsJzTReb96GWVGu7k/data/833426656/attachments/att9yAC4Kky2smAnNTiZgbka/
9af4a384-d8b8-4e9a-a58d-f09f72459d47,833426974,148,pap_1248,,cni,100317025,parcelle_construite autre,0,0,1,0,1,0,Cultures ,oui,310,,"Les bâtiments non répertoriés au départ sont dans l'emprise. La maison principale (haut standing, mur maçonné, sol carreaux, toit en tôle longueur 14.70 largeur 11.10 superficie 163.17 mètres carrés) ; la cuisine (haut standing, mur maçonné, toit en tôle, sol cimenté, longueur 8.40 largeur 6.45 superficie 54.18 mètres carrés)",1786093836919.jpg,https://kf.kobotoolbox.org/api/v2/assets/anTGkBsJzTReb96GWVGu7k/data/833426974/attachments/attjZYbxrjyQ8KrwggDjXa8z/
1115f63a-96bf-43f4-8beb-0e7ab563c096,833427101,149,pap_1224,,cni,115366907,parcelle_construite autre,0,0,1,0,1,0,Cultures et tombes,oui,286,,"La maison de type standing modéré (en planche), est dans l'emprise. Elle fait : longueur 8.14 largeur 6.57 superficie 53.48 L'on note aussi la présence de 6 tombes dont 2 sont aménagées et 4 non aménagées.",1786097075886.jpg,https://kf.kobotoolbox.org/api/v2/assets/anTGkBsJzTReb96GWVGu7k/data/833427101/attachments/attLJEh7NWHVi85SbiwSLeY8/
a392e899-8cdb-4fe9-8432-309cdcc185e5,833427458,150,pap_1212,,cni,000409701,parcelle_agricole parcelle_construite,0,1,1,0,0,0,,oui,274,,Le bâtit n´est plus impacté ,1786012917230.jpg,https://kf.kobotoolbox.org/api/v2/assets/anTGkBsJzTReb96GWVGu7k/data/833427458/attachments/attYrUdwqnFJApsnV7bWALkP/
a1e51e49-400f-41be-b577-0b35f636ff50,833428347,151,pap_1226,,cni,1000379092,parcelle_agricole,0,1,0,0,0,0,,oui,288,,,1786020590174.jpg,https://kf.kobotoolbox.org/api/v2/assets/anTGkBsJzTReb96GWVGu7k/data/833428347/attachments/attciqKz7xubxmF3VBXPkDZL/
0126f6c6-9920-415c-be6d-3cafaa10d3e1,833431121,152,pap_1242,,cni,11176890,parcelle_construite,0,0,1,0,0,0,,oui,304,,,1786089730803.jpg,https://kf.kobotoolbox.org/api/v2/assets/anTGkBsJzTReb96GWVGu7k/data/833431121/attachments/attXHeEDToXK3xpnJ6La9hNF/
5be06736-30ad-4949-9996-54b66035b463,833432203,153,pap_1218,,cni,106154966,parcelle_agricole,0,1,0,0,0,0,,oui,280,,,1786092298333.jpg,https://kf.kobotoolbox.org/api/v2/assets/anTGkBsJzTReb96GWVGu7k/data/833432203/attachments/attMGSr3uk8t8YxfjideSftE/
202de0a7-7c82-47b5-bdc2-69f7375ba0b7,833432801,154,pap_1214,,cni,115365684,parcelle_agricole,0,1,0,0,0,0,,oui,276,,,1786094796985.jpg,https://kf.kobotoolbox.org/api/v2/assets/anTGkBsJzTReb96GWVGu7k/data/833432801/attachments/att3eiDCvg5Btjxy3n9yEYwW/
d2d35f25-92a8-4c3e-b0ac-37e01483b8b5,833433328,155,pap_1243,,cni,114284582,parcelle_construite autre,0,0,1,0,1,0,TOMBES,oui,305,,,1786098747954.jpg,https://kf.kobotoolbox.org/api/v2/assets/anTGkBsJzTReb96GWVGu7k/data/833433328/attachments/attCLSd7NmpPc4VefczhwRBz/
37293c45-60d1-4901-a234-5f46f63c99a9,833434523,156,pap_1296,,cni,115030346,parcelle_agricole,0,1,0,0,0,0,,oui,358,,"Changement de bénéficiaire:
Nouvelle bénéficiaire : KONGOHE BERTHE",1786106429576.jpg,https://kf.kobotoolbox.org/api/v2/assets/anTGkBsJzTReb96GWVGu7k/data/833434523/attachments/attv4Hys46LvEsYwwnUFWoJP/
6b2b6831-d1d6-4e8b-8474-b06b03817703,833434754,157,pap_1272,,cni,SU03285I5PGMLN37K21,parcelle_agricole,0,1,0,0,0,0,,oui,334,,,1786115025232.jpg,https://kf.kobotoolbox.org/api/v2/assets/anTGkBsJzTReb96GWVGu7k/data/833434754/attachments/attvRecLg7NvQS9XWx6VC9xx/
04cfea8d-8d8a-41a1-9098-57d9a7a1fedf,833436089,158,pap_1237,,cni,117269011,parcelle_agricole parcelle_construite,0,1,1,0,0,0,,oui,299,,,1786020236214.jpg,https://kf.kobotoolbox.org/api/v2/assets/anTGkBsJzTReb96GWVGu7k/data/833436089/attachments/attWYErKabSh4NDYn45wR3Hq/
5ddcdc46-83a0-42e7-be0e-9003b5e41a02,833474396,159,pap_1294,,cni,101101945,parcelle_agricole parcelle_construite,0,1,1,0,0,0,,oui,356,,Bâtisse hors emprise actuellement au PK69+240D. Rien que les cultures sont prises en compte avec la nouvelle délimitation . Répondant : Epse Essong ,1786109819480.jpg,https://kf.kobotoolbox.org/api/v2/assets/anTGkBsJzTReb96GWVGu7k/data/833474396/attachments/att9keVDBHXvGUYCh8JGGBLZ/
521ed8ed-5fc3-4cd8-97fe-06c584ea4225,833474901,160,pap_1253,,cni,116654769,parcelle_agricole,0,1,0,0,0,0,,oui,315,,"PAP décédé. Ayants droits absents. Représenté par l'enfant de sa sœur, le nommé EMBWANG David ",1786115072050.jpg,https://kf.kobotoolbox.org/api/v2/assets/anTGkBsJzTReb96GWVGu7k/data/833474901/attachments/attW7Y9kJfaqKMKSeZegdhk9/
b73ed782-eed9-4b62-aec5-da1e85f3de0c,833637889,161,pap_1244,,cni,113120946,parcelle_construite,0,0,1,0,0,0,,oui,306,,"Nom est ONDOUA OKONO John Steve. Présence de 05 tombes dont 03 aménagées, 02 non aménagés et des cultures dont 02 avocatiers adulte et jeune ; 02 cacaoyer adulte . répondent: femme de son grand frère : MVONDO Essong lois veuve OBAM Aaron dont une maison en planche, sol banco et toiture en tôle de L:10m et l:10m est affectée ",1786097074467.jpg,https://kf.kobotoolbox.org/api/v2/assets/anTGkBsJzTReb96GWVGu7k/data/833637889/attachments/att2YUsLVowLtzwun8AbJ2xg/
d9fb6003-b2c3-43b4-8da4-1fb528ba8724,835740867,162,pap_1225,,cni,CE75419I5IPFE0GOEJH3,parcelle_agricole parcelle_construite,0,1,1,0,0,0,,oui,287,,"Batis impacté. Le beneficiare avais deposé une réquete pour changement de beneficiare à Zeh Jean. 
Pour la batis impacté nous avons; 

Longeur; 15
Largeur: 11.40
Superficie totale: 171metres quaré 

Sol: Cimenté
Mur: Maconné
Toiture: Tôle

Nature; Residentielle
État: Bon

Avis de Réinstallation: Oui
Terrain de replacement: Oui
Ou: Derriere la Concession 

Avis du PAPs: Oui ",,
01c1d4cf-14cc-4aa5-b244-5288fd4a0a03,835740921,163,pap_1219,,cni,SU03285I5IPGMLYBSWK1,parcelle_agricole parcelle_construite,0,1,1,0,0,0,,oui,281,,"Les batis sont desormais touchés. 
Maison principale
Longeur: 12.76
Largeur: 10. 54
Superficie: 134.4904
Sol: Banco
Mur: Banco
Tôiture: Tôle 
État: Bon


Cuisine: 
Longeur: 4
Largeur: 3.40
Superficie: 13.6
Sol: Banco 
Mur: Planche 
Tôiture: Tôle 
État: delabré
Total Superficie de Maison principale et cuisine: 148.0904",1786359876541.jpg,https://kf.kobotoolbox.org/api/v2/assets/anTGkBsJzTReb96GWVGu7k/data/835740921/attachments/att5sERKArDfwnRYfen4QUZD/
7b136b33-2d34-4f52-8c21-97493057d0c2,835742579,164,pap_1227,,cni,SU01232I5J3PU0CVSNP5,parcelle_construite autre,0,0,1,0,1,0,Tombes et cultures ,oui,289,,"À la bâtis impactée et recensée au départ s'ajoutent :
une deuxième bâtis (au standing délabré, les murs en banco, le s'il en banco, le tout en tôles ; long de 11.90 m et large de 9.60 m pour une superficie de 114.24 mètres carrés)
6 tombes dont 3 aménagées 
30 bananiers matures
Et 40 jeunes pieds de cacaoyers ",1786368587015.jpg,https://kf.kobotoolbox.org/api/v2/assets/anTGkBsJzTReb96GWVGu7k/data/835742579/attachments/attSMUupPeRbjU7sqjcmTkm5/
af075c90-4ba4-49c9-b372-8c55066c1e92,835744980,165,pap_1226,,cni,1000379092,parcelle_agricole,0,1,0,0,0,0,,oui,288,,,1786025603788.jpg,https://kf.kobotoolbox.org/api/v2/assets/anTGkBsJzTReb96GWVGu7k/data/835744980/attachments/att8MM4vZTNa38EmxrrVv6nc/
cc827fcd-0fcb-48c4-b168-844274e8f4a2,835745140,166,pap_1239,,cni,106154759,parcelle_agricole,0,1,0,0,0,0,,oui,301,,,1786087137450.jpg,https://kf.kobotoolbox.org/api/v2/assets/anTGkBsJzTReb96GWVGu7k/data/835745140/attachments/attG5XJLEcruJ8GRBHZDdgpb/
f7f90709-94c3-461c-9567-795ef6518911,835745218,167,pap_1247,,cni,104530257,parcelle_agricole parcelle_construite,0,1,1,0,0,0,,oui,309,,"Le PAP  a une maison impacté  dans le nouveau tracé  à une maison en banco 
- longueur = 6.30 m 
- largeur  = 4.30 m 

La surface est de la maison est impacté  est de 27,09 mètres  carrés 
La maison est un banco et a une toiture en tôle.  Elle peut avoir 20 ans ",1786088349555.jpg,https://kf.kobotoolbox.org/api/v2/assets/anTGkBsJzTReb96GWVGu7k/data/835745218/attachments/attLz6qwSPFBbJWLPn49Nzow/
f7f52ad1-f559-4bad-a30a-a4f43f1e8806,835745570,168,pap_1221,,cni,101095528,parcelle_construite,0,0,1,0,0,0,,oui,283,,,1786092317031.jpg,https://kf.kobotoolbox.org/api/v2/assets/anTGkBsJzTReb96GWVGu7k/data/835745570/attachments/attUAgdQEQm3zdMruaszfv6g/
591a89e5-0858-4e3c-809d-719f1d368491,835747445,169,pap_1211,,cni,106355931,parcelle_construite,0,0,1,0,0,0,,oui,273,,"Bénéficiaire décédé  changement  de bénéficiaire  , requête en cours . 
Nouveau bénéficiaire  : BEH ANGO ",1786095791622.jpg,https://kf.kobotoolbox.org/api/v2/assets/anTGkBsJzTReb96GWVGu7k/data/835747445/attachments/attX89T79sQLRCX8mz4ocbFj/
d172e005-ecb1-47d3-ba1b-c3b3c26a205b,835747498,170,pap_1222,,cni,116634638,parcelle_construite,0,0,1,0,0,0,,oui,284,,,1786097853147.jpg,https://kf.kobotoolbox.org/api/v2/assets/anTGkBsJzTReb96GWVGu7k/data/835747498/attachments/attzqSPwUntAmixSMzD7oWte/
971b71d6-ef44-4d45-9ee3-1652daf55d5e,835750382,171,pap_1358,,cni,000470263,parcelle_construite,0,0,1,0,0,0,,oui,420,,,1786370994856.jpg,https://kf.kobotoolbox.org/api/v2/assets/anTGkBsJzTReb96GWVGu7k/data/835750382/attachments/attSwUv5mTP6r4EQFLg7Rj4M/
89abd59e-91f7-4e24-b40d-fb4bdcaca71f,835796203,172,pap_1355,,cni,116664641,parcelle_construite,0,0,1,0,0,0,,oui,417,,RÉÉVALUATION DU MONTANT DE L'INDEMNISATION,1786371523844.jpg,https://kf.kobotoolbox.org/api/v2/assets/anTGkBsJzTReb96GWVGu7k/data/835796203/attachments/attdBppUfc2hBeMj6sNZyMV9/
2d944082-01ed-4e4b-b2f9-9db954d16c7d,836834157,173,pap_1392,,cni,66111,parcelle_agricole,0,1,0,0,0,0,,oui,454,,,1786436061908.jpg,https://kf.kobotoolbox.org/api/v2/assets/anTGkBsJzTReb96GWVGu7k/data/836834157/attachments/att7xpUoenJqmUEzHARswAdQ/
32a9c6ed-17b6-463d-802a-93fe3106f102,836834889,174,pap_1390,,cni,105830014,parcelle_agricole,0,1,0,0,0,0,,oui,452,,"Décédé.
Changement de bénéficiaire ayant droit fils.
AZO'O NKPWELE BERTRAND HEMERY ,CNI 100385168",1786442682980.jpg,https://kf.kobotoolbox.org/api/v2/assets/anTGkBsJzTReb96GWVGu7k/data/836834889/attachments/attMBHr2XygxrnRhzJjBuWfY/
1034b9df-0227-4055-ba8e-7b207d118213,836835580,175,pap_1394,,cni,100100574,parcelle_agricole,0,1,0,0,0,0,,oui,456,,PAP HORS EMPRISE ,1786452572017.jpg,https://kf.kobotoolbox.org/api/v2/assets/anTGkBsJzTReb96GWVGu7k/data/836835580/attachments/atttfRATqr5xu8UpZNrJcusu/
78ba6f60-9d22-4c85-8f6a-941d487fb756,836838351,176,pap_1379,,cni,101634780,parcelle_agricole,0,1,0,0,0,0,,oui,441,,,1786453812282.jpg,https://kf.kobotoolbox.org/api/v2/assets/anTGkBsJzTReb96GWVGu7k/data/836838351/attachments/atttNuh5SCJvgErj7UTDdibr/
1e7fc9a5-5d10-4c1b-a223-0e867ca72ee3,836840799,177,pap_1367,,cni,111274946,parcelle_agricole,0,1,0,0,0,0,,oui,429,,"Présence d'une maison:
L:14,35 La:09,20 Total: 132,02
Maçonnée, Toit: Tôle, Sol : BANCO. Âge 48 ans. Standing moyen.
2 Tombes non aménagées 
1 veuve , Aveugle ( Personne vulnérable)",1786455259288.jpg,https://kf.kobotoolbox.org/api/v2/assets/anTGkBsJzTReb96GWVGu7k/data/836840799/attachments/attDZw9KrejMTbLBPniHXruu/
73bed4dd-56c4-421f-b166-10bf3407b83a,836847285,178,pap_1363,,cni,SU032855151PGNWFFTCPS,parcelle_agricole,0,1,0,0,0,0,,oui,425,,,1786440770353.jpg,https://kf.kobotoolbox.org/api/v2/assets/anTGkBsJzTReb96GWVGu7k/data/836847285/attachments/attCCdTvL89oeH7ZeGrq8QLU/
2c430d17-4190-4d7d-9f1d-c2511aa7af65,836847538,179,pap_1378,,cni,101634838,parcelle_agricole,0,1,0,0,0,0,,oui,440,,Nouveau bénéficiaire au nom AKONO AYA'A Patrice. Requête de changement de PAP à faire ,1786442597050.jpg,https://kf.kobotoolbox.org/api/v2/assets/anTGkBsJzTReb96GWVGu7k/data/836847538/attachments/attqmTwqVewrSBMituanroec/
2a36d1b3-570f-4cc8-98d5-ee8d18937b92,836847636,180,pap_1398,,cni,116654882,parcelle_agricole,0,1,0,0,0,0,,oui,460,,,1786444029094.jpg,https://kf.kobotoolbox.org/api/v2/assets/anTGkBsJzTReb96GWVGu7k/data/836847636/attachments/attQk25puYFmFwnPAECQMBRr/
c5cd7082-0e8a-440c-809b-90c1499ba413,836849697,181,pap_1394,,cni,100100574,parcelle_agricole,0,1,0,0,0,0,,oui,456,,Changement de bénéficiaire répondant au nom de NTETE James Marie Kennedy ,1786452449546.jpg,https://kf.kobotoolbox.org/api/v2/assets/anTGkBsJzTReb96GWVGu7k/data/836849697/attachments/att58HYrUxijkvXhDDH5wqTy/
f6092b38-6549-4805-85ce-cffec0edecbf,836850740,182,pap_1364,,cni,SUO32855151PGNWFFTCPS,parcelle_agricole,0,1,0,0,0,0,,oui,426,,,1786457345973.jpg,https://kf.kobotoolbox.org/api/v2/assets/anTGkBsJzTReb96GWVGu7k/data/836850740/attachments/attKsKeDsg6Wb5wUEfkbzoh6/
505a6f1a-83a2-4004-ae89-87bc1961e69b,836850938,183,pap_1373,,cni,106355792,parcelle_construite parcelle_agricole,0,1,1,0,0,0,,oui,435,,PAP décédé Rep par son épouse MELONO Epse EFANDEN Brigitte CNI 500033457. Batisse proche avec quelques cultures ,1786458291081.jpg,https://kf.kobotoolbox.org/api/v2/assets/anTGkBsJzTReb96GWVGu7k/data/836850938/attachments/attjtsnRHGgjkxzUiX4Fn6tj/
4a3b204b-df24-4b5b-8cf0-862f902d2abf,836851118,184,pap_1372,,cni,105830492,parcelle_agricole,0,1,0,0,0,0,,oui,434,,,1786461947710.jpg,https://kf.kobotoolbox.org/api/v2/assets/anTGkBsJzTReb96GWVGu7k/data/836851118/attachments/attYojgTyWiFBzZbKE4WMqw5/
cd56dbb2-0f03-467e-8673-5fbd4408beb8,836851398,185,pap_1385,,cni,116654890,parcelle_agricole,0,1,0,0,0,0,,oui,447,,,1786462411182.jpg,https://kf.kobotoolbox.org/api/v2/assets/anTGkBsJzTReb96GWVGu7k/data/836851398/attachments/attXPubJx3fYoNY2DtWvDvgm/
62f790a0-d4b0-4bc8-92c1-0f3da56fb3df,836852652,186,pap_1386,,cni,SU03068151ZZYY1J225006,parcelle_agricole,0,1,0,0,0,0,,oui,448,,,1786453430742.jpg,https://kf.kobotoolbox.org/api/v2/assets/anTGkBsJzTReb96GWVGu7k/data/836852652/attachments/attBLNUTkSfWGaPuS9hJQrch/
2904c1e0-88b0-4fe6-978a-8e000345aabf,836852753,187,pap_1403,,cni,106154992,parcelle_agricole,0,1,0,0,0,0,,oui,465,,,1786455962823.jpg,https://kf.kobotoolbox.org/api/v2/assets/anTGkBsJzTReb96GWVGu7k/data/836852753/attachments/attrUFqgg42CGqmkbZ4zsN8x/
fefd29d6-28c3-4ded-bd3b-8035af669af6,836852825,188,pap_1380,,cni,115768627,parcelle_agricole parcelle_construite,0,1,1,0,0,0,,oui,442,,"Maison nouvellement dans l´emprise 
Longueur 11
Largeur 10,40
 Superficie 114,4 

Sol : maçonné  
Mur maçonné 
Toiture : tôle 

État général : délabré  (abandonné)",1786461102173.jpg,https://kf.kobotoolbox.org/api/v2/assets/anTGkBsJzTReb96GWVGu7k/data/836852825/attachments/attJt8tpLxcUWSALjvgqSYnq/
09698129-a660-4bf9-8a97-dc9ef4d54811,836853130,189,pap_1393,,cni,119451841,autre,0,0,0,0,1,0,Cultures ,oui,455,,"PAP représentée par sa sœur aînée NLEME Adèle car, vivant en Europe",1786436053304.jpg,https://kf.kobotoolbox.org/api/v2/assets/anTGkBsJzTReb96GWVGu7k/data/836853130/attachments/atteFrQ56MffPsuiTCBEykqD/
c18f5db8-1a14-4744-82b3-c049ef320160,836853356,190,pap_1391,,cni,114876755,autre,0,0,0,0,1,0,Cultures ,oui,453,,"PAP décédé, représenté par sa sœur NLEME Adèle car, les ayants droit vivent toutes à l'étranger (et fourniront une procuration à l'effet de faire valoir ce que de droit à leur tante).",1786436872696.jpg,https://kf.kobotoolbox.org/api/v2/assets/anTGkBsJzTReb96GWVGu7k/data/836853356/attachments/attiT3TgscAkCSXovrLXmsLL/
668ab17b-2cb4-44ef-816e-ebf1162fef95,836854693,191,pap_1402,,cni,464,parcelle_construite autre,0,0,1,0,1,0,Cultures ,oui,464,,"PAP décédée et représentée par le gestionnaire des bien désigné par la famille : NDONGO NLEME DAVID FRANCK.
Présence dans l'emprise d'une bâtis servant d'habitation de standing moderne, sol (cimenté), toit (tôle), murs (maçonnés) longue de 7 m sur 4.2 m pour une superficie de 29.4 mètres carrés.
Une succession de murailles (fondation en moellons) faisant un total de 90 m se retrouve dans l'emprise. 
Présence de 11 tombes impactées dont 1 aménagée dans le caveau familial.",1786445015223.jpg,https://kf.kobotoolbox.org/api/v2/assets/anTGkBsJzTReb96GWVGu7k/data/836854693/attachments/att69HuQWbiychWoBAsVpkSb/
ea3cb360-3ee4-4684-9239-f4ff3094f948,836854869,192,pap_1381,,cni,102156076,autre,0,0,0,0,1,0,Cultures et tombes,oui,443,,Présence dans l'emprise de 4 tombes dont 3 impactées (avec 1 aménagée).,1786454613180.jpg,https://kf.kobotoolbox.org/api/v2/assets/anTGkBsJzTReb96GWVGu7k/data/836854869/attachments/attDn5LyAAv2FJrgbihWBywe/
e58390a5-fc79-46b1-80da-4c742f4e11d1,836855067,193,pap_1357,,cni,116844330,parcelle_construite,0,0,1,0,0,0,,oui,419,,Maison impactée de sup:91 m2; L:10m;l:9.10m; sol: maçonné; mur : maçonné ; toiture : tôle ; résidentiel ; connecté au réseau électrique et à l'eau ; standing moyen. Présence d'une Tombe non aménagée sur le flanc gauche. Requête à élaborer. ,1786434683174.jpg,https://kf.kobotoolbox.org/api/v2/assets/anTGkBsJzTReb96GWVGu7k/data/836855067/attachments/attvw56GqdBUSLwPuZP5ZYUr/
1ac1bcb7-aa8f-424d-a177-0b7361c4880b,836855165,194,pap_1400,,cni,11112749811,autre,0,0,0,0,1,0,Cultures et tombes,oui,462,,Présence dans la concession de 9 tombes non aménagées dont 2 sont présentes dans l'emprise ,1786455276744.jpg,https://kf.kobotoolbox.org/api/v2/assets/anTGkBsJzTReb96GWVGu7k/data/836855165/attachments/attAKx6fdYHrMPTVXfp4EQcu/
bb8bcf04-50e9-40f6-9b13-9d68310e22eb,836855292,195,pap_1404,,cni,AA00004572,parcelle_construite autre,0,0,1,0,1,0,Cultures ,oui,466,,"Présence dans l'emprise en plus des cultures recensées au départ, d'une bâtis servant d'habitation pour le gardien du camp. 
Caractéristiques :
 Sol maçonné ;
Mur maçonné ;
Toit en tôle ;
Longueur 4.80
Largeur 3.10
Superficie 14.88",1786461269050.jpg,https://kf.kobotoolbox.org/api/v2/assets/anTGkBsJzTReb96GWVGu7k/data/836855292/attachments/att7ane7hYWt7VeR9xS3WJqT/
7961d738-d7aa-40f9-ab9e-34dfa0ecd158,836855573,196,pap_1396,,cni,117268941,autre,0,0,0,0,1,0,Cultures ,oui,458,,,1786462407629.jpg,https://kf.kobotoolbox.org/api/v2/assets/anTGkBsJzTReb96GWVGu7k/data/836855573/attachments/attxzCiAGNYJni26kpmKoFmw/
48c9906e-e50d-445e-812b-333fb38b7b89,836857573,197,pap_1401,,cni,101318450,parcelle_agricole,0,1,0,0,0,0,,oui,463,,,1786442952288.jpg,https://kf.kobotoolbox.org/api/v2/assets/anTGkBsJzTReb96GWVGu7k/data/836857573/attachments/attHXKxCh4p4Q6Z5sfEoDPRH/
53213617-0fbe-4bb5-b9af-68207b872820,836857604,198,pap_1399,,cni,103266994,parcelle_agricole parcelle_construite,0,1,1,0,0,0,,oui,461,,"La Batise est desormais touché. 

Longeur: 12.40
Largeur: 12.49
Superficie: 93

État: Bon
Residentielle 

Sol: Cimenté 
Mur: Maconné 
Tôiture: Tôle 
Standing: Standing ordinaire",1786444139899.jpg,https://kf.kobotoolbox.org/api/v2/assets/anTGkBsJzTReb96GWVGu7k/data/836857604/attachments/attDPYrHsniHhUiWzCnjxzEV/
afef200e-345b-4a8f-a8cd-16c57da0c0c7,836857631,199,pap_1368,,cni,113654086,parcelle_agricole,0,1,0,0,0,0,,oui,430,,,1786445104522.jpg,https://kf.kobotoolbox.org/api/v2/assets/anTGkBsJzTReb96GWVGu7k/data/836857631/attachments/attegFqDgtjaqwmbvGMLyrD7/
cd7c2900-ac14-4c66-924d-42d00f8dff52,836857660,200,pap_1382,,cni,SU0306815PJN2026EU6,parcelle_agricole parcelle_construite,0,1,1,0,0,0,,oui,444,,"Les batis sont desormais touché 

Longeur: 10.35
Largeur: 9
Superficie: 93.15metres quaré 

Sol: Banco
Mur: Banco
Tôiture: Tôle 

État: Residentielle 
Standing: Semi-definitif

2 Tombes bien ammenagés
",1786452576405.jpg,https://kf.kobotoolbox.org/api/v2/assets/anTGkBsJzTReb96GWVGu7k/data/836857660/attachments/attVVomAN5F4bya4JGc3tsmt/
40242777-109e-4c86-9ce7-624ccb69faf0,836873149,201,pap_1388,,cni,106154930,parcelle_agricole,0,1,0,0,0,0,,oui,450,,,1786457374862.jpg,https://kf.kobotoolbox.org/api/v2/assets/anTGkBsJzTReb96GWVGu7k/data/836873149/attachments/attNyV6DSR9EUARYu4XakuLd/
f7d07e98-2394-4efb-a5b8-d1a5f845bd26,838059800,202,pap_1411,,cni,118758974,hors_zone_influence,0,0,0,0,0,1,,oui,473,,Maison hors du nouveau  tracé,1786522894199.jpg,https://kf.kobotoolbox.org/api/v2/assets/anTGkBsJzTReb96GWVGu7k/data/838059800/attachments/attV3ppfjuKxp5CJ92j9ruM4/
b3c1dca6-2584-483f-952e-8e30c877a40d,838059871,203,pap_1410,,cni,115365837,parcelle_agricole,0,1,0,0,0,0,,oui,472,,,,
68c0c3ea-c142-4ac7-932a-c4f967927619,838061124,204,pap_1377,,cni,CE0310715J03PJVOC005,parcelle_agricole,0,1,0,0,0,0,,oui,439,,"Modification du nom 
ENSEMBA en ENGAMBA",1786520210712.jpg,https://kf.kobotoolbox.org/api/v2/assets/anTGkBsJzTReb96GWVGu7k/data/838061124/attachments/att6hQBBQtCGVaHEm2EHRySY/
10b2dfad-ada2-43ff-8993-30dbeb575bb6,838061305,205,pap_1409,,cni,114665875,parcelle_construite,0,0,1,0,0,0,,oui,471,,HORS EMPRISE ,1786522595569.jpg,https://kf.kobotoolbox.org/api/v2/assets/anTGkBsJzTReb96GWVGu7k/data/838061305/attachments/attLtZqDhUVLifoG9Qn9VpW2/
bc7bc1f7-33df-4437-a9eb-cff6cd5c73e0,838061404,206,pap_1412,,cni,109715J07ES46W6L2,autre,0,0,0,0,1,0,Cultures ,oui,474,,PAP hors de l'emprise ,1786522297525.jpg,https://kf.kobotoolbox.org/api/v2/assets/anTGkBsJzTReb96GWVGu7k/data/838061404/attachments/attvWmqawivDZjZzEjwNs3Fu/
5beae8f0-f25b-4a5a-86ef-3712ff1559c6,838061681,207,pap_1414,,cni,SU03285I5IPGN2P53T52,autre,0,0,0,0,1,0,Cultures ,oui,476,,PAP hors de l'emprise ,1786522923362.jpg,https://kf.kobotoolbox.org/api/v2/assets/anTGkBsJzTReb96GWVGu7k/data/838061681/attachments/attejYit5yevmWsGkajArcNh/
2ee465ea-edf8-416e-aa06-dfa22b66149d,838061717,208,pap_1429,,cni,114708117,parcelle_agricole parcelle_construite,0,1,1,0,0,0,,oui,491,,"La ou les maisons ne sont plus dans l´emprise de la route 

Juste considérer les cultures ",1786546827006.jpg,https://kf.kobotoolbox.org/api/v2/assets/anTGkBsJzTReb96GWVGu7k/data/838061717/attachments/attY2DhMfXrVoWTH8DaPmixd/
4a030819-881f-4b45-a6bf-b513507a9538,838061835,209,pap_1457,,cni,101136746,parcelle_construite,0,0,1,0,0,0,,oui,519,,La maison n´est plus dans l´emprise de la route ,,
54aafbe4-d1b3-49cb-9edc-aff9fa673bed,838061892,210,pap_1426,,cni,111274935,parcelle_construite,0,0,1,0,0,0,,oui,488,,MAISON HORS EMPRISE ,1786551327715.jpg,https://kf.kobotoolbox.org/api/v2/assets/anTGkBsJzTReb96GWVGu7k/data/838061892/attachments/att96b4rbwobeD9LBp6nABoJ/
aa5c2b6b-c427-4b83-8c4d-f6814d91511c,838061894,211,pap_1416,,cni,11576423,parcelle_construite,0,0,1,0,0,0,,oui,478,,"Les cultures sont désormais Hors emprise.
PRESENCE D'UNE MAISON PRINCIPALE 
L : 10,50
lar : 6
T: 63 m²
Type : BANCO
Toit: TOLE
Sol : BANCO
AGE 50 
délabré 
",1786524920403.jpg,https://kf.kobotoolbox.org/api/v2/assets/anTGkBsJzTReb96GWVGu7k/data/838061894/attachments/attjgjaP8RtY7JVdBA8pdA3R/
3ab4e04c-f0f1-4b68-a553-8a0de2ede9e8,838061903,212,pap_1408,,cni,101095563,parcelle_construite autre,0,0,1,0,1,0,Cultures ,oui,470,,PAP hors de l'emprise ,1786523345115.jpg,https://kf.kobotoolbox.org/api/v2/assets/anTGkBsJzTReb96GWVGu7k/data/838061903/attachments/attfyUZFEustYepy7DgVFgzk/
5644c280-0d45-4b09-b475-8af2c47bda31,838062021,213,pap_1406,,cni,111284542,autre,0,0,0,0,1,0,Cultures ,oui,468,,PAP hors de l'emprise ,1786524488068.jpg,https://kf.kobotoolbox.org/api/v2/assets/anTGkBsJzTReb96GWVGu7k/data/838062021/attachments/attheXNbKu5KzcoS47kLgU95/
1e75359c-69b8-40ef-a847-612f9baa24d1,838062038,214,pap_1430,,cni,SU03285I5IPGN20QZ9G0,parcelle_agricole parcelle_construite,0,1,1,0,0,0,,oui,492,,,1786541710839.jpg,https://kf.kobotoolbox.org/api/v2/assets/anTGkBsJzTReb96GWVGu7k/data/838062038/attachments/att7qH8nsoVKLHaZfbfDuxk3/
7b05afd7-f0d4-4118-a194-91c7c27e908e,838062347,215,pap_1443,,cni,106355751,parcelle_agricole,0,1,0,0,0,0,,oui,505,,"Maison hors l´emprise 

Bénéficiaire  décédé, changement  de bénéficiaire  pour NNA MEFO ALAIN  fils du défunt.  

Requête  en cours",1786533524230.jpg,https://kf.kobotoolbox.org/api/v2/assets/anTGkBsJzTReb96GWVGu7k/data/838062347/attachments/attz9QC74ZkizhbChJMQKbuN/
830c45b1-22f7-4e55-9233-5a0196938ce2,838062533,216,pap_1448,,cni,111274917,parcelle_agricole,0,1,0,0,0,0,,oui,510,,,1786538781743.jpg,https://kf.kobotoolbox.org/api/v2/assets/anTGkBsJzTReb96GWVGu7k/data/838062533/attachments/attcfQ3S8UPvSmz8G3URuvpG/
5373431e-0d2b-47bd-a933-c80dc38d31e7,838062697,217,pap_1415,,cni,114665875,parcelle_agricole parcelle_construite hors_zone_influence,0,1,1,0,0,1,,oui,477,,,1786522699899.jpg,https://kf.kobotoolbox.org/api/v2/assets/anTGkBsJzTReb96GWVGu7k/data/838062697/attachments/attcNQzz9Bw5Q3UZnnUj67mF/
3cd11d02-a2e5-46f2-9cc1-079225e31971,838062800,218,pap_1434,,cni,106154876,parcelle_construite autre,0,0,1,0,1,0,Cultures ,oui,496,,"Les estimations actuelles de la PAP ne reflètent pas la réalité du terrain. Les mises en valeurs de départ (cultures déjà consommées) sorte de l'emprise actuelle. À l'issue de l'inventaire, les mises en valeurs suivantes, présentes dans l'emprise sont identifiées :
Bâtis (maison principale)
Longueur :11.35 m
Largeur : 6.20
Superficie : 70.37
Mur : banco
Sol : banco
Toit : tôles 
Cuisine
Longueur : 5.5 m
Largeur : 5.3
Superficie : 29.15 mètres carrés 
Mur : banco
Sol : banco
Toiture : tôles  
Tombes aménagées et impactées : 2
CULTURES (Toutes)
Palmiers : 19
Plantains : 80 
Cacao : 93
Pruniers : 2
goyavier : 1
Manguier : 1
Pamplemousse : 2
Orangier : 5
Moabi : 1
Cocotier :1
Ananas : 23
Avocatier : 1",1786538302334.jpg,https://kf.kobotoolbox.org/api/v2/assets/anTGkBsJzTReb96GWVGu7k/data/838062800/attachments/att6XfUUPC8f2FxA8nZgpCKa/
7da01ac2-0b52-474b-91bc-9b0ab7944396,838063036,219,pap_1454,,cni,117269087,parcelle_construite autre,0,0,1,0,1,0,Cultures ,oui,516,,,1786539534416.jpg,https://kf.kobotoolbox.org/api/v2/assets/anTGkBsJzTReb96GWVGu7k/data/838063036/attachments/attBzbG9sjxCsTavYjvojGfa/
c1358311-e303-4903-9f0b-8bd3cce69bd1,838063294,220,pap_1436,,cni,SU03068I6IDGN2I,autre,0,0,0,0,1,0,Cultures ,oui,498,,,1786540923355.jpg,https://kf.kobotoolbox.org/api/v2/assets/anTGkBsJzTReb96GWVGu7k/data/838063294/attachments/attEzL4jJrFWqfZzi8Uy6UTZ/
a19d0272-8b35-4070-b6ff-95d73ee21ead,838063371,221,pap_1449,,cni,10106640574,parcelle_agricole hors_zone_influence,0,1,0,0,0,1,,oui,511,,La batis n'est plus impacté mais Les cultures sont impactés ,1786532780841.jpg,https://kf.kobotoolbox.org/api/v2/assets/anTGkBsJzTReb96GWVGu7k/data/838063371/attachments/attePzSGyktULWCFaA8o38ha/
4e3b318e-b61a-44fd-a847-b3038d74e523,838063474,222,pap_1452,,cni,119269096,parcelle_construite autre,0,0,1,0,1,0,Cultures ,oui,514,,"Les biens de la PAP plus précisément les bâtis sont hors de l'emprise, cependant les cultures et la cuisine (mur banco, sol banco, tout tôles, longueur 4.67 m, largeur 2.79 m, superficie 13.03 mètres carrés) demeurent dans l'emprise ",1786544122642.jpg,https://kf.kobotoolbox.org/api/v2/assets/anTGkBsJzTReb96GWVGu7k/data/838063474/attachments/att9dQrUxgcw8LQtUcfxgZyv/
8e1109f8-d2a8-4364-826e-50f66e516300,838063509,223,pap_1422,,cni,100339998,parcelle_agricole parcelle_construite,0,1,1,0,0,0,,oui,484,,,1786539566690.jpg,https://kf.kobotoolbox.org/api/v2/assets/anTGkBsJzTReb96GWVGu7k/data/838063509/attachments/att9K2Wtt8pHFfR5JTZaxeF4/
127cc2e3-2ab5-4fbf-be49-826356753593,838063527,224,pap_1437,,cni,000230311,parcelle_agricole parcelle_construite,0,1,1,0,0,0,,oui,499,,,1786546204867.jpg,https://kf.kobotoolbox.org/api/v2/assets/anTGkBsJzTReb96GWVGu7k/data/838063527/attachments/att3ihmNDtg4xPnwcgPN7PkL/
571dfacd-363f-4ea8-86dc-aca593e2d1e8,838063634,225,pap_1419,,cni,SU03068I5J79AF3QQTM3,parcelle_construite autre,0,0,1,0,1,0,Cultures ,oui,481,,"Les biens de la PAP sont en partie hors de l'emprise notamment, la bâtis. Cependant, les cultures demeurent dans l'emprise tout comme une tombe aménagées ",1786544992668.jpg,https://kf.kobotoolbox.org/api/v2/assets/anTGkBsJzTReb96GWVGu7k/data/838063634/attachments/attfni5J6Kr8PKktg4pS6wsK/
b19265a3-6fe0-4303-b972-bf87ea60fcc7,838063773,226,pap_1444,,cni,100008768,parcelle_construite,0,0,1,0,0,0,,oui,506,,,,
a6afe121-e4e5-4a49-a6f5-189ba9e3adac,838063843,227,pap_1440,,cni,106154898,parcelle_construite autre,0,0,1,0,1,0,Cultures et tombes aménagées ,oui,502,,"Présence dans la concession de 4 tombes aménagées dont, 3 dans l'emprise ",1786546379022.jpg,https://kf.kobotoolbox.org/api/v2/assets/anTGkBsJzTReb96GWVGu7k/data/838063843/attachments/attmjXN6aLJjSnWRxf3tW3Bt/
e8cc6c2f-046e-4916-9194-39ae9b26a9ec,838063856,228,pap_1424,,cni,106155000,parcelle_construite parcelle_agricole,0,1,1,0,0,0,,oui,486,,,1786545142426.jpg,https://kf.kobotoolbox.org/api/v2/assets/anTGkBsJzTReb96GWVGu7k/data/838063856/attachments/att4Mx4AXkA9Z6u6PfWDcjeC/
557e79be-18a2-487a-9020-7a132316ca31,838063900,229,pap_1447,,cni,115365973,parcelle_construite parcelle_agricole,0,1,1,0,0,0,,oui,509,,,1786545349682.jpg,https://kf.kobotoolbox.org/api/v2/assets/anTGkBsJzTReb96GWVGu7k/data/838063900/attachments/attgGFBxPBJwjrTpnVqUoSab/
fd71380b-1867-46cc-b2d3-9ceda73db57c,838063964,230,pap_1428,,cni,CE09329151WNO9,parcelle_agricole,0,1,0,0,0,0,,oui,490,,,1786547436520.jpg,https://kf.kobotoolbox.org/api/v2/assets/anTGkBsJzTReb96GWVGu7k/data/838063964/attachments/attjLkNmuYJoxFeZm5DKGBaa/
5d655c9e-231f-49f9-a881-5c7a4f9380aa,838064141,231,pap_1438,,cni,CE0334515JO3HRW,parcelle_agricole,0,1,0,0,0,0,,oui,500,,Decès du beneficiare et requète en cours pour changement de nom ,,
23c9e32c-48a4-420b-bfb8-4c9d090264dc,838064158,232,pap_1456,,cni,101079033,parcelle_construite autre,0,0,1,0,1,0,Cultures et tombes,oui,518,,"Présence dans la concession de 4 tombes présentes dans l'emprise dont, 1 aménagée ",1786547047229.jpg,https://kf.kobotoolbox.org/api/v2/assets/anTGkBsJzTReb96GWVGu7k/data/838064158/attachments/attjGjht4Z3xrmCm3QorwjtT/
a161ae8a-4608-4387-9c97-c190c796966b,838064186,233,pap_1423,,cni,1112774959,parcelle_agricole,0,1,0,0,0,0,,oui,485,,,,
a5028b4b-095b-4e0d-8670-200703d9d0fe,838064222,234,pap_1442,,cni,116654783,parcelle_agricole,0,1,0,0,0,0,,oui,504,,,1786550614466.jpg,https://kf.kobotoolbox.org/api/v2/assets/anTGkBsJzTReb96GWVGu7k/data/838064222/attachments/attYGfFowtC5xiJ7PLFvSrLW/
54a140ca-6306-4d3c-b761-8348f0a8cbb6,838064231,235,pap_1420,,cni,000223487,parcelle_agricole,0,1,0,0,0,0,,oui,482,,,1786539214038.jpg,https://kf.kobotoolbox.org/api/v2/assets/anTGkBsJzTReb96GWVGu7k/data/838064231/attachments/attAffJSy47URJbM6bnKaunz/
a3725ead-c947-44a9-b541-b766a95b87a0,838064338,236,pap_1431,,cni,117254779,autre,0,0,0,0,1,0,Cultures ,oui,493,,PAP hors de l'emprise ,1786548635308.jpg,https://kf.kobotoolbox.org/api/v2/assets/anTGkBsJzTReb96GWVGu7k/data/838064338/attachments/attS4DV7EMdq5NqnbkYpEu6C/
8893568f-0713-4ff0-b20e-ff161084935c,839194881,237,pap_1488,,cni,000047997,parcelle_agricole parcelle_construite,0,1,1,0,0,0,,oui,550,,Bâtisse hors emprise à présent sauf cultures impactées ,1786632407461.jpg,https://kf.kobotoolbox.org/api/v2/assets/anTGkBsJzTReb96GWVGu7k/data/839194881/attachments/attuV7ffD6di7QRdjpvgCfzv/
d8b78d5c-45fb-4419-9fb4-75028be237ef,839195521,238,pap_1496,,cni,111284535,parcelle_agricole,0,1,0,0,0,0,,oui,558,,,1786635362172.jpg,https://kf.kobotoolbox.org/api/v2/assets/anTGkBsJzTReb96GWVGu7k/data/839195521/attachments/attBi9Hx9dG9EiUVVQRkHiZx/
e3dc1800-0616-49d4-bfd2-b599c340f2e3,839196071,239,pap_1476,,cni,170063336,parcelle_agricole,0,1,0,0,0,0,,oui,538,,Rep par son concubin ,1786637315574.jpg,https://kf.kobotoolbox.org/api/v2/assets/anTGkBsJzTReb96GWVGu7k/data/839196071/attachments/attCGKKkxG2EziubcpCokjdm/
24a2c4fc-b62e-4802-a681-23943b644a4a,839197155,240,pap_1477,,cni,1061460022,parcelle_agricole,0,1,0,0,0,0,,oui,539,,PAP décédé et remplacé par son fils NDJI Tonton Joel CNI 100239356 du 20-03-2018 à SU03,1786631421239.jpg,https://kf.kobotoolbox.org/api/v2/assets/anTGkBsJzTReb96GWVGu7k/data/839197155/attachments/attKRFvq3FHQiXH57pPM6rTo/
6d0c1daf-ab01-4227-a3af-230c730fd197,839210010,241,pap_1421,,cni,000223487,parcelle_agricole parcelle_construite,0,1,1,0,0,0,,oui,482,,Bénéficiaire décédé  changement de bénéficiaire  pour ZONGO ABOUTOU JOSEPH,1786616178630.jpg,https://kf.kobotoolbox.org/api/v2/assets/anTGkBsJzTReb96GWVGu7k/data/839210010/attachments/attum6r8cBwNNZ6Lhua2M3xP/
43ce7674-c6f7-4915-8968-ff375d317ea3,839210104,242,pap_1459,,cni,116654564,parcelle_agricole parcelle_construite,0,1,1,0,0,0,,oui,521,,La maison n´est plus dans l´emprise,1786617974279.jpg,https://kf.kobotoolbox.org/api/v2/assets/anTGkBsJzTReb96GWVGu7k/data/839210104/attachments/att4De5bAsaZ8rmgSwSvVGQf/
7c2b0e33-622f-4e06-9197-55694269c818,839210228,243,pap_1418,,cni,101105474,parcelle_agricole parcelle_construite,0,1,1,0,0,0,,oui,480,,"Bénéficiaire  décédé changement  de bénéficiaire  pour EVINA PRISCILE ELSIE 

deux tombes aménagée  sont dans le nouveau  tracé.  Mais la maison n´est plus dans le tracé ",1786619162155.jpg,https://kf.kobotoolbox.org/api/v2/assets/anTGkBsJzTReb96GWVGu7k/data/839210228/attachments/attauoZ9g7cDMA3tSCXFZyST/
48f09e31-7052-4ffa-bd66-423ffc237ecc,839210347,244,pap_1495,,cni,105830077,parcelle_agricole parcelle_construite,0,1,1,0,0,0,,oui,557,,,1786627540412.jpg,https://kf.kobotoolbox.org/api/v2/assets/anTGkBsJzTReb96GWVGu7k/data/839210347/attachments/att2JyvLCxfwKGo7sREZzeHn/
1378e9ca-abd5-4f72-a348-c1cfa6288af9,839210466,245,pap_1489,,cni,CE05027I5TIMTIE,parcelle_agricole,0,1,0,0,0,0,,oui,551,,Bénéficiaire  décédé  . Requête  en cours pour changement  de bénéficiaire  au nom de madame NDO EVELINE  épouse NSAK,1786629899127.jpg,https://kf.kobotoolbox.org/api/v2/assets/anTGkBsJzTReb96GWVGu7k/data/839210466/attachments/attcrb8N24DtkabzShXdTwru/
86537db1-3d0f-46ce-af57-6d40c5039774,839210581,246,pap_1465,,cni,115362524,parcelle_agricole autre,0,1,0,0,1,0,Tombe aménagée ,oui,527,,"Les cultures sont affectées 
Mais une tombe aménagée  entre dans l´emprise actuellement ",1786633120709.jpg,https://kf.kobotoolbox.org/api/v2/assets/anTGkBsJzTReb96GWVGu7k/data/839210581/attachments/att8xif6ooQDHb4K57Srsixf/
20c9ad2d-c92c-4af1-b871-04fc0fe0cb94,839217220,247,pap_1463,,autre,Récépissé ,parcelle_agricole parcelle_construite,0,1,1,0,0,0,,oui,525,,,1786632352950.jpg,https://kf.kobotoolbox.org/api/v2/assets/anTGkBsJzTReb96GWVGu7k/data/839217220/attachments/attPbKjTUdwUTMr7UwGWr7iN/
96729d52-15b9-4ac3-a0bd-15cd691d0156,839217464,248,pap_1512,,autre,,parcelle_agricole parcelle_construite,0,1,1,0,0,0,,oui,574,,HORS EMPRISE ,1786632960371.jpg,https://kf.kobotoolbox.org/api/v2/assets/anTGkBsJzTReb96GWVGu7k/data/839217464/attachments/attKywCjW8u9TM4dPnBCgg3E/
009b25e4-01cb-4aab-a659-b1efb59158fa,839222209,249,pap_1416,,cni,11576423,parcelle_construite,0,0,1,0,0,0,,oui,478,,HORS EMPRISE,1786523048320.jpg,https://kf.kobotoolbox.org/api/v2/assets/anTGkBsJzTReb96GWVGu7k/data/839222209/attachments/attAUqGBVBzBbsczRwHQN5Pg/
26d8f96c-0f61-471a-a250-3bea30a46e41,839268068,250,pap_1458,,cni,101136746,parcelle_construite autre,0,0,1,0,1,0,Cultures et tombes,oui,520,,Présence dans la concession de 7 tombes impactées dont 1 seule aménagée. Lesdites tombes sont toutes situées à l'extrémité gauche de la concession ,1786614694827.jpg,https://kf.kobotoolbox.org/api/v2/assets/anTGkBsJzTReb96GWVGu7k/data/839268068/attachments/attJaYFZfvTi3FKrT44gR9zy/
941d1098-c5e2-4d42-8c2e-eaadb9505d2f,839268157,251,pap_1451,,cni,SU01232I5JAL8PQF5082,parcelle_construite autre,0,0,1,0,1,0,Cultures ,oui,513,,"PAP hors de l'emprise, cependant ses nouvelles mises en valeurs concernent un champ en monoculture de manioc de 25.24 m de long, 13.56 m de large, pour une superficie impactée de 342.25 mètres carrés.",1786619638213.jpg,https://kf.kobotoolbox.org/api/v2/assets/anTGkBsJzTReb96GWVGu7k/data/839268157/attachments/attbrmUfVFxDMPxSkzBEiHFj/
95648d44-6864-44fb-94f6-e5c679fbda94,839268245,252,pap_1501,,cni,105830052,parcelle_construite autre,0,0,1,0,1,0,Cultures ,oui,563,,,1786624938430.jpg,https://kf.kobotoolbox.org/api/v2/assets/anTGkBsJzTReb96GWVGu7k/data/839268245/attachments/attaUnVdbY7MnUUGZNQo96dr/
c8ded904-ae9a-40a2-bceb-f08a90930ff5,839268943,253,pap_1464,,cni,111274961,autre parcelle_construite,0,0,1,0,1,0,Cultures ,oui,526,,La bâtis de la PAP est hors de l'emprise ,1786627862194.jpg,https://kf.kobotoolbox.org/api/v2/assets/anTGkBsJzTReb96GWVGu7k/data/839268943/attachments/attnsxBRCeGC47fQ5GiNBrS3/
3c4834ab-44fb-421b-bd46-82180639f980,839270883,254,pap_1483,,cni,111284576,parcelle_construite autre,0,0,1,0,1,0,Cultures ,oui,545,,"La bâtis de la PAP longue de 12.20 m, large de 8.22 m, pour une superficie de 100.28 mètres carrés, sol banco, mur banco, toit en tôles et désormais dans l'emprise l. De même, l'on noté au sein de cette concession la présence de de 11 d tombes dans l'emprise dont 2 sont aménagées.",1786630786949.jpg,https://kf.kobotoolbox.org/api/v2/assets/anTGkBsJzTReb96GWVGu7k/data/839270883/attachments/attHyHvPDpnGZ5a57XVC8hvb/
36d0d609-1547-4ef2-858f-d8b4e7f3ee09,839272063,255,pap_1491,,cni,110923786,parcelle_construite,0,0,1,0,0,0,,oui,553,,PAP hors de l'emprise ,1786633191549.jpg,https://kf.kobotoolbox.org/api/v2/assets/anTGkBsJzTReb96GWVGu7k/data/839272063/attachments/attufq4Fbx9uNGGmYccbPwP4/
cdabc06c-0e7f-43c4-b780-f4ce3b4f60dd,839668254,256,pap_1451,,cni,115004718,parcelle_agricole parcelle_construite,0,1,1,0,0,0,,oui,513,513,Les batis n'est plus impacté ,,
834e57c7-8bec-4bb5-bf90-7613fb149195,839668307,257,pap_1445,,cni,SU03068I5IPGNFR2,parcelle_agricole,0,1,0,0,0,0,,oui,507,,,1786619494775.jpg,https://kf.kobotoolbox.org/api/v2/assets/anTGkBsJzTReb96GWVGu7k/data/839668307/attachments/attEEeDroGKhCwCcKaBTex85/
3de2b88e-4fbe-4715-8f9f-f509fb6b4f7c,839668350,258,pap_1503,,cni,103367774,hors_zone_influence,0,0,0,0,0,1,,oui,565,,Les batis ne sont plus impactés. ,1786624712742.jpg,https://kf.kobotoolbox.org/api/v2/assets/anTGkBsJzTReb96GWVGu7k/data/839668350/attachments/attXRRe5Y2ahpSwAnLrrSst7/
777a6bdc-5aab-40fc-8956-805332bfd6b4,839668387,259,pap_1462,,cni,100590121,parcelle_agricole parcelle_construite,0,1,1,0,0,0,,oui,524,,,1786627588600.jpg,https://kf.kobotoolbox.org/api/v2/assets/anTGkBsJzTReb96GWVGu7k/data/839668387/attachments/attBxusDQDEDC4zdqbXWC6dX/
47f2fca1-8c6c-45d4-995d-56b42ef54011,839668427,260,pap_1511,,cni,108399463,parcelle_construite parcelle_agricole,0,1,1,0,0,0,,oui,573,,,1786629816967.jpg,https://kf.kobotoolbox.org/api/v2/assets/anTGkBsJzTReb96GWVGu7k/data/839668427/attachments/attPm5Y9tcSv2tjRQwzwf3hu/
c0acd4c1-e273-4777-9ffd-773d7f0a53f6,839668527,261,pap_1474,,cni,107115086,parcelle_construite parcelle_agricole,0,1,1,0,0,0,,oui,536,,"Les batis sont desormais touchés

Longeur: 11.35
Largeur: 7.45
Superficie 84.5575

Sol: Banco 
Mur: Banco
Tôiture: Tôle

État: Moyen
Standing: Semi definitif

Residentielle 

4 tombes non amenagés et impactés ",,
2e01e7bb-5667-4c9b-8204-5831c5ef9e8e,839668562,262,pap_1475,,cni,101540362,parcelle_agricole parcelle_construite,0,1,1,0,0,0,,oui,537,,"Les batis sont desormais touchés et dans l'emprise 

Longeur: 11.50
Largeur: 9.20
Superficie: 105.8

Sol: Banco
Mur: Maconné 
Tôiture: Tôle 

État: Moyen
Semi definitif 
Residentielle ",,
98db5f43-f0c2-4925-a3a6-29fee81334cd,840178162,263,pap_1425,,cni,SU01097I5J065B818YF0,parcelle_construite autre,0,0,1,0,1,0,Cultures et tombes ,oui,487,,"Les bâtis de la PAP sont hors d'emprise. Cependant, ses cultures y demeurent et l'on recence 9 tombes dans l'emprise dont 2 sont aménagées ",1786699211245.jpg,https://kf.kobotoolbox.org/api/v2/assets/anTGkBsJzTReb96GWVGu7k/data/840178162/attachments/attdSvfq7Xr9zV7dkCcmFGft/
dade525f-3516-4867-b636-acc4c261e148,840179324,264,pap_1481,,cni,AB06497816,parcelle_agricole,0,1,0,0,0,0,,oui,543,,"La cacoyère est en grande partie hors de l'emprise. Seuls 15 pieds de cacaoyers, 5 cocotiers, 1 goyavier, 1 avocatier, 20 bananiers adultes, 15 plantains adultes demeure dans l'emprise",1786711242062.jpg,https://kf.kobotoolbox.org/api/v2/assets/anTGkBsJzTReb96GWVGu7k/data/840179324/attachments/attL5HocWG5zDSdZwkBzjMz4/
c63aa3e1-398f-493e-b1b1-4611a16e4be7,840179465,265,pap_1552,,cni,100871631,parcelle_construite autre,0,0,1,0,1,0,Cultures ,oui,614,,"La bâtis de la PAP longue de 12.10 m, large de 5.40 m pour une superficie de 65.34 mètres carrés, sol banco, banco, toi en tôles ; et la cuisine longue de 4.30 m, large 3.10 pour une superficie de 13.33 mètres carrés, sol banco, mur banco et toit en tôle sont totalement dans l'emprise ",1786717496871.jpg,https://kf.kobotoolbox.org/api/v2/assets/anTGkBsJzTReb96GWVGu7k/data/840179465/attachments/att4UnygeawccRYo8jjVCEKz/
33662e63-dc31-417d-b9b9-dc5d40446778,840179632,266,pap_1577,,cni,116654531,parcelle_construite autre,0,0,1,0,1,0,Cultures et tombes,oui,609,,"La bâtis de la PAP est désormais hors d'emprise. Cependant, 3 tombes se retrouvent dans l'emprise, dont 1 aménagée ",1786718195237.jpg,https://kf.kobotoolbox.org/api/v2/assets/anTGkBsJzTReb96GWVGu7k/data/840179632/attachments/attuRnfHKTxFjxsGw7DaAhUJ/
add98432-1073-4be4-883d-da38d396a87e,840179814,267,pap_1371,,cni,SU03068I5IPGN27PTFB1,autre parcelle_construite,0,0,1,0,1,0,Cultures et tombes ,oui,433,,"La bâtis de la PAP de longueur 10.1 m, largeur 8.1 m, superficie 81.81 mètres carrés, sol cimenté, mur maçonné, toit tôles, est dans l'emprise. Par ailleurs l'on enregistré 7 tombes dont 3 aménagées sont également dans l'emprt",1786726054705.jpg,https://kf.kobotoolbox.org/api/v2/assets/anTGkBsJzTReb96GWVGu7k/data/840179814/attachments/attj5LGy4CFHrrgY2vYiLcHx/
302b1fb9-da74-45f8-8e02-ce7d7cc22478,840180035,268,pap_1497,,cni,CE03107I54JO7JDUG,parcelle_agricole,0,1,0,0,0,0,,oui,559,,,1786701932277.jpg,https://kf.kobotoolbox.org/api/v2/assets/anTGkBsJzTReb96GWVGu7k/data/840180035/attachments/attiYvHyf92BgfTveM9xGMvw/
c221f5e3-c325-4237-ade4-0be56a4ea0b4,840180170,269,pap_1502,,cni,101079184,parcelle_agricole parcelle_construite,0,1,1,0,0,0,,oui,564,,La batis n'est plus impacté mais Les cultures sont impactés.,1786707658988.jpg,https://kf.kobotoolbox.org/api/v2/assets/anTGkBsJzTReb96GWVGu7k/data/840180170/attachments/attCJC7H2HUJ2VNhSwZTiMza/
fbb9cec8-f2ac-426c-a4f3-003215e8f8b4,840180214,270,pap_1499,,cni,106146126,parcelle_agricole,0,1,0,0,0,0,,oui,561,,,1786709120193.jpg,https://kf.kobotoolbox.org/api/v2/assets/anTGkBsJzTReb96GWVGu7k/data/840180214/attachments/attAAWev9xY9KKv87kjaLwkw/
7068eeaf-acfa-4148-83f0-c50e9bb5b878,840180239,271,pap_1574,,cni,115165021,parcelle_construite parcelle_agricole,0,1,1,0,0,0,,oui,636,,,1786719414774.jpg,https://kf.kobotoolbox.org/api/v2/assets/anTGkBsJzTReb96GWVGu7k/data/840180239/attachments/attrds3LRre5hkUsHPW8WjJM/
650faa42-ed44-4cf3-8063-c613a8c7f823,840180281,272,pap_1554,,cni,101105694,parcelle_agricole,0,1,0,0,0,0,,oui,616,,Decès du beneficiare et requète pour changement de beneficiare à Atemetem Carine Nadege,,
1105ca29-85b4-4c3f-b33e-b569ea985075,840180359,273,pap_1553,,cni,106154674,parcelle_agricole,0,1,0,0,0,0,,oui,615,,,1786721671613.jpg,https://kf.kobotoolbox.org/api/v2/assets/anTGkBsJzTReb96GWVGu7k/data/840180359/attachments/attH9stgbziwATw4CFTNUaTN/
7eb12850-7e2c-4668-8e82-b312384e72b8,840180459,274,pap_1557,,cni,101096696,parcelle_agricole,0,1,0,0,0,0,,oui,619,,,1786721910114.jpg,https://kf.kobotoolbox.org/api/v2/assets/anTGkBsJzTReb96GWVGu7k/data/840180459/attachments/att469enhdxb6LnYLvv2YGee/
3ee10d63-3013-4ff2-bbd6-73996592f6cf,840180471,275,pap_1576,,cni,101079061,parcelle_construite parcelle_agricole,0,1,1,0,0,0,,oui,638,,,1786718965046.jpg,https://kf.kobotoolbox.org/api/v2/assets/anTGkBsJzTReb96GWVGu7k/data/840180471/attachments/attqV6gm8gGZwgRyK9cBXomm/
6a70b0aa-736e-4569-99c2-c61cf534e267,840180750,276,pap_1362,,cni,115609659,parcelle_agricole,0,1,0,0,0,0,,oui,424,,Changement  de bénéficiaire   de ABOUI SAMBA ÉLISABETH   pour ELA MANY FRANCK ALEX  id AA18032490,1786697168985.jpg,https://kf.kobotoolbox.org/api/v2/assets/anTGkBsJzTReb96GWVGu7k/data/840180750/attachments/attHh3jjgkJMnPjt6SNXtKiJ/
182964ef-819e-4b52-86b7-68f1ccbcb46e,840180913,277,pap_1482,,cni,115365503,parcelle_agricole parcelle_construite,0,1,1,0,0,0,,oui,544,,"PAP  gravement malade changement  de bénéficiaire  pour MESSI JEAN CALVIN  id AB00570791 

REQUÊTE  EN COUR . 

Maison hors de l´emprise",1786702771508.jpg,https://kf.kobotoolbox.org/api/v2/assets/anTGkBsJzTReb96GWVGu7k/data/840180913/attachments/attk7U8jzcpsqJdpPsiXmFLR/
2b2f2a81-0e16-42b9-b712-d1d781538bb9,840180950,278,pap_1466,,cni,115365911,parcelle_construite,0,0,1,0,0,0,,oui,528,,Maison  hors de l´emprise actuellement  . Et PAP décédé ,,
36252bb6-6d95-4913-b0e7-886a656124c8,840180998,279,pap_1506,,cni,111284565,parcelle_agricole,0,1,0,0,0,0,,oui,568,,,1786706381490.jpg,https://kf.kobotoolbox.org/api/v2/assets/anTGkBsJzTReb96GWVGu7k/data/840180998/attachments/attJgYfNiPaHwDf3Azr5SaXg/
12d1489e-3d61-4868-8253-bf22d99a5c94,840181014,280,pap_1504,,cni,100376893,parcelle_construite,0,0,1,0,0,0,,oui,566,,,1786709482737.jpg,https://kf.kobotoolbox.org/api/v2/assets/anTGkBsJzTReb96GWVGu7k/data/840181014/attachments/att3qic8eHN3kNDddVqaZGSY/
a89f344e-cdaf-41fa-8900-f30d975f6711,840181067,281,pap_1469,,cni,11730883,parcelle_agricole,0,1,0,0,0,0,,oui,531,,,1786710544887.jpg,https://kf.kobotoolbox.org/api/v2/assets/anTGkBsJzTReb96GWVGu7k/data/840181067/attachments/attJnD2gcsxdWsRqe9kYvmKu/
e0e5c067-e053-4ccc-bd7a-358cdc4425f4,840181135,282,pap_1577,,cni,116654531,parcelle_agricole parcelle_construite,0,1,1,0,0,0,,oui,639,,"PAP TOUJOURS IMPACTÉ   ,mais une tombe aménagée  nouvellement  impactée dans le tracé  de la route ",1786716935217.jpg,https://kf.kobotoolbox.org/api/v2/assets/anTGkBsJzTReb96GWVGu7k/data/840181135/attachments/attQbRmWEHwVieCWvXzW3KQw/
8f666a26-8db3-4d38-9523-97aa40086145,840181414,283,pap_1386,,autre,Récépissé ,parcelle_agricole parcelle_construite,0,1,1,0,0,0,,oui,448,,"1)Changement de bénéficiaire pour OLOMO JEAN PIERRE.
2) Présence de deux tombes dont une aménagée et une non aménagée.
3) DEUX MAISONS IMPACTÉES 
- Maison principale 
Lon: 10,25
Lar:7,17
T: 73,49 m²
Maçonnée 
Tôle 
Sol:Banco
Standard normal
- Cuisine
Lon:8,28
Lar:5,39
T:44,63
Mur: Maçonnée
Tôle 
Sol: BANCO
Délabrée ",1786693607903.jpg,https://kf.kobotoolbox.org/api/v2/assets/anTGkBsJzTReb96GWVGu7k/data/840181414/attachments/attQ2eNmuoRcJqt6yapFDfJp/
f2d33e5b-2130-4d39-804d-61e6bce8acaf,840183011,284,pap_1513,,cni,106154975,parcelle_agricole,0,1,0,0,0,0,,oui,575,,"Mais hors emprise, 
Culture dans l'emprise ",1786709555634.jpg,https://kf.kobotoolbox.org/api/v2/assets/anTGkBsJzTReb96GWVGu7k/data/840183011/attachments/attcpTwYdSAEkhiKkXcNdD3c/
cf38a54a-93d1-46a5-ad3a-08db85a5773b,840485856,285,pap_1485,,cni,116162670,parcelle_agricole,0,1,0,0,0,0,,oui,547,,,1786702308483.jpg,https://kf.kobotoolbox.org/api/v2/assets/anTGkBsJzTReb96GWVGu7k/data/840485856/attachments/attXdKRXESbDmNafFBHzNNnb/
7b5ed82d-5c8f-4103-8fe6-d4b592d0f93d,840486007,286,pap_1467,,cni,101162481,parcelle_agricole,0,1,0,0,0,0,,oui,529,,,1786704112892.jpg,https://kf.kobotoolbox.org/api/v2/assets/anTGkBsJzTReb96GWVGu7k/data/840486007/attachments/atterT498tZu75JddviStJfC/
7b76826c-f4ff-47ba-91ce-6e607241eeec,840486152,287,pap_1479,,cni,104530422,parcelle_construite,0,0,1,0,0,0,,oui,541,,PAP bagyeli dont bâtisse hors emprise maintenant ,1786707794512.jpg,https://kf.kobotoolbox.org/api/v2/assets/anTGkBsJzTReb96GWVGu7k/data/840486152/attachments/attSmG9tL9sijmC4pE8uJRPr/
43611457-9ad1-479d-8223-829021090104,840486257,288,pap_1480,,cni,101095468,parcelle_agricole,0,1,0,0,0,0,,oui,542,,"Elom Laurent, PAP 541 dans le décret déclare avoir enregistré ELOM MEDE Laurent son petit-fils qui réside à mpangou- Kribi sous directive de l'équipe de recensement des biens ",1786708279726.jpg,https://kf.kobotoolbox.org/api/v2/assets/anTGkBsJzTReb96GWVGu7k/data/840486257/attachments/att9DJ8JFhoJFWr4MaCSPAoo/
80816132-e586-4f38-b465-37eb742167d1,840486403,289,pap_1468,,cni,116244330,parcelle_agricole,0,1,0,0,0,0,,oui,530,,"Maison impactée de L:9.50 m; l:8.50 m; Sup: 80.75 m. Mur: maçonné ; sol: maçonné ; toiture : toles. Présence de 03 tombes non aménagées côté gauche. PAP s'est fait représenter par sa tante ENDELE Belle, tél :690552081",1786710946665.jpg,https://kf.kobotoolbox.org/api/v2/assets/anTGkBsJzTReb96GWVGu7k/data/840486403/attachments/attB58vVwYH9SyDwTpfCR5SD/
95cc6a02-8a7b-447b-ba8b-31563347d373,842139985,290,pap_1538,,cni,11124901,parcelle_agricole parcelle_construite,0,1,1,0,0,,,oui,600,,,1786962970721.jpg,https://kf.kobotoolbox.org/api/v2/assets/anTGkBsJzTReb96GWVGu7k/data/842139985/attachments/att4YTUmodi82dthpGE99pKJ/
c9fe342e-cb57-4f5e-a785-4a99d455696b,842140514,291,pap_1526,,cni,SU0306815PGN1JY,parcelle_agricole,0,1,0,0,0,,,oui,588,,,1786963262124.jpg,https://kf.kobotoolbox.org/api/v2/assets/anTGkBsJzTReb96GWVGu7k/data/842140514/attachments/att9wSnjSXmJvxEc8NQCLPEu/
cf6d7a50-26d8-40c4-85bb-4ea5ff276786,842141222,292,pap_1532,,cni,106146267,parcelle_agricole parcelle_construite,0,1,1,0,0,,,oui,594,,,1786963535518.jpg,https://kf.kobotoolbox.org/api/v2/assets/anTGkBsJzTReb96GWVGu7k/data/842141222/attachments/attYKFUqgtZmdEWXxXwgmPg8/
ce0810e0-9976-4aab-91f0-e3a02ac823dd,842141476,293,pap_1521,,cni,SU03068I5J106CK6,parcelle_agricole,0,1,0,0,0,,,oui,583,,,1786964254466.jpg,https://kf.kobotoolbox.org/api/v2/assets/anTGkBsJzTReb96GWVGu7k/data/842141476/attachments/attQPqUVaCNYyqEySbnqUN47/
bb431c16-f177-495b-b534-a1a2b83851f3,842141821,294,pap_1537,,cni,115266629,parcelle_agricole parcelle_construite,0,1,1,0,0,,,oui,599,,,1786972727847.jpg,https://kf.kobotoolbox.org/api/v2/assets/anTGkBsJzTReb96GWVGu7k/data/842141821/attachments/attFnwETUt5A2EDZ2KmbxFRT/
1a4a6c1b-8878-4c50-b377-6a89a0c0b636,842142851,295,pap_1545,,cni,116654719,parcelle_agricole,0,1,0,0,0,0,,oui,607,,Culture hors emprise,1786956814468.jpg,https://kf.kobotoolbox.org/api/v2/assets/anTGkBsJzTReb96GWVGu7k/data/842142851/attachments/attFjc9iDWxFVwmjahZ9EmoW/
dab4bbf0-5ec4-41ca-9293-e3a070ebc0d4,842142889,296,pap_1524,,cni,101095473,parcelle_agricole parcelle_construite,0,1,1,0,0,0,,oui,586,,,1786959213135.jpg,https://kf.kobotoolbox.org/api/v2/assets/anTGkBsJzTReb96GWVGu7k/data/842142889/attachments/attnYsmxfEjFYhwxzHEgeist/
0c0aec89-5fba-4832-9cba-763b11b3df86,842142922,297,pap_1535,,cni,485927,parcelle_agricole parcelle_construite,0,1,1,0,0,0,,oui,597,,,1786962226551.jpg,https://kf.kobotoolbox.org/api/v2/assets/anTGkBsJzTReb96GWVGu7k/data/842142922/attachments/attqBBZ3Fz7ujZmq68sJDmWk/
adbd7c68-af0c-4ce2-be99-8f05dae78e92,842142958,298,pap_1523,,cni,114950941,parcelle_agricole parcelle_construite,0,1,1,0,0,0,,oui,585,,"Le bâtit n´est plus dans l´emprise  .

Bénéficiaire  décédé  ,changement  de bénéficiaire",,
45939018-77af-46d7-b03e-722dca5a1230,842143001,299,pap_1558,,cni,115365835,parcelle_agricole parcelle_construite,0,1,1,0,0,0,,oui,620,,Le bâtit est hors de l´emprise ,,
9161fb26-e474-4ee1-b359-ce80204262c0,842147023,300,pap_0666,,cni,1145033679,parcelle_agricole,0,1,0,0,0,0,,oui,667,,,,
65117a47-5da5-455f-828a-2e577465cf40,842147171,301,pap_1542,,cni,112407183,parcelle_agricole,0,1,0,0,0,0,,oui,604,,,1786955294518.jpg,https://kf.kobotoolbox.org/api/v2/assets/anTGkBsJzTReb96GWVGu7k/data/842147171/attachments/attqPtS9SAmnzbXGDDyWNkmQ/
6311dd69-9d68-4058-8485-400168c7fa1e,842147252,302,pap_1514,,cni,111274967,parcelle_agricole parcelle_construite,0,1,1,0,0,0,,oui,576,,,1786959850518.jpg,https://kf.kobotoolbox.org/api/v2/assets/anTGkBsJzTReb96GWVGu7k/data/842147252/attachments/attZn7p7yqrgpu2wQFgoQxnC/
ce809554-5ac9-4b06-a78f-816e93e9939c,842147330,303,pap_1517,,cni,000827526,hors_zone_influence,0,0,0,0,0,1,,oui,579,,,,
2f97b43d-ae86-46f0-9c9a-ba3923cc9be0,842147382,304,pap_1525,,cni,115365552,parcelle_agricole,0,1,0,0,0,0,,oui,587,,,1786960729872.jpg,https://kf.kobotoolbox.org/api/v2/assets/anTGkBsJzTReb96GWVGu7k/data/842147382/attachments/att8P885oWciYt4ojxfS875v/
1e532c45-18bb-4f6b-adc1-a38f4bf74466,842147545,305,pap_1522,,cni,457707,parcelle_agricole,0,1,0,0,0,0,,oui,584,,Decès du beneficiare et requète en cours pour changement de beneficiare à Efaden Jules Arthur. La signature est celle de son fils qui est desormais beneficiare,1786963805564.jpg,https://kf.kobotoolbox.org/api/v2/assets/anTGkBsJzTReb96GWVGu7k/data/842147545/attachments/attPxEFe3Ab25izS3nimNbB9/
e5ac1160-1f8e-4fc8-a79f-d127e1d13542,842147611,306,pap_1547,,cni,114314502/AB02629130,parcelle_agricole parcelle_construite,0,1,1,0,0,0,,oui,609,,,1786971004521.jpg,https://kf.kobotoolbox.org/api/v2/assets/anTGkBsJzTReb96GWVGu7k/data/842147611/attachments/attxAqCsfyDNC8bTTGKtkfoi/
0f94ecc6-0f67-49ef-b034-b07b8a84e9b8,842147738,307,pap_1569,,cni,SU1326I5I,parcelle_construite parcelle_agricole,0,1,1,0,0,0,,oui,631,,La batis n'est plus impacté ,1786973623381.jpg,https://kf.kobotoolbox.org/api/v2/assets/anTGkBsJzTReb96GWVGu7k/data/842147738/attachments/attRNe6eUV6VpMaJXeLe8rep/
4c99d6e9-4f08-4b01-83cb-b3b236aa90bf,842147788,308,pap_1565,,cni,111274925,parcelle_agricole parcelle_construite,0,1,1,0,0,0,,oui,627,,Decès du beneficiare et requète en cours pour changement de beneficiare à Bilo'o Jeanne,,
c99d9bb9-f117-4241-ac45-d66fcbdb3a41,842147817,309,pap_1567,,cni,101562398,parcelle_agricole,0,1,0,0,0,0,,oui,629,,Decès du beneficiare et requète en cours pour changement de beneficiare à Nkoadja Ghislaine ,,
3273e64d-e21f-4cc0-b602-3f2b37741d81,842157333,310,pap_1543,,cni,101516527,parcelle_construite parcelle_agricole,0,1,1,0,0,0,,oui,605,,"Présence d'une maison en planche, sol: banco, toiture : tôle ; Sup: 96.72m2; L:12.40; l:7,80 appartenant à la belle sœur du PAP absente, Mme Assako Célestine. Présence de 03 tombes dont 02 aménagées appartenant à Mr Zeh Samuel ",1786958429179.jpg,https://kf.kobotoolbox.org/api/v2/assets/anTGkBsJzTReb96GWVGu7k/data/842157333/attachments/attAZNWiecCVnAgofZ6GJNsD/
b83f071d-033e-4dc7-999b-a6d2d3b10c67,842158575,311,pap_1528,,cni,101096112,parcelle_agricole parcelle_construite,0,1,1,0,0,0,,oui,590,,Présence de caveau familial dont 05 sur l'emprise ,1786962979407.jpg,https://kf.kobotoolbox.org/api/v2/assets/anTGkBsJzTReb96GWVGu7k/data/842158575/attachments/attbfzZ99eLJaPTCHQksxwY7/
25e66d20-20b8-46e3-b889-b6fdb33e9917,842158780,312,pap_1544,,cni,111274838,parcelle_agricole,0,1,0,0,0,0,,oui,606,,,1786971848607.jpg,https://kf.kobotoolbox.org/api/v2/assets/anTGkBsJzTReb96GWVGu7k/data/842158780/attachments/attQiBSJWBFYWqo9kod2BdLw/
95775b5a-4e69-4cc5-9b25-3f3a1c301aff,842158899,313,pap_1516,,cni,SU1751215JO8WJ8,parcelle_agricole parcelle_construite,0,1,1,0,0,0,,oui,578,,Batisse effondrée et n'existe plus ,1786964384837.jpg,https://kf.kobotoolbox.org/api/v2/assets/anTGkBsJzTReb96GWVGu7k/data/842158899/attachments/attUWmYqoam73zp7FtXtEiso/
fd72261a-c2a6-4a77-a4e7-04901a0ea2e6,842159035,314,pap_1515,,cni,111274902,parcelle_agricole parcelle_construite,0,1,1,0,0,0,,oui,577,,PAP décédé et requête de changement de bénéficiaire en cours ,1786972913013.jpg,https://kf.kobotoolbox.org/api/v2/assets/anTGkBsJzTReb96GWVGu7k/data/842159035/attachments/attVqqMYVBLEu3nfh4PfY5YQ/
0df55e23-7caa-4d20-b66e-fda1ec5711cd,842279189,315,pap_1366,,cni,115365816,autre,0,0,0,0,1,0,Cultures ,oui,428,,,1786951085474.jpg,https://kf.kobotoolbox.org/api/v2/assets/anTGkBsJzTReb96GWVGu7k/data/842279189/attachments/attg7CcC3ut26ixQ2nCi9Fjh/
a8b04549-47c6-47b2-b3a3-2cc61d993c4d,842279290,316,pap_1550,,cni,SU145009I5J3FG1PU,parcelle_construite autre,0,0,1,0,1,0,Cultures ,oui,612,,"La bâtis de la PAP est hors emprise, cependant les cultures y demeury",1786955234597.jpg,https://kf.kobotoolbox.org/api/v2/assets/anTGkBsJzTReb96GWVGu7k/data/842279290/attachments/att3i9y8askZpxtGc9CzWH3B/
78b6b74d-0eb4-4cdc-9d73-05d1f812bba0,842279349,317,pap_1549,,cni,CE11051I5J7D6ZPUHL36,parcelle_construite autre,0,0,1,0,1,0,Cultures ,oui,611,,"Erreur sur le nom de la PAP. Au lieu de OTYE PIERRE CLAVER, il est écrit OTYE PAUL CLAVER
Les bâtis de la PAP sont toutes dans l'emprise :
La maison principale (sol cimenté, mur maçonné, toit en tôle, longueur 13.7 m, largeur 9.6 m, superficie 131.52 mètres carrés)
La deuxième maison sol banco, mur maçonné, toit en tôle, longueur 9.2 m, largeur 7.25 m, superficie 66.7 mètres carrés)
La cuisine (sol banco, mur banco, toit en tôle, longueur 12 m, largeur 6.2m , superficie 74.4 mètres carrés)
L'on note également la présence d'une tombe aménagée dans l'empire 
La plantation de cacaoyers cependant est désormais hors emprise.",1786960281160.jpg,https://kf.kobotoolbox.org/api/v2/assets/anTGkBsJzTReb96GWVGu7k/data/842279349/attachments/att2KdiFGVgTvtiL7fDVRYup/
bbb6f3e1-4e7e-4478-a3a4-1e40ae321945,842280290,318,pap_1540,,cni,SU03068I5J3R7MJYQLM2,parcelle_construite autre,0,0,1,0,1,0,Cultures ,oui,602,,,1786963315700.jpg,https://kf.kobotoolbox.org/api/v2/assets/anTGkBsJzTReb96GWVGu7k/data/842280290/attachments/attXJDhSu6vfrJdeKjhYSzhQ/
b93061a6-086e-43e1-9a05-62e157ff716d,842280328,319,pap_1558,,cni,115365835,parcelle_construite autre,0,0,1,0,1,0,Cultures ,oui,620,,Les cultures de la PAP n'existent plus ,1786977763257.jpg,https://kf.kobotoolbox.org/api/v2/assets/anTGkBsJzTReb96GWVGu7k/data/842280328/attachments/attgWVUV5YR96ZfkjVwQFnzE/
098fdfd9-24bd-4adb-8fef-2a50d278af1f,843176123,320,pap_1370,,cni,101124339,autre parcelle_construite,0,0,1,0,1,0,Cultures ,oui,432,,"La bâtis de la PAP se retrouve impactée car présente dans l'emprise. Elle fait 10.19 m de long, 7.17 m de large, 73.06 mètres carrés de superficie, sol banco, mur banco et toit en tôles.

En outre, la PAP est décédée est représentée par sa nièce la nommée ABANG NADÈGE IRÈNE, CNI n°500030831 du 08/03/2022, CE69.",1787039642770.jpg,https://kf.kobotoolbox.org/api/v2/assets/anTGkBsJzTReb96GWVGu7k/data/843176123/attachments/att35RzTU2TvKNUaNCRRyFJu/
f50d3a3e-1092-4317-bc6c-188e4d1d145d,843178357,321,pap_1534,,cni,000357732,parcelle_agricole parcelle_construite,0,1,1,0,0,0,,oui,596,,,1787046245438.jpg,https://kf.kobotoolbox.org/api/v2/assets/anTGkBsJzTReb96GWVGu7k/data/843178357/attachments/att3v3M2gUq4yhc8QbsEfHdM/
066e2568-26bf-4432-8f6b-f7bf3463b948,843178550,322,pap_1575,,cni,117435890,parcelle_agricole,0,1,0,0,0,0,,oui,637,,PAP absent Rep par son frère Nsomoto Daniel ,1787048984310.jpg,https://kf.kobotoolbox.org/api/v2/assets/anTGkBsJzTReb96GWVGu7k/data/843178550/attachments/attirfBgYLr8xs2UoYMXXxzt/
7981b344-6970-49a3-abac-ebba3bb40eee,843178725,323,pap_1541,,cni,100795944,parcelle_construite,0,0,1,0,0,0,,oui,603,,PAP hors emprise,1787047504996.jpg,https://kf.kobotoolbox.org/api/v2/assets/anTGkBsJzTReb96GWVGu7k/data/843178725/attachments/att3cncA5A65YCQNSkZWQ6rv/
9ee1708d-b2aa-41f2-8983-16e1e620a12b,843178807,324,pap_1562,,cni,SU01232I5IZESJUW,parcelle_agricole,0,1,0,0,0,0,,oui,623,,PAP hors emprise et plus de culture ,1787049751605.jpg,https://kf.kobotoolbox.org/api/v2/assets/anTGkBsJzTReb96GWVGu7k/data/843178807/attachments/attzmvD8dBeu9v2cpnbkySms/
1bf0c42c-b284-4563-a318-21dce1b47f0e,843178975,325,pap_1587,,cni,117022557,autre,0,0,0,0,1,0,Cultures ,oui,649,,,1787058839074.jpg,https://kf.kobotoolbox.org/api/v2/assets/anTGkBsJzTReb96GWVGu7k/data/843178975/attachments/attRsnj4E8jbct4abSigQpTX/
10fd0944-c063-447d-a04b-054b37a97d81,843179037,326,pap_1590,,cni,100138642,parcelle_agricole,0,1,0,0,0,0,,oui,652,,Montant de décret non conforme avec le montant kobo,1787059147860.jpg,https://kf.kobotoolbox.org/api/v2/assets/anTGkBsJzTReb96GWVGu7k/data/843179037/attachments/att3tdgQ8TEmCQWVW8WyrQK6/
5965ed1c-2370-47f0-b94c-3b65b09e4df0,843179182,327,pap_1595,,cni,101318064,parcelle_agricole parcelle_construite,0,1,1,0,0,0,,oui,658,,"Titre foncier 11786, contenance : 13 ha 74 are 48 centimes non pris en compte. Requête faite en 2026. 01 tombe non aménagée au pk106+500D",1787060878229.jpg,https://kf.kobotoolbox.org/api/v2/assets/anTGkBsJzTReb96GWVGu7k/data/843179182/attachments/attSSW5vS8eWkEenzDCrNMtq/
99fc6076-4bb3-4365-a77a-ee63311237f2,843179279,328,pap_1594,,cni,111274814,autre,0,0,0,0,1,0,Cultures ,oui,657,,,1787059206692.jpg,https://kf.kobotoolbox.org/api/v2/assets/anTGkBsJzTReb96GWVGu7k/data/843179279/attachments/attEGV7eYMfAdBk7eCagcY7S/
46374d43-ce4e-456c-91b0-22fca59f0c87,843179450,329,pap_1596,,cni,116654685,autre,0,0,0,0,1,0,Cultures ,oui,659,,,1787060545188.jpg,https://kf.kobotoolbox.org/api/v2/assets/anTGkBsJzTReb96GWVGu7k/data/843179450/attachments/attZWXZdJmjPqjKrzNUmGV2X/
f2dfa7f6-6722-4d89-bbff-225207d9987b,843179655,330,autre_pap_ndjabilobe,MENYE DANIEL NARCISSE,cni,SU01097I5J71PJVYNGI2,autre,0,0,0,0,1,0,Cultures ,oui,653,,,1787060880398.jpg,https://kf.kobotoolbox.org/api/v2/assets/anTGkBsJzTReb96GWVGu7k/data/843179655/attachments/attiA8aECPVFAMEwa6Gi8qHr/
dea017c7-5e0b-4c01-af52-58ef666f21d1,843179695,331,pap_1579,,cni,101078893,parcelle_agricole,0,1,0,0,0,0,,oui,641,,Une partie du champ n´est pas dans le décret,1787050394409.jpg,https://kf.kobotoolbox.org/api/v2/assets/anTGkBsJzTReb96GWVGu7k/data/843179695/attachments/attCqdGYwJQh4PEFfbkTUSFV/
c5a6c333-07c4-4b68-827b-9ffe84a7a737,843180001,332,pap_1591,,cni,SU03206I5JO3FW3Y,autre,0,0,0,0,1,0,Cultures ,oui,654,,PAP hors de l'emprise ,1787061468346.jpg,https://kf.kobotoolbox.org/api/v2/assets/anTGkBsJzTReb96GWVGu7k/data/843180001/attachments/attmLELmM37AJcutZpnXSKJ8/
91369275-2b61-44c4-9538-aca70d76e45d,843180115,333,pap_1578,,cni,SU03068I5JO3LW9Y,parcelle_agricole parcelle_construite,0,1,1,0,0,0,,oui,640,,La maison est hors de l´emprise,1787064518221.jpg,https://kf.kobotoolbox.org/api/v2/assets/anTGkBsJzTReb96GWVGu7k/data/843180115/attachments/attEMHX8Gxhk7btg9i9pmFJm/
ce0b6251-a9bc-4ac2-8efe-16bfd2bcb68b,843180151,334,pap_1572,,cni,100376902,parcelle_agricole parcelle_construite,0,1,1,0,0,0,,oui,634,,La maison n´est plus dans l´emprise de la route ,1787065421977.jpg,https://kf.kobotoolbox.org/api/v2/assets/anTGkBsJzTReb96GWVGu7k/data/843180151/attachments/att5grjz2rm5gyALzm4s3nAq/
824668d6-0b34-4936-bbbd-718977739f9b,843180206,335,pap_1555,,cni,166461116,parcelle_construite autre,0,0,1,0,1,0,Cultures ,oui,617,,La bâtis est hors de l'emprise ,1787064493799.jpg,https://kf.kobotoolbox.org/api/v2/assets/anTGkBsJzTReb96GWVGu7k/data/843180206/attachments/attTnACg7epSyHWeAfueeGRM/
a10650f7-46ac-4eaa-baa0-6a6b3a487050,843180541,336,pap_1584,,cni,101216252,parcelle_construite autre,0,0,1,0,1,0,Cultures et tombe non aménagée,oui,646,,Présence dans la concession d'une tombe non aménagée ,1787065284001.jpg,https://kf.kobotoolbox.org/api/v2/assets/anTGkBsJzTReb96GWVGu7k/data/843180541/attachments/att28AbEmatUTdusyGFWcLxB/
ab5de19d-8c71-429d-86fa-277c6c4c64c0,843181359,337,pap_1520,,cni,101317295,parcelle_agricole,0,1,0,0,0,0,,oui,582,,,1786972187292.jpg,https://kf.kobotoolbox.org/api/v2/assets/anTGkBsJzTReb96GWVGu7k/data/843181359/attachments/attBWkLGAo2EGTdKaX3xyjj3/
ede53719-7433-4ac2-ad97-7593283600fd,843181480,338,pap_1551,,cni,000412078,parcelle_agricole parcelle_construite,0,1,1,0,0,0,,oui,613,,Il ya 4 tombes amenagés et non inventoriés,1787063496649.jpg,https://kf.kobotoolbox.org/api/v2/assets/anTGkBsJzTReb96GWVGu7k/data/843181480/attachments/att6ZV4exhEZcVkc7uzTjCXc/
788913f9-47bc-4972-ba01-39a601e03f6b,843181544,339,pap_1583,,cni,100317032,parcelle_construite parcelle_agricole,0,1,1,0,0,0,,oui,645,,,1787065367139.jpg,https://kf.kobotoolbox.org/api/v2/assets/anTGkBsJzTReb96GWVGu7k/data/843181544/attachments/attdfD8EbZu3Y4NK5njs4hqm/
704b3866-9a48-4dff-ab39-1abfbdcb3011,843182601,340,pap_1566,,cni,100239592,parcelle_agricole parcelle_construite,0,1,1,0,0,,,oui,628,,"Maison hors emprise.
Modifications orthographe graphe nom :MENGUE ELE",1787064312512.jpg,https://kf.kobotoolbox.org/api/v2/assets/anTGkBsJzTReb96GWVGu7k/data/843182601/attachments/attKhwS6agZfX7UexwAMvYCR/
e2a5b66c-9f1e-4d62-9cb7-2a83c7973951,843183101,341,pap_1420,,cni,116654907,parcelle_construite parcelle_agricole,0,1,1,0,0,0,,oui,482,,,1786985025630.jpg,https://kf.kobotoolbox.org/api/v2/assets/anTGkBsJzTReb96GWVGu7k/data/843183101/attachments/attXta3o9NYdNRfoX2BqbYU3/
beee5cb9-f5d5-467f-8a42-54ce882e8a55,843183486,342,pap_1518,,cni,SU03068I5IPJN2V,parcelle_agricole parcelle_construite,0,1,1,0,0,,,oui,580,,,1787068292971.jpg,https://kf.kobotoolbox.org/api/v2/assets/anTGkBsJzTReb96GWVGu7k/data/843183486/attachments/attsae5BVRxt63p53c7PST3r/
85fb41e5-ede7-4b0c-847f-60add884c040,844705297,343,pap_1582,,cni,100553460,parcelle_construite autre,0,0,1,0,1,0,Tombes aménagées et cultures ,oui,644,,"Domaine de la PAP très vaste.
Présence dans l'emprise de 9 tombes dont 6 aménagées ;
Présence dans l'emprise de cultures :
Plantains (75)
Cacaoyers (6)
Palmiers (3)
Orangier (2)
Papayers (5)
Manguier (2)",1787133547619.jpg,https://kf.kobotoolbox.org/api/v2/assets/anTGkBsJzTReb96GWVGu7k/data/844705297/attachments/atthAHEirauwPznquEzjo34u/
e0cb31bb-8c24-4d55-b325-0644f9df0316,845453689,344,pap_1531,,cni,111274284,parcelle_agricole parcelle_construite,0,1,1,0,0,0,,oui,593,,,1787131125094.jpg,https://kf.kobotoolbox.org/api/v2/assets/anTGkBsJzTReb96GWVGu7k/data/845453689/attachments/attyWVKG2EURtDKqAeWnaArn/
6d0dc315-5c46-4214-8b07-8d17d10dae8e,845453965,345,pap_1539,,cni,112619441,parcelle_agricole,0,1,0,0,0,0,,oui,601,,"Changement de bénéficiaire  pour sa mère  madame MBENGON veuve MFOULOU MADELEINE  retraite en cours 

C´est la mère  qui a signé",1787135369187.jpg,https://kf.kobotoolbox.org/api/v2/assets/anTGkBsJzTReb96GWVGu7k/data/845453965/attachments/atteidhF9v4YbgzhBr9uNhBD/
c0dff5cf-9378-42d9-b2cb-a98c1527a795,845453990,346,pap_0712,,cni,117247768,parcelle_agricole,0,1,0,0,0,0,,oui,713,,,1787215851278.jpg,https://kf.kobotoolbox.org/api/v2/assets/anTGkBsJzTReb96GWVGu7k/data/845453990/attachments/attfiDLNTUcwc9tseTr9dRcm/
b59101b5-935f-452a-844b-d23e480b2331,845454197,347,pap_1536,,cni,SU03068I5IPGBN2QXE5,parcelle_agricole,0,1,0,0,0,0,,oui,598,,,1787135238647.jpg,https://kf.kobotoolbox.org/api/v2/assets/anTGkBsJzTReb96GWVGu7k/data/845454197/attachments/attkVXmZPVKQfuvaMudWRkNJ/
8aee2f5f-2995-413e-8e56-1d8ef40a875b,845454221,348,pap_0718,,cni,SU0123L5JO26GZPZFUN4,parcelle_agricole parcelle_construite hors_zone_influence,0,1,1,0,0,1,,oui,719,,"La batis n'est plus impacté mais Les cultures sont impactés.
Decès de la beneficiare et requète en cours pour changement de beneficiare",,
764c7540-b27f-4ab7-a1d9-150e526f8471,845454222,349,pap_0722,,cni,117308971,parcelle_agricole parcelle_construite,0,1,1,0,0,0,,oui,723,,,1787220936166.jpg,https://kf.kobotoolbox.org/api/v2/assets/anTGkBsJzTReb96GWVGu7k/data/845454222/attachments/attsoekjmM4wQdNPwCpnaAQb/
2cc9db39-75bc-4f33-8dbf-c929a0f3ab2b,845454324,350,pap_0723,,cni,116831186,parcelle_agricole,0,1,0,0,0,0,,oui,724,,,1787223148871.jpg,https://kf.kobotoolbox.org/api/v2/assets/anTGkBsJzTReb96GWVGu7k/data/845454324/attachments/attjHHMuFzhUHEbmTgfCEPU8/
2b2412fd-274e-471b-a8af-fbdf6a2940b2,845454352,351,pap_0725,,cni,116826368,parcelle_agricole,0,1,0,0,0,0,,oui,726,,,1787222084021.jpg,https://kf.kobotoolbox.org/api/v2/assets/anTGkBsJzTReb96GWVGu7k/data/845454352/attachments/att4RC37cAvHkG5YaQMg4xqE/
57a76daf-0f53-40cd-bc5c-10b8c40e31d1,845454382,352,pap_0748,,cni,100751932,parcelle_construite,0,0,1,0,0,0,,oui,749,,La maison est hors de l´emprise de la route,1787224997945.jpg,https://kf.kobotoolbox.org/api/v2/assets/anTGkBsJzTReb96GWVGu7k/data/845454382/attachments/attQQL5HqeYZnih4Hx5RXy4K/
5492e1df-0072-4f01-9bdb-8dba1cd203b1,845454437,353,pap_0726,,cni,117174475,parcelle_agricole,0,1,0,0,0,0,,oui,727,,,1787229241172.jpg,https://kf.kobotoolbox.org/api/v2/assets/anTGkBsJzTReb96GWVGu7k/data/845454437/attachments/attkrbkpW6qotjpaKjsRnvKP/
f68c8658-dfba-4a6b-bb83-508ab57e7be2,845454457,354,pap_0735,,cni,SU01232L5JO2DSM66YZ2,parcelle_agricole,0,1,0,0,0,0,,oui,736,,,1787225457075.jpg,https://kf.kobotoolbox.org/api/v2/assets/anTGkBsJzTReb96GWVGu7k/data/845454457/attachments/attpDkKzysEFyJ5nsmLcKkYi/
623b2b86-c5f8-4c89-a33d-37ff402c908a,845454859,355,pap_1592,,cni,111274821,parcelle_construite autre,0,0,1,0,1,0,Cultures ,oui,655,,"Famille Bagyeli composée de 3 foyers avec une personne agée du troisième âge vulnérable ne pouvant plus se déplacer. 
Trois bâtis de 4 m de long et 2 m de large, de superficie 8 mètres carrés chacune.
Famille encline à se réinstaller à l'arrière de leur parcelle. ",1787136981012.jpg,https://kf.kobotoolbox.org/api/v2/assets/anTGkBsJzTReb96GWVGu7k/data/845454859/attachments/atti4YVBixbP7mEQ5tHGG4NK/
b57c941b-4663-4050-b0a2-c19b1518add1,845454974,356,pap_1509,,cni,109846412,parcelle_agricole,0,1,0,0,0,,,oui,571,,CONSTRUCTION HORS EMPRISE ,1787129003247.jpg,https://kf.kobotoolbox.org/api/v2/assets/anTGkBsJzTReb96GWVGu7k/data/845454974/attachments/attswaXzZNXDrif9j3KG3Uz4/
69489664-d2ba-4fbd-a653-bb5449080d5e,845455014,357,pap_0764,,cni,117974742,parcelle_agricole parcelle_construite,0,1,1,0,0,0,,oui,765,,La maison est hors de l´emprise de la route,1787234054302.jpg,https://kf.kobotoolbox.org/api/v2/assets/anTGkBsJzTReb96GWVGu7k/data/845455014/attachments/attQH2Sa87aY9Mddg5iV9T2p/
c5d603e4-c5a9-4c7c-92d9-bdad434699b8,845455088,358,pap_0714,,cni,SU01097L5LPKHBD0Z5NO,parcelle_agricole,0,1,0,0,0,0,,oui,715,,,1787234161524.jpg,https://kf.kobotoolbox.org/api/v2/assets/anTGkBsJzTReb96GWVGu7k/data/845455088/attachments/attR5zDA4o9cWWcEgc9PPGif/
60bc98dc-3c0d-40e5-a88e-071f07949eec,845455575,359,pap_0699,,cni,117308924,autre parcelle_construite,0,0,1,0,1,0,Cultures ,oui,700,,La bâtis de la PAP est dans l'emprise désormais ,1787215321248.jpg,https://kf.kobotoolbox.org/api/v2/assets/anTGkBsJzTReb96GWVGu7k/data/845455575/attachments/attS2JWa2FcVuXPQhZphhvn8/
c501d8d9-3dc9-4845-bf3f-92ba8701966d,845455868,360,pap_0706,,cni,113201851,parcelle_construite autre,0,0,1,0,1,0,Cultures ,oui,707,,La bâtis de la PAP est hors emprise tandis que ses cultures y demeurent ,1787216306714.jpg,https://kf.kobotoolbox.org/api/v2/assets/anTGkBsJzTReb96GWVGu7k/data/845455868/attachments/att7XsgnqqgtVZYwApmxXUy6/
b4a640e0-c6fd-4170-b50c-69c4be05fb23,845455929,361,pap_0745,,cni,117174475,parcelle_construite,0,0,1,0,0,0,,oui,746,,Présence des cultures impactées comme suit : banane plantain 10 : 05 adultes et 05 jeunes ; canne à sucre 10: 10 adultes ; manguier 02: 01 adulte et 01 jeune ; orangier 02: 01 adulte et 01 jeune ; cocotier 02: 02 jeunes ; ananas 16: 10 adultes et 06 jeunes ; avocatier 07: 05 adultes et 02 jeunes ; palmier local 02: 02 jeunes ; cacaoyer 50: 40 adultes et 10 jeunes. PAP absent et représenté par son frère jumeau MVONDO Bitom Bertin ,1787227184433.jpg,https://kf.kobotoolbox.org/api/v2/assets/anTGkBsJzTReb96GWVGu7k/data/845455929/attachments/attHGXngY7CqH2skZuuvRGBt/
d90e6782-f246-495f-9cb9-964223ef4cdc,845456072,362,pap_0762,,cni,112704652,autre,0,0,0,0,1,0,Cultures ,oui,673,,,1787220390306.jpg,https://kf.kobotoolbox.org/api/v2/assets/anTGkBsJzTReb96GWVGu7k/data/845456072/attachments/attfRdxkq7ACmswbDaFbWvou/
c7efba11-8d09-4c46-b605-29c842f9401e,845456283,363,pap_0728,,cni,110005976,parcelle_construite,0,0,1,0,0,0,,oui,729,,PAP absente et hors emprise car maison déjà écroulée. Représenté par son cousin Bidja Patrice ,1787228816480.jpg,https://kf.kobotoolbox.org/api/v2/assets/anTGkBsJzTReb96GWVGu7k/data/845456283/attachments/attJR3BTYA4XLdurqrJGrJ7r/
6a42e5b2-3e00-4950-b16a-5be90329d62d,845456393,364,pap_1529,,cni,116654915,parcelle_agricole,0,1,0,0,0,,,oui,591,,CONSTRUCTION HORS EMPRISE ,1787131200170.jpg,https://kf.kobotoolbox.org/api/v2/assets/anTGkBsJzTReb96GWVGu7k/data/845456393/attachments/attLvajkfywNbq4mxPyWAiFS/
e1d76660-a579-45b0-b4d0-12af064be9dd,845456537,365,pap_0752,,cni,116831186,parcelle_construite,0,0,1,0,0,0,,oui,753,,La PAP hors de l'emprise ,1787223232299.jpg,https://kf.kobotoolbox.org/api/v2/assets/anTGkBsJzTReb96GWVGu7k/data/845456537/attachments/attRMvP7RAnQ2E3LLsEcmgXk/
e16002c3-c06e-44bf-bd8a-76c792c5f791,845456794,366,pap_0729,,cni,115517209,parcelle_agricole,0,1,0,0,0,0,,oui,730,,PAP absente Rep par son cousin Bidja Patrice ,1787229205705.jpg,https://kf.kobotoolbox.org/api/v2/assets/anTGkBsJzTReb96GWVGu7k/data/845456794/attachments/att2DHHP2qMwaJewsprQnU6Y/
2c26b993-e009-400b-8414-d3ea4a208006,845457017,367,pap_0751,,cni,1061545523,parcelle_agricole,0,1,0,0,0,0,,oui,752,,,1787231467662.jpg,https://kf.kobotoolbox.org/api/v2/assets/anTGkBsJzTReb96GWVGu7k/data/845457017/attachments/attKtks6kmYVMW8KkuGVADr6/
d277819d-00d4-487a-a29e-d16b98cf2ed0,845457172,368,pap_0910,,cni,AA11084043,autre parcelle_construite,0,0,1,0,1,0,Cultures ,oui,927,,Cultures non existantes ,1787235774175.jpg,https://kf.kobotoolbox.org/api/v2/assets/anTGkBsJzTReb96GWVGu7k/data/845457172/attachments/attwjorSJsAjL8A9ynLRNoto/
0d67b45c-f65b-4389-b22d-11079bd35a66,845457281,369,pap_0730,,cni,117267669,parcelle_agricole,0,1,0,0,0,0,,oui,731,,,1787235562070.jpg,https://kf.kobotoolbox.org/api/v2/assets/anTGkBsJzTReb96GWVGu7k/data/845457281/attachments/attP497bpEoHBXJVAsAbKvPP/
1b7ba2a8-401f-4f17-b02c-ebe55128d6d8,845457485,370,pap_1568,,cni,119319937,parcelle_agricole parcelle_construite,0,1,1,0,0,,,oui,630,,HORS EMPRISE,1787135512154.jpg,https://kf.kobotoolbox.org/api/v2/assets/anTGkBsJzTReb96GWVGu7k/data/845457485/attachments/attGu9tjbtyUtwHdDa999WV7/
4502e4cd-5848-4bf9-ba6f-cf1beda3080d,845458267,371,pap_1397,,cni,114960845,parcelle_agricole,0,1,0,0,0,,,oui,459,,,1787140127541.jpg,https://kf.kobotoolbox.org/api/v2/assets/anTGkBsJzTReb96GWVGu7k/data/845458267/attachments/attJCZXxGBSvVuUbtECJCvxA/
80c73a84-5073-4c95-b402-3b1cbd52e990,845458716,372,pap_0708,,cni,113201936,parcelle_construite parcelle_agricole,0,1,1,0,0,,,oui,709,,CULTURES HORS EMPRISE ,1787215317992.jpg,https://kf.kobotoolbox.org/api/v2/assets/anTGkBsJzTReb96GWVGu7k/data/845458716/attachments/attoZYYp33NA8b8ZU4GdCFFh/
da1ff507-2f09-473f-a043-19aa80f8ff5d,845459187,373,pap_0705,,cni,117756823,parcelle_agricole parcelle_construite,0,1,1,0,0,,,oui,706,,FONDATION HORS EMPRISE. ,1787216255504.jpg,https://kf.kobotoolbox.org/api/v2/assets/anTGkBsJzTReb96GWVGu7k/data/845459187/attachments/attPWF2d2a5A6KYgqJPinS6p/
c17ed535-e3b7-4977-b4af-4b07cdd20f23,845459709,374,pap_0757,,cni,112248587,parcelle_agricole parcelle_construite,0,1,1,0,0,,,oui,758,,,1787222253884.jpg,https://kf.kobotoolbox.org/api/v2/assets/anTGkBsJzTReb96GWVGu7k/data/845459709/attachments/attjEDP7ByCEQ9vFba7ijmrH/
7f1bfd42-d740-4738-844f-812a61d30b44,845460754,375,pap_0736,,cni,113863457,parcelle_agricole,0,1,0,0,0,,,oui,737,,,1787222792933.jpg,https://kf.kobotoolbox.org/api/v2/assets/anTGkBsJzTReb96GWVGu7k/data/845460754/attachments/atth3YB3B5wmkHfLw5nrk27S/
1b7715d1-8755-43a2-ae77-3d4fd67df90f,845460894,376,pap_0740,,cni,101279318,parcelle_construite,0,0,1,0,0,,,oui,741,,"STELE EPCO MFO.
L: 2.65
Lar : 2,11
T: 5.59
EGLISE HORS EMPRISE",1787223770429.jpg,https://kf.kobotoolbox.org/api/v2/assets/anTGkBsJzTReb96GWVGu7k/data/845460894/attachments/attDbRpCb7e7eMiUWmVmcrZA/
708982d6-07ed-4d4d-b5b5-a677098bea0c,845461122,377,pap_0763,,cni,117534290,parcelle_agricole,0,1,0,0,0,,,oui,764,,,1787224965765.jpg,https://kf.kobotoolbox.org/api/v2/assets/anTGkBsJzTReb96GWVGu7k/data/845461122/attachments/attJ6hjC9izRDG4fKS9T8tk3/
08e0d7e2-96ca-4cf0-8fcb-85c275bec823,845512099,378,pap_0758,,cni,115365502,parcelle_agricole,0,1,0,0,0,,,oui,759,,HORS EMPRISE ,1787226543624.jpg,https://kf.kobotoolbox.org/api/v2/assets/anTGkBsJzTReb96GWVGu7k/data/845512099/attachments/attmPFjviPZFxTpt3tNhazY9/
9f49dd08-d308-445a-98ed-47c31e266d6b,845512220,379,pap_0765,,cni,113201955,parcelle_agricole parcelle_construite,0,1,1,0,0,,,oui,766,,HORS EMPRISE ,1787229355012.jpg,https://kf.kobotoolbox.org/api/v2/assets/anTGkBsJzTReb96GWVGu7k/data/845512220/attachments/attcnVbJQbJDzCtqPnHmqjis/
72c9341f-cdb0-403c-b6f7-ec17ffc6cc75,845512519,380,pap_0766,,cni,112704673,parcelle_agricole parcelle_construite,0,1,1,0,0,,,oui,767,,,1787229896017.jpg,https://kf.kobotoolbox.org/api/v2/assets/anTGkBsJzTReb96GWVGu7k/data/845512519/attachments/attaAqkSTnR53wTDd6n4FxuB/
12cfe751-3927-4db0-9438-f15379b870ba,846440095,381,pap_0924,,cni,117510116,parcelle_construite,0,0,1,0,0,0,,oui,926,,,1787307966972.jpg,https://kf.kobotoolbox.org/api/v2/assets/anTGkBsJzTReb96GWVGu7k/data/846440095/attachments/attVXwcsUGH9iM35nGgugJtD/
db828b49-dd6e-4363-b016-38e5670c3b50,846440110,382,pap_0733,,cni,112628666,parcelle_construite autre,0,0,1,0,1,0,Cultures ,oui,734,,"La bâtis de la PAP est hors de l'emprise, cependant ces cultures y demeurent ainsi des tombes non aménagées ",1787307313799.jpg,https://kf.kobotoolbox.org/api/v2/assets/anTGkBsJzTReb96GWVGu7k/data/846440110/attachments/attAH72roSy9dMzFAHa6eKY9/
9e9cb4a5-f739-4cc9-960a-9146ee178d3b,846440489,383,pap_0914,,cni,113203052,parcelle_agricole parcelle_construite,0,1,1,0,0,0,,oui,916,,"Présence de 02 bâtisses en dure, tôlées et cimentées; dun caveau familial de 8 tombes dont 03 non aménagées au pk44+380 ; dun caveau familial de 02 tombes avec Pierre tombale et avec bâtisse au pk44+400; d'une bâtisse servant de toilette et de ferme de Sup:37,35_L:8,30_l:4,50 en tôle (voir photos)",1787311306174.jpg,https://kf.kobotoolbox.org/api/v2/assets/anTGkBsJzTReb96GWVGu7k/data/846440489/attachments/att42QTK8YKruU8RQ2Lp5G7S/
37ca75ed-d2a8-4215-bf8f-cb145d7c7692,846440658,384,pap_0909,,cni,113203057,parcelle_construite,0,0,1,0,0,0,,oui,911,,PAP absente représentée par sa concubine Essamssoo Obam Hélène Christiane ,1787313315598.jpg,https://kf.kobotoolbox.org/api/v2/assets/anTGkBsJzTReb96GWVGu7k/data/846440658/attachments/attcbvPVgBKB7M7ttf3HMaec/
5ec312a3-8e3d-4283-b23a-85df22533788,846441385,385,pap_0937,,cni,,parcelle_agricole,0,1,0,0,0,0,,oui,,,PAP hors emprise.Mais présence dans l'emprise d'une ombriere e poteau béton de 60m2 avec une barrière en parpaing au PK43+860D: ainsi que d'autres cultures impactées. ,1787325563452.jpg,https://kf.kobotoolbox.org/api/v2/assets/anTGkBsJzTReb96GWVGu7k/data/846441385/attachments/attb6BcaKETcLngv6sLYQqrq/
9afe7989-270a-4ad5-8d70-6da510b0a9dd,846442122,386,pap_0721,,cni,106154894,parcelle_construite,0,0,1,0,0,,,oui,722,,,1787231125164.jpg,https://kf.kobotoolbox.org/api/v2/assets/anTGkBsJzTReb96GWVGu7k/data/846442122/attachments/att2rPtj3LxsMLhMWswZDEhy/
3cf153b7-d078-4f3d-933c-8d134a14fd56,846442134,387,pap_0919,,cni,117118986,parcelle_construite autre,0,0,1,0,1,0,Cultures ,oui,921,,La PAP est hors d'emprise ,1787310386127.jpg,https://kf.kobotoolbox.org/api/v2/assets/anTGkBsJzTReb96GWVGu7k/data/846442134/attachments/attyjQtGh4bYBaUWguxqLN4M/
4fc509ae-d2e7-4ab1-ab34-031e19eb56c6,846442386,388,pap_0746,,cni,110003682,parcelle_agricole parcelle_construite,0,1,1,0,0,,,oui,747,,"MAISON HORS EMPRISE
SEULE RESTE UNE TOMBE AMÉNAGÉE",1787231785787.jpg,https://kf.kobotoolbox.org/api/v2/assets/anTGkBsJzTReb96GWVGu7k/data/846442386/attachments/attdfpqBqvuCz9FGF76WUJ6b/
d47b8fe8-cd09-4c1d-b2cc-33b36b808876,846442620,389,pap_0767,,cni,108486440,parcelle_agricole parcelle_construite,0,1,1,0,0,0,,oui,768,,Il ya une tombes bien amenagé qui est desormais impacté,1787301890217.jpg,https://kf.kobotoolbox.org/api/v2/assets/anTGkBsJzTReb96GWVGu7k/data/846442620/attachments/att9WZ3mCg5vrueTQSoiV3Md/
d327b6b6-bada-4271-af20-c5aa7501369f,846442700,390,pap_0906,,cni,116924967,parcelle_agricole parcelle_construite,0,1,1,0,0,0,,oui,906,,La maison n´est plus dans l´emprise,1787307111187.jpg,https://kf.kobotoolbox.org/api/v2/assets/anTGkBsJzTReb96GWVGu7k/data/846442700/attachments/attMY9XwC2USVUsc2pQMAAgw/
4e250054-4c26-4a4e-94e7-b92eb301896b,846442711,391,pap_0753,,cni,113201938,parcelle_construite parcelle_agricole,0,1,1,0,0,0,,oui,754,,,1787305464258.jpg,https://kf.kobotoolbox.org/api/v2/assets/anTGkBsJzTReb96GWVGu7k/data/846442711/attachments/attNAZV4nk8b5WVW68h8sWvm/
22ff000d-15b8-46ea-85c0-e0108c9d72ad,846442732,392,pap_0916,,cni,113201910,parcelle_agricole parcelle_construite,0,1,1,0,0,0,,oui,918,,,1787307492090.jpg,https://kf.kobotoolbox.org/api/v2/assets/anTGkBsJzTReb96GWVGu7k/data/846442732/attachments/attxNR6pkZtRxRNdEnEuwHG3/
2e5e376d-06ad-40af-a624-739fd42c7521,846442741,393,pap_0921,,cni,117118528,autre,0,0,0,0,1,0,Cultures ,oui,923,,,1787311317982.jpg,https://kf.kobotoolbox.org/api/v2/assets/anTGkBsJzTReb96GWVGu7k/data/846442741/attachments/attfJXvTbkhBWEGF7TgDB6TK/
ae49c2d4-74f3-4897-9aba-6f2064685397,846442764,394,pap_0899,,cni,SU17512L5J08L1B28863,hors_zone_influence,0,0,0,0,0,1,,oui,901,,,1787310670203.jpg,https://kf.kobotoolbox.org/api/v2/assets/anTGkBsJzTReb96GWVGu7k/data/846442764/attachments/attGRcq45f9JK6ceKfCxJhdw/
b474ab3b-32d2-4733-bf2b-c2c1b6a7e0f7,846442837,395,pap_0917,,cni,117174286,parcelle_construite,0,0,1,0,0,0,,oui,919,,,1787316775281.jpg,https://kf.kobotoolbox.org/api/v2/assets/anTGkBsJzTReb96GWVGu7k/data/846442837/attachments/attvwsEJBPqHphGZ6zfAiKap/
c30d293c-3cff-497a-84ce-5837d9369f77,846443008,396,pap_0928,,cni,113203019,parcelle_agricole parcelle_construite,0,1,1,0,0,0,,oui,930,,,1787324477190.jpg,https://kf.kobotoolbox.org/api/v2/assets/anTGkBsJzTReb96GWVGu7k/data/846443008/attachments/attAESqTT6py4WG2zhY8U3ut/
08ecaebd-8a6b-44d2-a2ca-1e94b2870e8d,846443045,397,pap_0750,,cni,103151718,parcelle_agricole,0,1,0,0,0,,,oui,751,,,1787232016437.jpg,https://kf.kobotoolbox.org/api/v2/assets/anTGkBsJzTReb96GWVGu7k/data/846443045/attachments/attjnMZomJ3dvCoYwwVwKQGn/
49a56217-e216-4e0f-ba61-b010d5569a89,846443259,398,pap_0933,,cni,118218870,parcelle_construite autre,0,0,1,0,1,0,Cultures ,oui,935,,,1787322763163.jpg,https://kf.kobotoolbox.org/api/v2/assets/anTGkBsJzTReb96GWVGu7k/data/846443259/attachments/attgqWRrUivKAp9Jv9cznWei/
62c6e1f8-009a-4750-af36-18e527159800,846443420,399,pap_0929,,cni,SU01097715LJ04RPE366VO,parcelle_construite autre,0,0,1,0,1,0,Cultures ,oui,931,,"La bâtis de la PAP est hors emprise, cependant, ses cultures y demeurent. 
Présence également d'un puit semi-amenagé construit par la PAP.",1787323742010.jpg,https://kf.kobotoolbox.org/api/v2/assets/anTGkBsJzTReb96GWVGu7k/data/846443420/attachments/attNoGccoTDeYFWFpTxJqQm4/
71307bfc-9b7e-4593-aca2-68e09104744a,846443457,400,pap_0913,,cni,116654983,parcelle_construite,0,0,1,0,0,,,oui,915,,,1787235984235.jpg,https://kf.kobotoolbox.org/api/v2/assets/anTGkBsJzTReb96GWVGu7k/data/846443457/attachments/attJk6i9y2c29BwJRzKn6Smu/
ed9321fa-9e7d-4221-b5a4-1cc831187e75,846443756,401,pap_0936,,cni,130838678,parcelle_construite autre,0,0,1,0,1,0,Cultures ,oui,938,,La PAP est hors emprise ,1787324634298.jpg,https://kf.kobotoolbox.org/api/v2/assets/anTGkBsJzTReb96GWVGu7k/data/846443756/attachments/attceCcqvTAKdughy6FZXCDk/
80f0617d-66fe-4ef6-a8f0-778b5b445498,846444127,402,pap_0931,,cni,118758870,autre,0,0,0,0,1,0,Caveau familial ,oui,934,,La PAP est hors de l'emprise ,1787325225922.jpg,https://kf.kobotoolbox.org/api/v2/assets/anTGkBsJzTReb96GWVGu7k/data/846444127/attachments/attdutxMRZUJhejzjkcaMGDq/
5f48970d-e41e-40eb-96b2-23711f74d4b6,846444558,403,pap_0925,,cni,101398207,parcelle_agricole parcelle_construite,0,1,1,0,0,0,,oui,927,,La maison n´est plus dans l´emprise du projet,1787310381086.jpg,https://kf.kobotoolbox.org/api/v2/assets/anTGkBsJzTReb96GWVGu7k/data/846444558/attachments/attW8PgDMNUKeS9mvrMD5Xhu/
3facae1c-4472-4c61-a67a-cdf43512c17a,846445115,404,pap_0918,,cni,115851625,parcelle_agricole,0,1,0,0,0,,,oui,920,,MAISON HORS EMPRISE,1787306871851.jpg,https://kf.kobotoolbox.org/api/v2/assets/anTGkBsJzTReb96GWVGu7k/data/846445115/attachments/attjegpUiMCyDPbkfQzWBZkZ/
0a1a7269-f52f-4cea-ba8f-c87cf4b78e44,846445296,405,pap_0907,,cni,100871878,parcelle_agricole,0,1,0,0,0,,,oui,909,,,1787307244507.jpg,https://kf.kobotoolbox.org/api/v2/assets/anTGkBsJzTReb96GWVGu7k/data/846445296/attachments/attY4Hg8HvfauRTge6FEWEAS/
c0615525-6281-4237-ae47-30947035784d,846445607,406,pap_0904,,cni,20170315244910900,parcelle_agricole,0,1,0,0,0,,,oui,906,,,1787308248377.jpg,https://kf.kobotoolbox.org/api/v2/assets/anTGkBsJzTReb96GWVGu7k/data/846445607/attachments/attNsyV7xKAWFjASTapDn8nm/
0905492a-0c36-4ac2-ad85-d13f8f26d3e9,846445732,407,pap_0923,,cni,100854956,parcelle_construite parcelle_agricole,0,1,1,0,0,,,oui,925,,"La batis est hors emprise mais les cultures restent dans l'emprise. Plus de cultures s'ajoutent à ce qui a été inventorié dans le décret. Nous avons désormais 30 plantains adultes, 12 palmiers adultes, 15 cacaos jeunes, 1 safoutier adulte et 10 mandariniers adultes.",1787310602977.jpg,https://kf.kobotoolbox.org/api/v2/assets/anTGkBsJzTReb96GWVGu7k/data/846445732/attachments/attCEzge2PNmkEJEAKMYoY84/
249aac2d-a0c7-41b8-bfb6-f5068cb54440,846446011,408,pap_0912,,cni,1002000764,parcelle_agricole,0,1,0,0,0,,,oui,914,,,1787311402008.jpg,https://kf.kobotoolbox.org/api/v2/assets/anTGkBsJzTReb96GWVGu7k/data/846446011/attachments/attoLmtTKC78VdYtiYupPXaG/
73fa9451-b70f-45a4-a084-048057a1dcd0,846446801,409,pap_0938,,autre,Récépissé ,parcelle_agricole parcelle_construite,0,1,1,0,0,,,oui,940,,"Présence de deux maisons non prise en compte.
Cuisine :
Sol: Banco
Mûrs : Banco 
Toit : Tôle 
L:7,50
Lar:4,20
T: 31,5
Maison principale :
Sol: 
Banco
Toit: Tôle 
Mûrs : Banco 
L:8 
Lar:7,70
T:61,6
T Sup: 93.7",1787324614635.jpg,https://kf.kobotoolbox.org/api/v2/assets/anTGkBsJzTReb96GWVGu7k/data/846446801/attachments/attx7MYrpEoN2eJpGHncUqV6/
fb482093-e12b-41ca-b9b3-d5c247123444,846647809,410,pap_0900,,cni,113203057,parcelle_agricole,0,1,0,0,0,0,,oui,902,,"Une partie des cultures est affectée  . 

Étant en ville .sa femme a signée",1787313337819.jpg,https://kf.kobotoolbox.org/api/v2/assets/anTGkBsJzTReb96GWVGu7k/data/846647809/attachments/attHZVUtfUCHxqVvhaQpmYfP/
33712c10-d07f-4d45-8681-b65db9f82046,846647860,411,pap_0935,,cni,101367529,parcelle_agricole parcelle_construite,0,1,1,0,0,0,,oui,937,,"Bénéficiaire  décédé  .changement  de bénéficiaire  requête en cours.   

La maison n´est plus dans l´emprise de la route

La photo et la signature  sont celles de son fils ",1787322802331.jpg,https://kf.kobotoolbox.org/api/v2/assets/anTGkBsJzTReb96GWVGu7k/data/846647860/attachments/attSdk5reRUQJ3RvDRPXmkkr/
b35f3b47-f61a-42ff-8614-481f03c6f344,847393531,412,pap_0911,,cni,100897699,parcelle_construite parcelle_agricole,0,1,1,0,0,,,oui,913,,,1787390567951.jpg,https://kf.kobotoolbox.org/api/v2/assets/anTGkBsJzTReb96GWVGu7k/data/847393531/attachments/attdKqVcrUWKzVK48RdXApKb/
b7d1fb23-4dc4-4905-9742-2535c5969709,847580171,413,pap_0731,,cni,113863448,parcelle_construite,0,0,1,0,0,0,,oui,732,,"La PAP est décédée, cependant sa fille (ayant droits légitime) la nommée MENDO PAULINE titulaire de la CNI n°SU17512I5J70GIYDBVX5 recevra son dû.",1787407775660.jpg,https://kf.kobotoolbox.org/api/v2/assets/anTGkBsJzTReb96GWVGu7k/data/847580171/attachments/attaNSRanGpve4ACERK4JGKi/
f9a2f09d-6d2e-4d79-8657-84207da616ba,848527451,414,pap_0770,,cni,116661734,parcelle_construite,0,0,1,0,0,0,,oui,771,,La maison du côté de nkong n´est plus impacté . Mais celle du  côté  de mefo est bien impacté.,1787398671075.jpg,https://kf.kobotoolbox.org/api/v2/assets/anTGkBsJzTReb96GWVGu7k/data/848527451/attachments/attAP5paPPHQp9xqyRWafCA9/
68e4bb81-4439-4a55-8b25-cbb699e532f6,848527498,415,pap_0927,,cni,115575621,parcelle_agricole,0,1,0,0,0,0,,oui,929,,,1787564424507.jpg,https://kf.kobotoolbox.org/api/v2/assets/anTGkBsJzTReb96GWVGu7k/data/848527498/attachments/attwYY29CVJPCPvxGkHy8nhY/
4834c235-67f5-4cd6-8646-e020133d81b0,848527529,416,pap_0934,,cni,117267782,parcelle_agricole parcelle_construite,0,1,1,0,0,0,,oui,936,,,1787565316953.jpg,https://kf.kobotoolbox.org/api/v2/assets/anTGkBsJzTReb96GWVGu7k/data/848527529/attachments/attWHMh8gJsp5bcmpy8fY24F/
62d1cc80-9c43-42b7-abe4-dcc3e169a8dc,848527572,417,pap_0788,,cni,SU01232IJ3SFPLPE6J4,parcelle_agricole,0,1,0,0,0,0,,oui,789,,,1787566450617.jpg,https://kf.kobotoolbox.org/api/v2/assets/anTGkBsJzTReb96GWVGu7k/data/848527572/attachments/att84TFZvd5jxm6heeGqPGBw/
2c62a71e-fe71-4fcf-9cca-41f692f846fa,848527614,418,pap_0808,,cni,118078691,parcelle_agricole parcelle_construite,0,1,1,0,0,0,,oui,809,,"Requête  en cours changement  de bénéficiaire  pour ESSO JEAN BART  petit frère  de mr MBOZOO 

présence dans l´emprise des cultures : 
2 palmiers à  huile 
3 cocotiers 
2 orangers 
1 tige de cacao


La signature est celle du frère  qui le représente  au village",1787569652656.jpg,https://kf.kobotoolbox.org/api/v2/assets/anTGkBsJzTReb96GWVGu7k/data/848527614/attachments/attDXCU6kyyhvDauisQqmdUS/
1f341483-5afc-4c3d-bdb6-e9de64423f73,848527651,419,pap_0800,,cni,115855598,parcelle_agricole,0,1,0,0,0,0,,oui,801,,Une tombe bien aménagée  est maintenant  dans l´emprise ,1787570596510.jpg,https://kf.kobotoolbox.org/api/v2/assets/anTGkBsJzTReb96GWVGu7k/data/848527651/attachments/attmfoamVmRb9B82DYcXVLDj/
addc6d16-2d9c-4f66-b908-50ff3193a3e7,848527704,420,pap_0775,,cni,000332313,parcelle_agricole,0,1,0,0,0,0,,oui,776,,,1787571582541.jpg,https://kf.kobotoolbox.org/api/v2/assets/anTGkBsJzTReb96GWVGu7k/data/848527704/attachments/attU7d45RQyfkvmDGCdBw3cd/
7159aedd-9a09-4da0-8927-e17ea2a34ab3,848527746,421,pap_0795,,cni,112704793,parcelle_agricole,0,1,0,0,0,0,,oui,796,,"Bénéficiaire  décédé  changement  de bénéficiaire  pour mr AVEBE WILLIAM  petit frère  du bénéficiaire  chef de famille 

Requête  en cours 
 La signature est celle de son frère  avebe william",1787571930540.jpg,https://kf.kobotoolbox.org/api/v2/assets/anTGkBsJzTReb96GWVGu7k/data/848527746/attachments/atteVWymJJysxKrZdfhEbRAJ/
f7601537-7cee-4062-8741-41b9c6aaa500,848527783,422,pap_0771,,cni,100907973,parcelle_agricole,0,1,0,0,0,0,,oui,772,,,1787574524342.jpg,https://kf.kobotoolbox.org/api/v2/assets/anTGkBsJzTReb96GWVGu7k/data/848527783/attachments/attDxEEMVQKR2TPhgjVMMK9Z/
ed625c6e-9197-4c2e-a25f-0cfd1930aeed,848527800,423,pap_0798,,cni,114813277,parcelle_agricole parcelle_construite,0,1,1,0,0,0,,oui,799,,,1787563950006.jpg,https://kf.kobotoolbox.org/api/v2/assets/anTGkBsJzTReb96GWVGu7k/data/848527800/attachments/att76MEE5dyydf4AfhtXh88f/
36204a2d-d1c1-4b68-a082-cc9b93eaa9f7,848527833,424,pap_0781,,cni,11784188,parcelle_agricole,0,1,0,0,0,0,,oui,782,,,1787575041350.jpg,https://kf.kobotoolbox.org/api/v2/assets/anTGkBsJzTReb96GWVGu7k/data/848527833/attachments/attmu5aBRPMH2XfHkihbZz2v/
f8c33f9f-f2e4-416a-886e-7e9e8c21c6fc,848527843,425,pap_0789,,cni,116918447,parcelle_agricole,0,1,0,0,0,0,,oui,790,,,1787564405830.jpg,https://kf.kobotoolbox.org/api/v2/assets/anTGkBsJzTReb96GWVGu7k/data/848527843/attachments/attwfxYCmyKyppqQKxXBNA9a/
4f281a9e-efa6-44c5-99fe-e3a809ff8a0d,848527899,426,pap_0803,,cni,100234010,parcelle_construite parcelle_agricole,0,1,1,0,0,0,,oui,804,,La maison est hors de l´emprise,1787576502597.jpg,https://kf.kobotoolbox.org/api/v2/assets/anTGkBsJzTReb96GWVGu7k/data/848527899/attachments/attzCztqyyd27oy4SR8pJ4Mw/
0d593e47-d8b7-401d-a4f5-52d5a69adbfb,848527901,427,pap_0802,,cni,000588293,parcelle_agricole parcelle_construite,0,1,1,0,0,0,,oui,803,,Decès du beneficiare. La batis n'est plus impacté ,,
335ee76f-1d1e-45b3-9623-88cf4be1ff9b,848527934,428,pap_0776,,cni,113203012,parcelle_agricole parcelle_construite,0,1,1,0,0,0,,oui,777,,,1787567036806.jpg,https://kf.kobotoolbox.org/api/v2/assets/anTGkBsJzTReb96GWVGu7k/data/848527934/attachments/attnpMb6dRvWajztSX4b3N5K/
def64331-4e87-432d-97d2-b0a9d41c195f,848527935,429,pap_0587,,cni,113705094,hors_zone_influence,0,0,0,0,0,1,,oui,588,,"Bénéficiaire  décédé 
Maison tombée  .donc inexistante  sur le tracé  actuel ",,
5614c62a-7ed8-4370-b312-2a3f00614528,848527955,430,pap_0804,,cni,101254371/ AB05975922,parcelle_agricole parcelle_construite,0,1,1,0,0,0,,oui,805,,,1787567642740.jpg,https://kf.kobotoolbox.org/api/v2/assets/anTGkBsJzTReb96GWVGu7k/data/848527955/attachments/atti5M3PQ7EVnuPyMw9uhE4s/
11670f84-564c-4329-8b8a-7b30f8bc3c31,848527988,431,pap_0792,,cni,SU17512L5J06CNXF6WZ4,hors_zone_influence,0,0,0,0,0,1,,oui,793,,La batis et Les cultures ne sont plus impactés. Le beneficiare est aussi decedé,,
91a99f0b-2121-45ae-aece-3ff1241b35b8,848528039,432,pap_0784,,cni,100003718,parcelle_construite,0,0,1,0,0,0,,oui,785,,Les batis ne sont plus impactés ,,
44678733-9641-4365-834b-0a9ed0dd5465,848528092,433,pap_0801,,cni,114966948,hors_zone_influence,0,0,0,0,0,1,,oui,802.,,,1787570876094.jpg,https://kf.kobotoolbox.org/api/v2/assets/anTGkBsJzTReb96GWVGu7k/data/848528092/attachments/attujoFmigA2yXCsZppw4AAh/
f79b8396-2f13-4302-a0db-57e8dd0a3fed,848528131,434,pap_0777,,cni,SU17512L5J0252PBGM11,parcelle_agricole,0,1,0,0,0,0,,oui,778,,,1787571589377.jpg,https://kf.kobotoolbox.org/api/v2/assets/anTGkBsJzTReb96GWVGu7k/data/848528131/attachments/attPXgpVhA7Yw6nnGsaEyog4/
50b259d9-5255-41ae-81e7-3507b8eaf895,848528270,435,pap_0807,,cni,113203008,parcelle_agricole parcelle_construite,0,1,1,0,0,0,,oui,808,,"Les batis sont desormais impactés

Maison principale:
Longeur: 11
Largeur: 7.80
Superficie: 85.8
État: Moyen
Residentielle 
Sol: Banco
Mur: Banco
Tôiture: Tôle 

Cuisine 
Longeur: 5.70
Largeur: 4.70
Superficie: 26.79
État: Moyen
Sol: Banco
Mur: Banco
Tôiture: Tôle 

Boutique 
Longeur: 5.70
 Largeur: 2.85
Superficie: 16.245

Superficie totale: 128.835 

État: Moyen 
Sol: Banco
Mur: Planche
Tôiture: Tôle 


",1787577219435.jpg,https://kf.kobotoolbox.org/api/v2/assets/anTGkBsJzTReb96GWVGu7k/data/848528270/attachments/attPQ4stimp6CNi3b96bCtjA/
db606d03-9940-4651-b51c-5fd2c490c533,848528362,436,pap_0774,,cni,117426971,parcelle_agricole parcelle_construite,0,1,1,0,0,0,,oui,775,,"Il ya desormais 5 tombes impactés et un bien amenagé. Decès du beneficiare et requète en cours pour changement de beneficiare à Ovo Dechanel Paul. 
La signature et photo sont celles du nouveau beneficiare ",1787578464457.jpg,https://kf.kobotoolbox.org/api/v2/assets/anTGkBsJzTReb96GWVGu7k/data/848528362/attachments/atthcZfG7SnQJbLRmrrCS9Cr/
7f53ee74-f5fa-4325-8c25-47d7152efcee,848528438,437,pap_0790,,cni,SU17512L5LZYP0X733Y6/AA0117761,parcelle_agricole parcelle_construite,0,1,1,0,0,0,,oui,791,,"La batis est desormais impacté 
Boutique 
Longeur: 4.20
Largeur: 3.20
Superficie: 13.44
Sol: Banco
Mur: Planche
Tôiture: Tôle 
État: Bon
",1787579825367.jpg,https://kf.kobotoolbox.org/api/v2/assets/anTGkBsJzTReb96GWVGu7k/data/848528438/attachments/attPSLa7RGu9D2mimwJbyEof/
ffdea1e5-b666-426c-9ca1-c7fdd4ed228e,848528509,438,pap_0588,,cni,117267682,parcelle_agricole,0,1,0,0,0,0,,oui,589,,,1787583245682.jpg,https://kf.kobotoolbox.org/api/v2/assets/anTGkBsJzTReb96GWVGu7k/data/848528509/attachments/attuSG9WSPdqzLLT45kPkpYt/
fd582a08-51c9-41a7-83ae-6d2bcf6fa150,848528566,439,pap_0582,,cni,118121045,parcelle_agricole parcelle_construite,0,1,1,0,0,0,,oui,583,,,1787583890471.jpg,https://kf.kobotoolbox.org/api/v2/assets/anTGkBsJzTReb96GWVGu7k/data/848528566/attachments/attF83r3etzA3UKTpqwffmd8/
893923b0-92af-45b2-a9eb-759281ac4a18,848528634,440,pap_0598,,cni,117974979,parcelle_construite,0,0,1,0,0,0,,oui,999,,,1787584439483.jpg,https://kf.kobotoolbox.org/api/v2/assets/anTGkBsJzTReb96GWVGu7k/data/848528634/attachments/attw29QJgNxmQAUNeZqahBe7/
b67e74f3-d78b-4642-8891-12e9119aa14f,848528673,441,pap_0581,,cni,000670582,parcelle_agricole parcelle_construite,0,1,1,0,0,0,,oui,582,,"Les cultures sont desormais impactés. 
Nous avons;
5 Palmiers locales (adultes)
1 Orangier (adultes)
1 Safoutier (jeunes)
10 banane douce (adultes)
",1787585233622.jpg,https://kf.kobotoolbox.org/api/v2/assets/anTGkBsJzTReb96GWVGu7k/data/848528673/attachments/attCkYVcwJkMTtCAFnc2MwUT/
4a59f75d-0030-41b3-9288-82692edb0188,848528745,442,pap_0585,,cni,SU01097L5J03KZ1VVCT4,parcelle_agricole,0,1,0,0,0,0,,oui,586,,,1787586612935.jpg,https://kf.kobotoolbox.org/api/v2/assets/anTGkBsJzTReb96GWVGu7k/data/848528745/attachments/attoWFyvAXKEtBtM6X9ex6R3/
d8491dc8-e6eb-41c1-9051-5a85c9a3990c,848529917,443,pap_0773,,cni,104838912,parcelle_agricole,0,1,0,0,0,,,oui,774,,,1787564145923.jpg,https://kf.kobotoolbox.org/api/v2/assets/anTGkBsJzTReb96GWVGu7k/data/848529917/attachments/attRbQNY4sbDYnMADPrA4Wfs/
62bd8034-bb0d-40a9-aedd-ea929ebd9699,848530320,444,pap_0772,,cni,115508047,parcelle_construite autre,0,0,1,0,1,0,Cultures ,oui,773,,Les bâtis de la PAP sont hors de l'emprise ,1787569521420.jpg,https://kf.kobotoolbox.org/api/v2/assets/anTGkBsJzTReb96GWVGu7k/data/848530320/attachments/att2bn4FjQDR87SQrtStaPvE/
2b789471-8f9b-401a-b695-c531425c7d64,848533696,445,pap_0780,,cni,11320341,parcelle_construite,0,0,1,0,0,,,oui,780,,,1787568952751.jpg,https://kf.kobotoolbox.org/api/v2/assets/anTGkBsJzTReb96GWVGu7k/data/848533696/attachments/attngnR5rgxVHxNKURt53dou/
b55eb417-a7f5-4654-9799-49c32f401aef,848533782,446,pap_0779,,cni,113203041,parcelle_agricole parcelle_construite,0,1,1,0,0,,,oui,780,,,1787569467473.jpg,https://kf.kobotoolbox.org/api/v2/assets/anTGkBsJzTReb96GWVGu7k/data/848533782/attachments/attP4Zie7Y5VCH2tDfWSVDAw/
19aed9e0-a113-45e4-af84-ca5db8c78296,848534261,447,pap_0797,,cni,SU17512I5J07LOUR2E35,autre,0,0,0,0,1,0,Cultures ,oui,798,,"En plus des cultures actuellement impactées de la PAP, l'on note la présence d'un champ de manioc situé dans l'emprise sur 380.86 mètres carrés et ce champ compte aussi 16 plantains.",1787576505113.jpg,https://kf.kobotoolbox.org/api/v2/assets/anTGkBsJzTReb96GWVGu7k/data/848534261/attachments/attmWqPXTpqi7NBPLQpQZini/
c62c5c4a-3a8d-488c-999a-e58bd1020480,848534301,448,pap_0799,,cni,,parcelle_agricole,0,1,0,0,0,,,oui,800,,,1787578297294.jpg,https://kf.kobotoolbox.org/api/v2/assets/anTGkBsJzTReb96GWVGu7k/data/848534301/attachments/attQ6iwGpGYgABiBm33ht4WY/
df0d2a75-09a6-4b95-87d8-9f073f1394c9,848534434,449,pap_0805,,cni,118348761,parcelle_agricole,0,1,0,0,0,,,oui,806,,,1787578842568.jpg,https://kf.kobotoolbox.org/api/v2/assets/anTGkBsJzTReb96GWVGu7k/data/848534434/attachments/att9UsNfCLGL8FeNGvFd2NBT/
2a1e3bd2-a552-401c-9b3a-ad36ebf3208d,848534803,450,pap_0796,,cni,114037915,autre,0,0,0,0,1,0,Cultures ,oui,797,,,1787578263998.jpg,https://kf.kobotoolbox.org/api/v2/assets/anTGkBsJzTReb96GWVGu7k/data/848534803/attachments/atts5axx5mZRzujxHjkL6cTf/
5b0ef39b-cfd6-46f4-a612-42128833fb6c,848535148,451,pap_0778,,cni,,parcelle_agricole,0,1,0,0,0,,,oui,779,,,1787580073762.jpg,https://kf.kobotoolbox.org/api/v2/assets/anTGkBsJzTReb96GWVGu7k/data/848535148/attachments/atty7wcUym6CKz3WoQLBXhGq/
e69e3af6-0728-45cb-8cbd-8f6afda354a6,848535234,452,pap_0782,,cni,109499860,parcelle_construite autre,0,0,1,0,1,0,Cultures ,oui,783,,,1787579437722.jpg,https://kf.kobotoolbox.org/api/v2/assets/anTGkBsJzTReb96GWVGu7k/data/848535234/attachments/attvnfuda5Yxg7M4cUg8sjDh/
e06a9939-a0b1-4b8f-8001-4207ad874cf8,848535899,453,pap_0579,,cni,116285100,parcelle_agricole parcelle_construite,0,1,1,0,0,,,oui,580,,"Nouvelles mises en valeurs. 
-Maison principale 01
L: 10
Larg: 7.20
T: 72
-Maison principale 02
L:7,90
Lar: 7,30
T: 57,67
-Cuisine
L: 3
Lar: 2,80
T: 8,40
Total superficie: 138,07",1787584998339.jpg,https://kf.kobotoolbox.org/api/v2/assets/anTGkBsJzTReb96GWVGu7k/data/848535899/attachments/attyiLtPAWT99HHPpjHAYhVU/
45205ed7-e502-4ccf-9b55-228b13ffd883,848536479,454,pap_0591,,cni,,parcelle_construite,0,0,1,0,0,,,oui,592,,HORS EMPRISE ,1787587222171.jpg,https://kf.kobotoolbox.org/api/v2/assets/anTGkBsJzTReb96GWVGu7k/data/848536479/attachments/attJmnk9nQBgoVCnEMgb6mPa/
b1a5f144-f935-4956-b427-48543af75ea6,848539318,455,pap_0580,,cni,116285100,parcelle_construite,0,0,1,0,0,0,,oui,581,,,1787583666297.jpg,https://kf.kobotoolbox.org/api/v2/assets/anTGkBsJzTReb96GWVGu7k/data/848539318/attachments/attTvTLmecss7nUJiyes8zDY/
46b03b9e-393b-464e-aabf-77b945456081,848539505,456,pap_0586,,cni,113705094,parcelle_construite,0,0,1,0,0,0,,oui,587,,,1787585011124.jpg,https://kf.kobotoolbox.org/api/v2/assets/anTGkBsJzTReb96GWVGu7k/data/848539505/attachments/att3LsHUxRVThbVAU7TLuNDG/
1f3f84b3-88a7-40f5-afd3-73512f1748a1,848540006,457,pap_0595,,cni,100251688,parcelle_agricole,0,1,0,0,0,0,,oui,596,,PAP absente représentée par son époux Mr Ekoman Vincent Godefroy . Pap 587,1787585568029.jpg,https://kf.kobotoolbox.org/api/v2/assets/anTGkBsJzTReb96GWVGu7k/data/848540006/attachments/attPSPaVx55HPypxhECfBrp6/
38395b0b-89b8-4656-bb28-91a7691689ea,848540235,458,pap_0590,,cni,115543624,parcelle_construite,0,0,1,0,0,0,,oui,591,,PAP absente représentée par Assako Aristide son Oncle ,1787587210491.jpg,https://kf.kobotoolbox.org/api/v2/assets/anTGkBsJzTReb96GWVGu7k/data/848540235/attachments/attTzaNSFRFubAAejB6Nf7yH/
842a2443-3594-49fe-89cb-8271f3795551,848541578,459,pap_0576,,cni,101752121,autre,0,0,0,0,1,0,Cultures ,oui,577,,,1787583291175.jpg,https://kf.kobotoolbox.org/api/v2/assets/anTGkBsJzTReb96GWVGu7k/data/848541578/attachments/attAvRabfJUGAV2w92zKC75W/
a04f5578-c085-4e7e-95a9-11b679dddae1,848542074,460,pap_0601,,cni,11730993,autre,0,0,0,0,1,0,Cultures ,oui,602,,,1787583765535.jpg,https://kf.kobotoolbox.org/api/v2/assets/anTGkBsJzTReb96GWVGu7k/data/848542074/attachments/attCUJDrhp9JfVNUd23V2sL7/
951f6c00-a21d-4f41-82df-b5406f235594,848542925,461,pap_0583,,cni,117974979,parcelle_construite autre,0,0,1,0,1,0,Cultures ,oui,584,,"La bâtis de la PAP est hors de l'emprise 
Cependant ses cultures y demeurent notamment :
- Goyavier adulte 1
- Avocatiers adultes 2
- plantains adultes 14
- Palmiers locaux adultes 1

Le nom de LA PAP s'ecrit BILOUNGA NSA'AMANG EMMANUEL ",1787584193450.jpg,https://kf.kobotoolbox.org/api/v2/assets/anTGkBsJzTReb96GWVGu7k/data/848542925/attachments/att5VwYKVa5JZZG2kgFPwmYG/
f96cd45a-a3bd-47bb-9ae7-5fcf85a963ad,848544588,462,pap_0584,,cni,117342908,autre,0,0,0,0,1,0,Cultures ,oui,585,,"La bâtis de la PAP est désormais dans l'emprise.
Elle est longue de 8.2 m, large de 8.1 pour une superficie de 66.42 mètres carrés. Le sol est en banco, les murs en banco et le toit en tôle.",1787585359719.jpg,https://kf.kobotoolbox.org/api/v2/assets/anTGkBsJzTReb96GWVGu7k/data/848544588/attachments/attqD7wqh2XyYZKt6DB4rucr/
010c94c7-925f-4496-a0f7-48cf72f8c07b,849491500,463,pap_0594,,cni,113197603,parcelle_agricole,0,1,0,0,0,0,,oui,595,,,1787649738800.jpg,https://kf.kobotoolbox.org/api/v2/assets/anTGkBsJzTReb96GWVGu7k/data/849491500/attachments/attv4qjGcCJ7jRFu2Y8FqtXz/
05731598-0e85-4d33-932b-ab88320576e8,849491627,464,pap_0930,,cni,101634831,parcelle_agricole,0,1,0,0,0,0,,oui,932,,,1787653607576.jpg,https://kf.kobotoolbox.org/api/v2/assets/anTGkBsJzTReb96GWVGu7k/data/849491627/attachments/att4BQzNt7pmBerrFg6SgnJC/
fc0cb8ff-3db0-4c20-886d-dcf983e99f8c,850727342,465,pap_0629,,cni,105603474,parcelle_agricole,0,1,0,0,0,0,,oui,630,,Femme de plus de 85 ans mal voyante,1787744385621.jpg,https://kf.kobotoolbox.org/api/v2/assets/anTGkBsJzTReb96GWVGu7k/data/850727342/attachments/att4vmmQJANtwUiAtnmhKb29/
fb5f5a57-5732-4cb4-8621-1ffa405233f5,850727450,466,pap_0715,,cni,101640314,parcelle_construite parcelle_agricole autre,0,1,1,0,1,0,Cultures ,oui,716,,"La PAP de regrettée mémoire est remplacée par son épouse et veuve Mme MBAZOA EYONG ÉPOUSE NGOMO ELLA, CNI N° AB00599200 ",1787665531223.jpg,https://kf.kobotoolbox.org/api/v2/assets/anTGkBsJzTReb96GWVGu7k/data/850727450/attachments/attqoBaQ7J7vvG46Fu7b6HxP/
fb3d51a9-f5d3-4f85-91f9-3f43cf93ad31,850727704,467,pap_0624,,cni,100521360,parcelle_agricole,0,1,0,0,0,0,,oui,625,,,1787736770800.jpg,https://kf.kobotoolbox.org/api/v2/assets/anTGkBsJzTReb96GWVGu7k/data/850727704/attachments/attR4wKAa9HC9274TqNt2YiH/
d8950f74-d3cd-472f-a3a9-a6ed312a5f50,850727724,468,pap_0610,,cni,"SU1232L5LPGQ,88HKSC6",parcelle_construite parcelle_agricole,0,1,1,0,0,0,,oui,611,,,1787747596088.jpg,https://kf.kobotoolbox.org/api/v2/assets/anTGkBsJzTReb96GWVGu7k/data/850727724/attachments/attFJghq4L5S5zXyugDXt8M9/
b7d8c214-1c7d-497a-897a-4160bbac5c20,850728707,469,pap_0699,,cni,117308924,parcelle_agricole,0,1,0,0,0,0,,oui,700,,,1787665636393.jpg,https://kf.kobotoolbox.org/api/v2/assets/anTGkBsJzTReb96GWVGu7k/data/850728707/attachments/atthhngj8s4bnGvaKVjUTYHT/
f1a2bc8a-e1bc-4330-986b-2bfa1b4ecee1,850728905,470,pap_0719,,cni,101698274,parcelle_agricole,0,1,0,0,0,0,,oui,720,,,1787666335482.jpg,https://kf.kobotoolbox.org/api/v2/assets/anTGkBsJzTReb96GWVGu7k/data/850728905/attachments/attvKpW5B6sDB6z94ksi6r9d/
e3a7a962-1187-44d5-a41c-223f3d895d73,850729119,471,pap_0603,,cni,115543809,hors_zone_influence,0,0,0,0,0,1,,oui,604,,Les cultures et Les batis ne sont plus impactés,1787648750659.jpg,https://kf.kobotoolbox.org/api/v2/assets/anTGkBsJzTReb96GWVGu7k/data/850729119/attachments/att2prMmnd6JBtoL2J3By4se/
f9706d98-3f6f-45af-ac60-1b185ee13ac9,850729401,472,pap_0615,,cni,100630899,parcelle_construite parcelle_agricole,0,1,1,0,0,0,,oui,616,,"La Maison est desormais impacté. 

Longeur: 8
Largeur: 6
Superficie: 48metres Quaré

Sol: Banco
Mur: Planche
Tôiture: Tôle 
État:Moyenne
 Residentielle",1787739540995.jpg,https://kf.kobotoolbox.org/api/v2/assets/anTGkBsJzTReb96GWVGu7k/data/850729401/attachments/attaiNrBve573djL6EKSVbyk/
32f0873f-fe0a-4ca9-8b5e-64c4fc21edad,850729859,473,pap_0628,,cni,110003625,hors_zone_influence,0,0,0,0,0,1,,oui,629,,La batis n'est plus impacté ,,
16dca3ca-7089-439a-8aec-700bea1a1eb8,850730195,474,pap_0626,,cni,102932571,parcelle_agricole parcelle_construite,0,1,1,0,0,0,,oui,627,,,1787741369946.jpg,https://kf.kobotoolbox.org/api/v2/assets/anTGkBsJzTReb96GWVGu7k/data/850730195/attachments/attSurhQPwhWBpkcbvJmHQ7w/
c342cde1-0610-43a4-9dcd-9946a5f7e1af,850730696,475,pap_0611,,cni,110003641,parcelle_agricole,0,1,0,0,0,0,,oui,612,,,1787745380130.jpg,https://kf.kobotoolbox.org/api/v2/assets/anTGkBsJzTReb96GWVGu7k/data/850730696/attachments/attPeW8oLZjYUCSfosRR3Pgm/
b99780c8-d0ce-4a08-a8e7-18b3fbb30eae,851779357,476,pap_0602,,cni,000400729,parcelle_agricole,0,1,0,0,0,0,,oui,603,,,1787842430650.jpg,https://kf.kobotoolbox.org/api/v2/assets/anTGkBsJzTReb96GWVGu7k/data/851779357/attachments/attB87zDuadWfMW63WeA3ofb/
ead5235e-ba3e-45b2-b864-75f3da2cbb96,851781549,477,pap_0524,,cni,100629830,parcelle_construite parcelle_agricole,0,1,1,0,0,0,,oui,525,,,1787841674124.jpg,https://kf.kobotoolbox.org/api/v2/assets/anTGkBsJzTReb96GWVGu7k/data/851781549/attachments/attyX7yQSBF8WfeLPFD4AgaJ/
6960ceb9-e06c-4f08-8284-1b3e652940d6,851781659,478,pap_0627,,cni,116150873,autre parcelle_construite,0,0,1,0,1,0,Cultures ,oui,628,,"L'une des bâtis de la PAP, non présente dans le décret est désormais dans l'emprise. Elle fait 10.6 m de long, 4.3 de large pour une superficie de 45.58 mètres carrés, s'il en banco, murs maçonnés et toit en tôle ",1787842281876.jpg,https://kf.kobotoolbox.org/api/v2/assets/anTGkBsJzTReb96GWVGu7k/data/851781659/attachments/attkrGz3rztj6VpARTCszB4q/
824be4a9-38bd-4397-9af8-2f3b56050342,851781907,479,pap_0519,,cni,00164109,autre,0,0,0,0,1,0,Cultures ,oui,520,,"La PAP est décédée et sera représentée par son fils aîné : MENGUELE RICHARD ARLOT, CNI N°000164109",1787842865925.jpg,https://kf.kobotoolbox.org/api/v2/assets/anTGkBsJzTReb96GWVGu7k/data/851781907/attachments/attP8FriCCTAa4y7iqBNJpKf/
a70d15a4-cc95-47dc-879b-6dc409b46038,851782501,480,pap_0510,,cni,118016776,autre,0,0,0,0,1,0,Cultures et tombes,oui,511,,Présence dans l'emprise de 2 tombes dont 1 aménagée ,1787844064600.jpg,https://kf.kobotoolbox.org/api/v2/assets/anTGkBsJzTReb96GWVGu7k/data/851782501/attachments/attSMej7vJHtm62Lg9rVkfTy/
919190c2-590a-4769-97cf-e62e490c75a0,851791795,481,pap_0616,,cni,112816040,parcelle_agricole,0,1,0,0,0,0,,oui,617,,La signature est celle de sa femme,1787842101384.jpg,https://kf.kobotoolbox.org/api/v2/assets/anTGkBsJzTReb96GWVGu7k/data/851791795/attachments/attmCvSAzqBDqLCdfecTuf3F/
95fb4a0c-4e62-4177-97a2-b66a2b5b09f6,851793413,482,pap_0650,,cni,110911275,parcelle_agricole,0,1,0,0,0,0,,oui,651,,La signature est celle de son frère,1787845656650.jpg,https://kf.kobotoolbox.org/api/v2/assets/anTGkBsJzTReb96GWVGu7k/data/851793413/attachments/att3V3qWFxVAbLK7njpqDoA4/
c12bce56-2a42-44e4-b84a-5bca63ddbba1,852064208,483,pap_0643,,cni,109769707,parcelle_agricole,0,1,0,0,0,0,,oui,644,,,1787846794707.jpg,https://kf.kobotoolbox.org/api/v2/assets/anTGkBsJzTReb96GWVGu7k/data/852064208/attachments/attDA7yAJqiMdr8ZJzxtzeUs/
270403db-ab07-47d1-999b-a609d8df5c98,852064259,484,pap_0639,,cni,101901822,parcelle_agricole,0,1,0,0,0,0,,oui,640,,,1787846212860.jpg,https://kf.kobotoolbox.org/api/v2/assets/anTGkBsJzTReb96GWVGu7k/data/852064259/attachments/attXM3tnr4ut5suix2Lj9XGx/
a898dc33-b49d-45e1-9ad0-8f56c1950267,854277362,485,pap_0618,,cni,115504173,parcelle_agricole parcelle_construite,0,1,1,0,0,,,oui,619,,,1787740552168.jpg,https://kf.kobotoolbox.org/api/v2/assets/anTGkBsJzTReb96GWVGu7k/data/854277362/attachments/attGQGJvqHR7UsCPoLydE584/
0c4faa02-36c4-42a4-94a4-ff2110363c1e,854278053,486,pap_0606,,cni,118535849,parcelle_agricole parcelle_construite,0,1,1,0,0,,,oui,607,,,1787741277035.jpg,https://kf.kobotoolbox.org/api/v2/assets/anTGkBsJzTReb96GWVGu7k/data/854278053/attachments/attcRxmepQbau5UZpGXeYeGJ/
b26cdcc6-17dd-4d7d-8df9-d5bdcb0cf3e1,854278175,487,pap_0619,,cni,SU010097L5JO8QKFYSCR5,parcelle_agricole,0,1,0,0,0,,,oui,620,,,1787745493474.jpg,https://kf.kobotoolbox.org/api/v2/assets/anTGkBsJzTReb96GWVGu7k/data/854278175/attachments/attdLSLzqA4LLc5ZFyGXWvzJ/
8c613072-02d0-4904-850c-2e37be93f154,854278371,488,pap_0612,,cni,100179486,parcelle_construite,0,0,1,0,0,,,oui,613,,,1787840521524.jpg,https://kf.kobotoolbox.org/api/v2/assets/anTGkBsJzTReb96GWVGu7k/data/854278371/attachments/attAMo9pfVLpZreSQ3Ryk5S5/
107a2c91-d741-4514-858d-8f67103eadb9,854278540,489,pap_0651,,cni,SU01232L5LPGQP61TF05,parcelle_agricole,0,1,0,0,0,,,oui,652,,,1787844149878.jpg,https://kf.kobotoolbox.org/api/v2/assets/anTGkBsJzTReb96GWVGu7k/data/854278540/attachments/attVXJ87DRePacF3bV2fu2nT/
7ec97668-082a-4544-a52b-7c37e82e6b27,854278839,490,pap_0653,,cni,116445807,parcelle_agricole,0,1,0,0,0,,,oui,655,,,1787844616577.jpg,https://kf.kobotoolbox.org/api/v2/assets/anTGkBsJzTReb96GWVGu7k/data/854278839/attachments/attNFmdEYh6DLtgbLT6RYJ7v/
5f79f2fd-7b65-4c3c-8050-9f2bf8d5dada,854278999,491,pap_0646,,cni,117646041,parcelle_agricole,0,1,0,0,0,,,oui,647,,,1787845247537.jpg,https://kf.kobotoolbox.org/api/v2/assets/anTGkBsJzTReb96GWVGu7k/data/854278999/attachments/attT8ZgNTCjgRUoFwawkzsuT/
16b0ed36-879e-4996-8483-e744d31be055,855826179,492,pap_0640,,cni,115148371,parcelle_construite,0,0,1,0,0,0,,oui,641,,Présence de cacaoyers adultes dans l'emprise : 10 pieds,1788251843150.jpg,https://kf.kobotoolbox.org/api/v2/assets/anTGkBsJzTReb96GWVGu7k/data/855826179/attachments/attdZbMQ5N4RJjuuSCdTkE5v/
c1fe9a3f-7ed2-4283-a1ee-49721fe158c7,855826809,493,pap_0513,,cni,000522335,autre,0,0,0,0,1,0,Cultures ,oui,514,,,1788252989346.jpg,https://kf.kobotoolbox.org/api/v2/assets/anTGkBsJzTReb96GWVGu7k/data/855826809/attachments/attcFpnm8djcNGreDKprz7dA/
44908648-9725-44ad-92ab-3c8c3c9b6fa4,855828005,494,pap_0520,,cni,AB02305682,parcelle_construite autre,0,0,1,0,1,0,Cultures ,oui,521,,"Présence dans l'emprise de 2 autres bâtis.
Une cuisine : sol en banco ; murs en banco, toit en tôles, standing moyen, en bon état
12.9 m de long ; 6.7 m de large ; 86.43 mètres carrés de superficie 

Première cuisine : sol en banco, murs maçonnés, toit en tôles, standing moyen en bon état 
9.9 m de long ; 6.9 m de large ; 68.31 mètres carrés de superficie 

Présence de 4 tombes non aménagées ",1788254420148.jpg,https://kf.kobotoolbox.org/api/v2/assets/anTGkBsJzTReb96GWVGu7k/data/855828005/attachments/attmC7KjgTzeNmapusqax6zq/
4c5d08a5-8ff5-4b82-bb4e-4b85b1db88e6,855828393,495,pap_0521,,cni,SU01097L5L8X25825NM5,parcelle_construite autre,0,0,1,0,1,0,Cultures ,oui,522,,"Présence dans l'emprise du bâtis de la PAP
Sol en banco
Mur en banco
Toit en tôles 
Standing moyen 
État moyen 
Longueur 10.1 m
Largeur 6.62
Superficie 66.86 mètres carrés ",1788255583368.jpg,https://kf.kobotoolbox.org/api/v2/assets/anTGkBsJzTReb96GWVGu7k/data/855828393/attachments/att6rRBQADN8nChnYaRxZBSZ/
ff77cf09-003b-4c8a-8bbe-79bb719ee77d,855828605,496,pap_0645,,cni,116285148,parcelle_construite,0,0,1,0,0,0,,oui,646,,,1788261362303.jpg,https://kf.kobotoolbox.org/api/v2/assets/anTGkBsJzTReb96GWVGu7k/data/855828605/attachments/attYPyVLnLq5bMFUCkMtso2R/
66b3cc19-8595-4277-9aee-a0c121afb881,855830855,497,pap_0514,,cni,118123913,parcelle_construite,0,0,1,0,0,,,oui,515,,,1788254125549.jpg,https://kf.kobotoolbox.org/api/v2/assets/anTGkBsJzTReb96GWVGu7k/data/855830855/attachments/attk6pinqXKCG6kjAixjDsxu/
7da6735e-38d1-43ef-a068-8949e8de2ae4,855831078,498,pap_0523,,cni,101640297,parcelle_agricole parcelle_construite,0,1,1,0,0,,,oui,524,,"Maison non recensée 
L:10,30
Lar:5,89
Total : 60,66
Sol: Banco
Toit: Tôle 
Mûrs : Maconés
",1788254982207.jpg,https://kf.kobotoolbox.org/api/v2/assets/anTGkBsJzTReb96GWVGu7k/data/855831078/attachments/attN9iAKFPuvCFWhdWxDX6p2/
678adf5a-aa66-4f86-87fc-57592bf4287c,855831402,499,pap_0635,,cni,116285148,parcelle_agricole parcelle_construite,0,1,1,0,0,,,oui,636,,Changement de bénéficiaire d'Assam Akono Bruno à Okono Mvondo Oscar (à qui de droit),1788258127591.jpg,https://kf.kobotoolbox.org/api/v2/assets/anTGkBsJzTReb96GWVGu7k/data/855831402/attachments/attcgYnpRpfUXQTPdrnwH4s4/
22ebe926-df7d-4db7-a70f-8e0e85f6f404,855831640,500,pap_0642,,cni,110370594,parcelle_agricole,0,1,0,0,0,,,oui,643,,,1788260714114.jpg,https://kf.kobotoolbox.org/api/v2/assets/anTGkBsJzTReb96GWVGu7k/data/855831640/attachments/attjRFdXGKAW6unEwMpbsmy3/
5bd4f780-3a3b-4888-adcf-d72c027da472,855833365,501,pap_1455,,cni,111284600,parcelle_construite,0,0,1,0,0,0,,oui,517,,,1787818116026.jpg,https://kf.kobotoolbox.org/api/v2/assets/anTGkBsJzTReb96GWVGu7k/data/855833365/attachments/attRJNkXnZjYY7Dab2uQeP8K/
897f020c-01d5-48a6-ab75-fc83936a41b9,855833498,502,pap_0508,,cni,1139333184,parcelle_agricole,0,1,0,0,0,0,,oui,509,,,1788274807545.jpg,https://kf.kobotoolbox.org/api/v2/assets/anTGkBsJzTReb96GWVGu7k/data/855833498/attachments/att6qRbGjPh5YvoG8WQTCoZ8/
8722db80-effc-4718-b0ac-f4ab5ba574fc,855833557,503,pap_0516,,cni,000398087,parcelle_construite,0,0,1,0,0,0,,oui,517,,La signature et photo sont celles du chèf de la famille qui represente le PAP,1788277218424.jpg,https://kf.kobotoolbox.org/api/v2/assets/anTGkBsJzTReb96GWVGu7k/data/855833557/attachments/attPVdzs4FU3oGgknBr4Mz2M/
071cc7e3-9742-4486-82d7-a0c9e96d020a,855834974,504,pap_0512,,cni,116901375,parcelle_agricole,0,1,0,0,0,0,,oui,513,,Parcelle hors emprise. PAP décédée représentée par son dernier fils MENGUE Giresse Ekounda en l'absence de ses grands frères ,1788255019591.jpg,https://kf.kobotoolbox.org/api/v2/assets/anTGkBsJzTReb96GWVGu7k/data/855834974/attachments/attAnqEdJ5ek6kT6aBaWdL44/
b58ba779-e703-4077-92b1-f16b0042a7c2,855840253,505,pap_0647,,cni,116901155,parcelle_agricole,0,1,0,0,0,0,,oui,648,,Changement de bénéficiaire car PAP partie en mariage. Nouvelle bénéficiaire sa maman la nommée BENGONO ESSOMBA epse EDIMENGO Damaris ,1788264593300.jpg,https://kf.kobotoolbox.org/api/v2/assets/anTGkBsJzTReb96GWVGu7k/data/855840253/attachments/att6UUvZxoqP7LwiJgbAemPF/
43aef7b0-3c08-4968-9821-7f88cd3b73ea,855840506,506,pap_0638,,cni,100238555,parcelle_agricole,0,1,0,0,0,0,,oui,639,,"Bâtisse hors emprise. Champs de 1ha impacté avec des cultures  impactées comme suit : 08 palmier local; 10 cacaoyers, près de 100 rejetons de bananes plantain ",1788268896626.jpg,https://kf.kobotoolbox.org/api/v2/assets/anTGkBsJzTReb96GWVGu7k/data/855840506/attachments/attnUiEeiyrc9QYcCgYdUbcL/
a603ed91-abab-4b8b-bafd-10a6b85592e1,855840798,507,pap_0853,,cni,100284896,parcelle_agricole,0,1,0,0,0,0,,oui,854,,PAP absente Rep par son père EBENGUE ETOUA Paul ,1788270335037.jpg,https://kf.kobotoolbox.org/api/v2/assets/anTGkBsJzTReb96GWVGu7k/data/855840798/attachments/attUMUvmEEapeSwFgg8nM8ET/
011684cb-4ca9-494a-abbc-cd61cf54a213,855841275,508,pap_0854,,cni,101,parcelle_agricole,0,1,0,0,0,0,,oui,855,,PAP absente représentée par sa mère MINKADA Louise ,1788271787036.jpg,https://kf.kobotoolbox.org/api/v2/assets/anTGkBsJzTReb96GWVGu7k/data/855841275/attachments/attTWPuYWr6nsNfCaLXN9k4R/
b9ed0f55-c8c3-40b5-8db4-430725cb625d,855841491,509,pap_0870,,cni,101726188,parcelle_construite,0,0,1,0,0,0,,oui,872,,Bâtisse en reconstruction et hors emprise . PAP absente Rep par sa mère MINKADA Louise ,1788272110646.jpg,https://kf.kobotoolbox.org/api/v2/assets/anTGkBsJzTReb96GWVGu7k/data/855841491/attachments/attBqoCmmThP8HywA5Zery8z/
1ae3708d-4a37-4f0f-b2a0-8dbe5cf8952e,855843986,510,pap_0518,,cni,115508395,parcelle_agricole,0,1,0,0,0,0,,oui,519,,"La batis( une boutique )est desormais impacté. 
Longeur: 10.80
Largeur: 5.60
Superficie: 60.48 metre quaré

Sol: Banco
Mur: Banco
 Tôiture: Tôle 
Commercial 
État: Moyenne",1788275402096.jpg,https://kf.kobotoolbox.org/api/v2/assets/anTGkBsJzTReb96GWVGu7k/data/855843986/attachments/attV4RPy7LhkxDec8tbVfsH6/
d67de023-befb-4dd8-92d6-611ad281aa19,855846469,511,pap_0644,,cni,116228171,parcelle_agricole parcelle_construite,0,1,1,0,0,0,,oui,645,,Bâtisse hors emprise . PAP absente représentée par sa mère BEKONO Mariette ,1788251958263.jpg,https://kf.kobotoolbox.org/api/v2/assets/anTGkBsJzTReb96GWVGu7k/data/855846469/attachments/attX2gjmYTfw8TrvoWJYDYUQ/
3eb0e9bf-811b-450c-9cef-16e60925cc3b,855849657,512,pap_0647,,cni,116901155,hors_zone_influence,0,0,0,0,0,1,,oui,648,,,1788261850765.jpg,https://kf.kobotoolbox.org/api/v2/assets/anTGkBsJzTReb96GWVGu7k/data/855849657/attachments/attrTp4NN7Pp2EmGnANhCfGS/
f2b72876-a528-4f44-9858-9ee879ee70d1,855850255,513,pap_0868,,cni,112562457,parcelle_construite,0,0,1,0,0,0,,oui,870,,Bénéficiaire  décédé  .changement  de bénéficiaire  pour NKOO MINTYAN CELESTIN  grand frère  du défunt.  Le défunt n´a ni femme ni enfant ,1788268966207.jpg,https://kf.kobotoolbox.org/api/v2/assets/anTGkBsJzTReb96GWVGu7k/data/855850255/attachments/attdF9gA3sL28HQ3KGVogCgj/
1125ecfb-57b1-44d2-9d75-d75730adeb78,855850614,514,pap_0861,,cni,101319189,parcelle_agricole,0,1,0,0,0,0,,oui,862,,,1788269599779.jpg,https://kf.kobotoolbox.org/api/v2/assets/anTGkBsJzTReb96GWVGu7k/data/855850614/attachments/att7P9LznXRhVRmd769xthso/
f8d5f0f8-aefe-4854-9e1d-819b1d6272ac,855852277,515,pap_0858,,cni,SU012322L5LPGG8KY81,parcelle_agricole,0,1,0,0,0,0,,oui,859,,"Bénéficiaire très malade changement  de bénéficiaire  pour son fils  ABOSSOLO NKONGO JOVANNY DANGER . 
 Numéro  cni : 100521732",1788271783961.jpg,https://kf.kobotoolbox.org/api/v2/assets/anTGkBsJzTReb96GWVGu7k/data/855852277/attachments/atteoyCqShMjkvGKWjmE6RYS/
f9bc6bb8-6070-4dda-85ec-600b62b059fc,856288450,516,pap_0873,,cni,101319189,parcelle_construite,0,0,1,0,0,,,oui,875,,,1788269356331.jpg,https://kf.kobotoolbox.org/api/v2/assets/anTGkBsJzTReb96GWVGu7k/data/856288450/attachments/attjooUWK5tSZEp7ous5oSDM/
4ab4a57b-e92b-4c62-978c-69aaba81e1bd,856288661,517,pap_0869,,cni,101319189,parcelle_agricole,0,1,0,0,0,,,oui,871,,,1788270513266.jpg,https://kf.kobotoolbox.org/api/v2/assets/anTGkBsJzTReb96GWVGu7k/data/856288661/attachments/attGQrSXUrR8ezCuFvgsaUgP/
85926efc-2a87-4c89-8fff-7f37d7cfdc25,856288926,518,pap_0517,,cni,000398087,parcelle_construite,0,0,1,0,0,,,oui,518,,,1788276336572.jpg,https://kf.kobotoolbox.org/api/v2/assets/anTGkBsJzTReb96GWVGu7k/data/856288926/attachments/att6QTh8ajxZ5BwCMg3LA2BJ/
36873da7-5df1-4dd6-8cdd-100dc392c912,858032255,519,pap_0864,,cni,115515011,parcelle_agricole,0,1,0,0,0,0,,oui,865,,,1788435021909.jpg,https://kf.kobotoolbox.org/api/v2/assets/anTGkBsJzTReb96GWVGu7k/data/858032255/attachments/attzmv3cvwkKScGmMFchczUf/
21171721-fd6a-47d9-8566-8a6cf5c7d5e8,858032456,520,autre_pap_nkolenyeng,NSOM NDONGO Yannick ,cni,100556838,parcelle_agricole,0,1,0,0,0,0,,oui,866,,PAP non listé dans le kobo . PAP absente Rep par son grand frère NSOM NDONGO Emilie Roger ,1788435712825.jpg,https://kf.kobotoolbox.org/api/v2/assets/anTGkBsJzTReb96GWVGu7k/data/858032456/attachments/attM2uQaAefjyes7xD2fSFcx/
b61c1aa1-e816-4aa4-98fe-89552931786a,858033383,521,pap_0690,,cni,000670756,parcelle_agricole,0,1,0,0,0,0,,oui,691,,PAP hors emprise représentée par son neveu MBOM Wilfried,1788437917483.jpg,https://kf.kobotoolbox.org/api/v2/assets/anTGkBsJzTReb96GWVGu7k/data/858033383/attachments/attXQdX8tovhAkDitiRUoQyt/
ef665b1a-36b6-4016-a915-ed414f9e4a6a,858033564,522,pap_0468,,cni,112628856,parcelle_agricole,0,1,0,0,0,0,,oui,469,,,1788446130050.jpg,https://kf.kobotoolbox.org/api/v2/assets/anTGkBsJzTReb96GWVGu7k/data/858033564/attachments/atthMuEz7PFhvEXZxzZkiZvk/
55dd0d49-a0c3-4ca8-a067-2e0860decdb4,858033731,523,pap_0472,,cni,116286912,parcelle_agricole,0,1,0,0,0,0,,oui,473,,,1788447158284.jpg,https://kf.kobotoolbox.org/api/v2/assets/anTGkBsJzTReb96GWVGu7k/data/858033731/attachments/attSoyE5LHaNnHHxpiTkVewX/
2e6aafd5-3d26-48b1-b034-424eee63f057,858035735,524,pap_0794,,cni,114966830,parcelle_construite,0,0,1,0,0,0,,oui,795,,1 tombée aménagée  entre  dans l´emprise,1787575776224.jpg,https://kf.kobotoolbox.org/api/v2/assets/anTGkBsJzTReb96GWVGu7k/data/858035735/attachments/atthDHx36oKjmHf7wcsmVpgp/
9d3f6ebb-50a3-4f53-aa3e-0bfd786fa1d2,858037235,525,pap_0680,,cni,SU01232L5LWDL49,parcelle_agricole,0,1,0,0,0,0,,oui,681,,"Changement  de bénéficiaire pour ADJOMO AWOUMVELE ALBERT 
21-07-1962
N CNI :100216477",1788437231796.jpg,https://kf.kobotoolbox.org/api/v2/assets/anTGkBsJzTReb96GWVGu7k/data/858037235/attachments/attpdzQy9BQYEuMTyXf9EMTj/
5c667a77-6958-4b9a-a23f-44b221534e15,858038059,526,pap_0866,,cni,SU17512L5LWNU8J7KA85,parcelle_agricole,0,1,0,0,0,0,,oui,868,,,1788427562916.jpg,https://kf.kobotoolbox.org/api/v2/assets/anTGkBsJzTReb96GWVGu7k/data/858038059/attachments/attwRPwfPL7jp4JAe4WHBXcc/
03c22f04-e1fa-48b5-92a9-417aa17d08af,858038128,527,pap_0522,,cni,11893462,parcelle_agricole,0,1,0,0,0,0,,oui,523,,"Il ya plus de cultures qui s'adjoute dans l'emprise actuelle. Au totale IL ya;
2/Cocotier 
10 palmier locale (3 jeunes et 7 adultes)
1 Safoutier 
3 Goyavier 
1 Avocatier",1788256445932.jpg,https://kf.kobotoolbox.org/api/v2/assets/anTGkBsJzTReb96GWVGu7k/data/858038128/attachments/attzxAdFsTkteemfGPUxxSVn/
7a62f7fa-c29f-45fe-9b22-bb420e521128,858038189,528,pap_0688,,cni,115508393,parcelle_agricole,0,1,0,0,0,0,,oui,689,,Decès du beneficiare et requète en cours pour changement de beneficiare pour sa fille Zoa Flora,1788433821772.jpg,https://kf.kobotoolbox.org/api/v2/assets/anTGkBsJzTReb96GWVGu7k/data/858038189/attachments/attm9bgJHHFW6di2VwRuQ5VL/
dae2be3f-417d-4d5e-86c6-c9c01a9c93a7,858038332,529,pap_0683,,cni,101102990,parcelle_agricole,0,1,0,0,0,0,,oui,684,,,1788440432629.jpg,https://kf.kobotoolbox.org/api/v2/assets/anTGkBsJzTReb96GWVGu7k/data/858038332/attachments/attxDzFyWyFBWpyshbuC9sAJ/
2b6b3fb0-4b53-4622-90d2-b47bccbaa3d8,858039511,530,pap_0686,,cni,115508354,parcelle_agricole,0,1,0,0,0,0,,oui,687,,,1788440637911.jpg,https://kf.kobotoolbox.org/api/v2/assets/anTGkBsJzTReb96GWVGu7k/data/858039511/attachments/attjqg4pkbNk9MYcaQR2dEfW/
a513901d-5291-4793-886d-fe73005764fd,858039808,531,pap_0681,,cni,SU16384L5LSWR320TN05,parcelle_agricole,0,1,0,0,0,0,,oui,682,,,1788442653489.jpg,https://kf.kobotoolbox.org/api/v2/assets/anTGkBsJzTReb96GWVGu7k/data/858039808/attachments/attiqJWEo3vcCed3DhU7yqRu/
be721b27-55b0-4d10-ac89-9ba4ddb0041c,858041145,532,pap_0874,,cni,101103119,parcelle_construite,0,0,1,0,0,,,oui,876,,,1788425580098.jpg,https://kf.kobotoolbox.org/api/v2/assets/anTGkBsJzTReb96GWVGu7k/data/858041145/attachments/attXWZwaNFf2X8rFSPC7J85r/
bab4c5f5-1dc0-4cbe-bc02-b9a4174c4d88,858041393,533,pap_0855,,cni,103103119,parcelle_agricole,0,1,0,0,0,,,oui,856,,,1788426583022.jpg,https://kf.kobotoolbox.org/api/v2/assets/anTGkBsJzTReb96GWVGu7k/data/858041393/attachments/att2PENhHfKtecJDxxRw3n3Q/
132cfd0f-3d45-466d-a6fe-2d114e99377b,858041688,534,pap_0697,,cni,115006851,parcelle_construite autre,0,0,1,0,1,0,Cultures ,oui,698,,"La PAP est décédée et sera remplacée par son ayant droit (sa fille), la dénommée MBO SYLVIE, CNI N°116901225
Présence dans la concession de 3 tombes impactées (2 aménagées et 1 non Aménagée)",1788442466056.jpg,https://kf.kobotoolbox.org/api/v2/assets/anTGkBsJzTReb96GWVGu7k/data/858041688/attachments/attgqb8yZF3duQ3vLfQvna9Z/
b0d9e840-05c2-4398-8576-3abe5ccf11fe,858041785,535,pap_0856,,cni,116395143,parcelle_agricole,0,1,0,0,0,,,oui,857,,"À ajouter: 4 palmiers ( 2j , 2A) un citronnier.",1788429342288.jpg,https://kf.kobotoolbox.org/api/v2/assets/anTGkBsJzTReb96GWVGu7k/data/858041785/attachments/attTh7TznSGS3k8FS27kPE5v/
dfe332c5-46b4-4181-b68a-0182c237dccf,858041878,536,pap_0684,,cni,SU17512L5LWP53KLOTC,autre,0,0,0,0,1,0,Cultures ,oui,685,,,1788442882552.jpg,https://kf.kobotoolbox.org/api/v2/assets/anTGkBsJzTReb96GWVGu7k/data/858041878/attachments/attUi68y9s26Fo4WtJr3fMoU/
b144e135-7e29-4a40-a371-7ecd6ad39006,858041970,537,pap_0871,,cni,118687023,parcelle_construite,0,0,1,0,0,,,oui,873,,HORS EMPRISE,1788431319759.jpg,https://kf.kobotoolbox.org/api/v2/assets/anTGkBsJzTReb96GWVGu7k/data/858041970/attachments/attEysFYR4Dx8eKews6dyhLq/
d97f1830-39ac-4363-8dbd-7343301044dd,858042081,538,pap_0470,,cni,SU17512I5JE2LT98YBG0,autre,0,0,0,0,1,0,Cultures ,oui,471,,,1788446463126.jpg,https://kf.kobotoolbox.org/api/v2/assets/anTGkBsJzTReb96GWVGu7k/data/858042081/attachments/attVyx7dUbQnE3XhJHFKL96X/
b4dc49a3-a408-47a2-9c18-588c0ff4a3f0,858042301,539,pap_0693,,cni,110973954,parcelle_agricole parcelle_construite,0,1,1,0,0,,,oui,694,,,1788433719443.jpg,https://kf.kobotoolbox.org/api/v2/assets/anTGkBsJzTReb96GWVGu7k/data/858042301/attachments/attgrgUNZDuxiEQBH43C5h47/
e1310aef-87d2-4940-bcda-8fe0e6eb812a,858043164,540,pap_0679,,cni,000582865,parcelle_agricole,0,1,0,0,0,,,oui,680,,,1788434125658.jpg,https://kf.kobotoolbox.org/api/v2/assets/anTGkBsJzTReb96GWVGu7k/data/858043164/attachments/attjBdgsmmoviqPFdGnEv7GM/
22b93c1b-312e-44a5-b85e-c5e37271ad88,858043725,541,pap_0692,,cni,115508346,parcelle_agricole parcelle_construite,0,1,1,0,0,,,oui,693,,,1788434926373.jpg,https://kf.kobotoolbox.org/api/v2/assets/anTGkBsJzTReb96GWVGu7k/data/858043725/attachments/attijFeJbidyiwwEXdtPaeFu/
18954687-739e-4068-9b0b-3ec3d03b5a5c,858043912,542,pap_0685,,cni,000747919,parcelle_agricole,0,1,0,0,0,,,oui,686,,,1788440289684.jpg,https://kf.kobotoolbox.org/api/v2/assets/anTGkBsJzTReb96GWVGu7k/data/858043912/attachments/att8rvBiLLXpCAUxNtiY7uJy/
61cbde2e-a25b-4d2f-bd97-5ef36be009c2,858044509,543,pap_0696,,cni,110420173,parcelle_agricole parcelle_construite,0,1,1,0,0,,,oui,697,,,1788440947549.jpg,https://kf.kobotoolbox.org/api/v2/assets/anTGkBsJzTReb96GWVGu7k/data/858044509/attachments/attJD29gQoMADaXgBjhg9UYd/
c9612b4c-9d1a-49f2-8097-054c365cedc4,858044687,544,pap_0436,,cni,113197564,parcelle_agricole,0,1,0,0,0,,,oui,437,,,1788444843248.jpg,https://kf.kobotoolbox.org/api/v2/assets/anTGkBsJzTReb96GWVGu7k/data/858044687/attachments/attyjYXNaQAXEBjPQBmYmc5v/
6f584b1b-23ca-482c-a9d6-4341d9afdd3d,858045134,545,pap_0466,,cni,104301833,parcelle_agricole,0,1,0,0,0,,,oui,467,,,1788448349011.jpg,https://kf.kobotoolbox.org/api/v2/assets/anTGkBsJzTReb96GWVGu7k/data/858045134/attachments/attsf8hjtrnCHer9VJQT7azo/
7e4d0d7b-3d34-4658-afc8-f543a16c8545,859176910,546,pap_0248,,cni,112248528,parcelle_agricole,0,1,0,0,0,0,,oui,249,,PAP absente représentée par sa belle fille ANGO BIBANA Diana,1788518919312.jpg,https://kf.kobotoolbox.org/api/v2/assets/anTGkBsJzTReb96GWVGu7k/data/859176910/attachments/attBfitjreYnfTuDxGsKemdz/
53d189c4-7f25-491e-8b4a-e8dd274166b0,859177780,547,pap_0446,,cni,118569976,parcelle_agricole,0,1,0,0,0,0,,oui,447,,,1788532127940.jpg,https://kf.kobotoolbox.org/api/v2/assets/anTGkBsJzTReb96GWVGu7k/data/859177780/attachments/attYbPGxMckyZoWuvMenBp5K/
1eada032-6018-4c43-81dc-fd223920dcdf,860193209,548,pap_0433,,cni,SU17512L5J07G64FVFP3,autre,0,0,0,0,1,0,Cultures ,oui,434,,La PAP est hors emprise ,1788520694938.jpg,https://kf.kobotoolbox.org/api/v2/assets/anTGkBsJzTReb96GWVGu7k/data/860193209/attachments/attnbBJckZ88BHYhxp35Pf4R/
599b17d5-180a-4ed2-acef-af8e5889d1a4,860407126,549,pap_0435,,cni,112248626,hors_zone_influence,0,0,0,0,0,1,,oui,436,,Decès du beneficiare ,1788521072217.jpg,https://kf.kobotoolbox.org/api/v2/assets/anTGkBsJzTReb96GWVGu7k/data/860407126/attachments/attvLnKziRsFbxiDaHwgCoQa/
8271431f-3089-4b0d-97c8-cd1f9e8da6a0,860407141,550,pap_0442,,cni,118759472,parcelle_agricole,0,1,0,0,0,0,,oui,443,,,1788521663438.jpg,https://kf.kobotoolbox.org/api/v2/assets/anTGkBsJzTReb96GWVGu7k/data/860407141/attachments/attuhgU4833iyq53348pcmM2/
3c4c0565-b625-48e1-87fa-9e9eb0585cd9,860407220,551,pap_0445,,cni,111950497,parcelle_agricole,0,1,0,0,0,0,,oui,446,,,1788527169076.jpg,https://kf.kobotoolbox.org/api/v2/assets/anTGkBsJzTReb96GWVGu7k/data/860407220/attachments/att4TeeeKptRWbeZbgX4f7Qu/
0f205e6b-c080-4fa9-a020-da29169bc323,860407257,552,pap_0441,,cni,101200184,parcelle_agricole,0,1,0,0,0,0,,oui,442,,,1788529419348.jpg,https://kf.kobotoolbox.org/api/v2/assets/anTGkBsJzTReb96GWVGu7k/data/860407257/attachments/attymuWsimWqx2myDUAgScnd/
3f1c208e-532d-47f7-9717-02daf95357d6,860407280,553,pap_0426,,cni,SU01232L5J07B3TLGUB2,parcelle_agricole,0,1,0,0,0,0,,oui,427,,,1788530699690.jpg,https://kf.kobotoolbox.org/api/v2/assets/anTGkBsJzTReb96GWVGu7k/data/860407280/attachments/attW3dHi7c3RrtbsSUkVAseu/
385b04d4-44ab-4ab6-973c-71ac95b98f36,861135232,554,pap_0695,,cni,100856828,parcelle_agricole,0,1,0,0,0,0,,oui,696,,,1788513588823.jpg,https://kf.kobotoolbox.org/api/v2/assets/anTGkBsJzTReb96GWVGu7k/data/861135232/attachments/attCqNm7hB69TCDZDWsEDzUz/
03a57027-857f-4846-a117-c7bfb8211634,861135308,555,pap_0252,,cni,118687114,parcelle_agricole,0,1,0,0,0,0,,oui,253,,,1788517833039.jpg,https://kf.kobotoolbox.org/api/v2/assets/anTGkBsJzTReb96GWVGu7k/data/861135308/attachments/attgDp3suFbuXrJEn95UwGQv/
8e18e273-8fa1-46cf-ad85-78e6f463f174,861135424,556,pap_0431,,cni,111950461,parcelle_agricole,0,1,0,0,0,0,,oui,432,,"1 cacao mâture 
1 palmier mâture 
 Entre dans l´emprise ",1788520991468.jpg,https://kf.kobotoolbox.org/api/v2/assets/anTGkBsJzTReb96GWVGu7k/data/861135424/attachments/att9wFr8bKJHmccLq2V7wpYD/
dedacc65-9900-4fdb-a261-ed68fe24685b,861135604,557,pap_0438,,cni,113197530,parcelle_agricole,0,1,0,0,0,0,,oui,439,,,1788521537720.jpg,https://kf.kobotoolbox.org/api/v2/assets/anTGkBsJzTReb96GWVGu7k/data/861135604/attachments/attuExQqES6g5zSKY97C6ZyD/
50801379-dc1f-49b8-ae66-4514199cd17e,861135829,558,pap_0434,,cni,115272175,parcelle_agricole,0,1,0,0,0,0,,oui,435,,,1788522843128.jpg,https://kf.kobotoolbox.org/api/v2/assets/anTGkBsJzTReb96GWVGu7k/data/861135829/attachments/attFg3o4DQNec9dBhbJdzMVs/
396fa3f9-0bce-459f-9218-63e636d26279,861136180,559,pap_0429,,cni,115517007,parcelle_agricole,0,1,0,0,0,0,,oui,430,,Le nom a été  mal écrit.  C´est EBALE  FRANCIS,1788530137927.jpg,https://kf.kobotoolbox.org/api/v2/assets/anTGkBsJzTReb96GWVGu7k/data/861136180/attachments/attURJwxjqKLdGmuFSXhEhp9/
cb782e6e-475c-4f45-9cda-ec3108923101,861136212,560,pap_0851,,cni,SU01232L5J03RE90Z6P6,parcelle_agricole,0,1,0,0,0,0,,oui,852,,,1788533461002.jpg,https://kf.kobotoolbox.org/api/v2/assets/anTGkBsJzTReb96GWVGu7k/data/861136212/attachments/attJxfvaygFqJN8f6Pj3hYHj/
359d56e7-3bac-47c3-89a9-b8c2f5363fab,861136247,561,pap_0256,,cni,110003161,parcelle_agricole,0,1,0,0,0,0,,oui,257,,"Bénéficiaire  décédé  changement  de bénéficiaire  pour l´administrateur  des biens  Mr MEDJO´O ADONAÏ.

requête  en cours",1788773816869.jpg,https://kf.kobotoolbox.org/api/v2/assets/anTGkBsJzTReb96GWVGu7k/data/861136247/attachments/attGxxqxrrrjutUztfSpzoGo/
5c2cd7ed-777d-4e76-8d1b-f3b546d3ea23,861136331,562,pap_0505,,cni,100877109,parcelle_agricole,0,1,0,0,0,0,,oui,506,,,1788778384409.jpg,https://kf.kobotoolbox.org/api/v2/assets/anTGkBsJzTReb96GWVGu7k/data/861136331/attachments/att4yvtW2jUBZ56xeTmScgUp/
dc0fd2f0-b547-4f94-80df-7f3fe99b5953,861136383,563,pap_0504,,cni,100686384,parcelle_agricole,0,1,0,0,0,0,,oui,505,,,1788780465198.jpg,https://kf.kobotoolbox.org/api/v2/assets/anTGkBsJzTReb96GWVGu7k/data/861136383/attachments/attqd4gvpgMpydLTQk2VTtRs/
95a42a17-99ce-4bcf-a713-eb89a89a2b17,861136421,564,pap_0355,,cni,SU01232I5J7706PD9LL0,parcelle_agricole parcelle_construite,0,1,1,0,0,0,,oui,356,,"Le propriétaire  détient une maison en construction  qui entre nouvellement  dans le décret

Longueur :11,90
Largeur : 10,40 

Surface  :123,76 m2 

La maison a la toiture  en tôle et tient pour l´instant sur les piquets et charpente.  

",1788796473901.jpg,https://kf.kobotoolbox.org/api/v2/assets/anTGkBsJzTReb96GWVGu7k/data/861136421/attachments/attpBKV84TpscHJvitzSicxo/
369a0779-ed48-4810-a1ed-6560b9badeb9,861139549,565,pap_0687,,cni,115508384,parcelle_agricole,0,1,0,0,0,,,oui,688,,"Erreur sur le nom.
MBA JEANNE AU LIEU DE MBA JEREMIE.",1788513512517.jpg,https://kf.kobotoolbox.org/api/v2/assets/anTGkBsJzTReb96GWVGu7k/data/861139549/attachments/attQoHQ3bHhnLFUC9cKwN3By/
7a2a7978-b75a-4100-8e01-fdd307bf60ab,861140732,566,pap_0249,,cni,112248628,autre parcelle_construite,0,0,1,0,1,0,Cultures ,oui,250,,PAP décédée remplacée par son fils AYANG ATEBA Samuel Yannick; CNI: Kit232 fait à SU01. La PAP a aussi une concession de Sup : 49.904m2 constituée de 02 bâtisses nouvellement impactées dont: 01 maison principale de L:5.80m; l:5.63m; Sup: 32.654m2 ; sol: maçonné ; mur: planche ; toit: toles. Cuisine : L: 4.60m; l:3.75m; Sup: 17.25m2. sol: banco; mur: banco ; toit : tôles. ,1788771264319.jpg,https://kf.kobotoolbox.org/api/v2/assets/anTGkBsJzTReb96GWVGu7k/data/861140732/attachments/attbpEud8fvykRiQVC7NUaAm/
e690b3dd-a3e5-4fcb-942e-a9f7d16c375c,861140807,567,pap_0246,,cni,110003576,parcelle_agricole parcelle_construite,0,1,1,0,0,0,,oui,247,,"Decès du beneficiare et requète en cours pour changement de beneficiare à Bella Anne Rose.

Il ya une tombe amenagé et 45 Palmiers adultes desormais dans l'emprise ",1788769849480.jpg,https://kf.kobotoolbox.org/api/v2/assets/anTGkBsJzTReb96GWVGu7k/data/861140807/attachments/attUMErHjftLRNF88WfhfgpT/
1396aa2c-6ed8-435a-be4b-57f8a7a0d2e3,861140837,568,pap_0497,,cni,SU01097L5J08MWLL86C5,parcelle_agricole,0,1,0,0,0,0,,oui,498,,,1788774664616.jpg,https://kf.kobotoolbox.org/api/v2/assets/anTGkBsJzTReb96GWVGu7k/data/861140837/attachments/attwDoRB9pBkK6Wug2m4g8YR/
dc445113-5531-4e2f-ba52-ef54043cfe87,861140854,569,pap_0501,,cni,000303121,parcelle_agricole,0,1,0,0,0,0,,oui,502,,,1788775075293.jpg,https://kf.kobotoolbox.org/api/v2/assets/anTGkBsJzTReb96GWVGu7k/data/861140854/attachments/attECJEg8Z9dxQswaVWNpRE4/
757515c7-50db-459c-80b3-60ce5d598908,861140900,570,pap_0498,,cni,113197546,parcelle_agricole,0,1,0,0,0,0,,oui,499,,,1788780305866.jpg,https://kf.kobotoolbox.org/api/v2/assets/anTGkBsJzTReb96GWVGu7k/data/861140900/attachments/attdiUyhaALE87tRNbT78XZM/
a8a2503e-65d6-4a80-88ed-d8da145ea24e,861140912,571,pap_0493,,cni,113201762,hors_zone_influence,0,0,0,0,0,1,,oui,494,,,1788780750241.jpg,https://kf.kobotoolbox.org/api/v2/assets/anTGkBsJzTReb96GWVGu7k/data/861140912/attachments/attZF8g5rTq3mp4EnDz3RVV6/
1b47d185-fa11-4b75-914c-95439cbb1b2c,861140932,572,pap_0492,,cni,114966750,hors_zone_influence,0,0,0,0,0,1,,oui,493,,,,
10695e13-aadb-4fac-a7f0-784fe2630b6b,861140960,573,pap_0372,,cni,LT14163L5L2W54M9A1X6,parcelle_agricole,0,1,0,0,0,0,,oui,373,,,1788796791257.jpg,https://kf.kobotoolbox.org/api/v2/assets/anTGkBsJzTReb96GWVGu7k/data/861140960/attachments/attTAxG7DgV9XjpNe7zWh3Kc/
4c1fdf2b-72b1-4380-8a27-2d78826b8329,861141103,574,pap_0253,,cni,111980789,parcelle_agricole,0,1,0,0,0,0,,oui,254,,,1788772407328.jpg,https://kf.kobotoolbox.org/api/v2/assets/anTGkBsJzTReb96GWVGu7k/data/861141103/attachments/att7k8PNN9MZzHQeDB5XEgy7/
e54d4b28-1453-482d-823f-df799faef3f8,861141422,575,pap_0251,,cni,110203104,autre,0,0,0,0,1,0,Cultures ,oui,252,,,1788774113445.jpg,https://kf.kobotoolbox.org/api/v2/assets/anTGkBsJzTReb96GWVGu7k/data/861141422/attachments/attc8xUA2akFYpxDN2MdVJqV/
ae6ea17c-1f0a-45ff-b82b-6abe9e21069b,861141627,576,pap_0490,,cni,112248601,autre,0,0,0,0,1,0,Cultures ,oui,491,,"
PAP absente représentée par son grand frère MFEE Jean Severin. Revendications de 01 manguier sauvage adulte ; 05 palmier local adultes ; 02 cerisier sauvage (Amvout) et 15 cacaoyer adultes ",1788775505655.jpg,https://kf.kobotoolbox.org/api/v2/assets/anTGkBsJzTReb96GWVGu7k/data/861141627/attachments/attQrWTtLLFzHRALpSFtSAA2/
5bdf521a-a254-4fdc-958b-6ec9037bd00d,861141992,577,pap_0497,,cni,SU010097L5JO8MWLL86C5,autre,0,0,0,0,1,0,Cultures,oui,498,,,1788778067500.jpg,https://kf.kobotoolbox.org/api/v2/assets/anTGkBsJzTReb96GWVGu7k/data/861141992/attachments/atttkfnfrLZQhJiVsVpEJtSa/
91782b29-aadb-416b-9153-f893b199b991,861142645,578,pap_0430,,cni,116285218,parcelle_agricole,0,1,0,0,0,,,oui,431,,TERRAIN IMMATRICULÉ :343 m²,1788521770592.jpg,https://kf.kobotoolbox.org/api/v2/assets/anTGkBsJzTReb96GWVGu7k/data/861142645/attachments/attZoi4mpyyyYVqcKqbn6SyM/
aff1ec9d-f65b-4b7c-8705-6eff16244ece,861142777,579,pap_0445,,cni,111950497,parcelle_agricole,0,1,0,0,0,,,oui,446,,,1788525855868.jpg,https://kf.kobotoolbox.org/api/v2/assets/anTGkBsJzTReb96GWVGu7k/data/861142777/attachments/attG6XAzbJr6KMwNPCtGw9Gd/
9e268bf4-c69e-482a-8eba-93622a8dd596,861143110,580,pap_0502,,cni,118759410,autre,0,0,0,0,1,0,Cultures ,oui,503,,Pk22+400G: caveau familial de 06 tombes impactées dont 02 aménagées ; pk22+360 G: caveau familial de 09 tombes impactés dont 01 aménagée ,1788782008717.jpg,https://kf.kobotoolbox.org/api/v2/assets/anTGkBsJzTReb96GWVGu7k/data/861143110/attachments/attVdP4MvJGgscbmppc7WpjX/
c306acdb-edc2-4718-9017-1ed470cc381d,861143115,581,pap_0443,,autre,SU03068L5L8FKVWXU104,parcelle_agricole,0,1,0,0,0,,,oui,444,,,1788529454137.jpg,https://kf.kobotoolbox.org/api/v2/assets/anTGkBsJzTReb96GWVGu7k/data/861143115/attachments/attUGs9A7LtsMrmRkkxNULD8/
cf0d993a-8e2f-4e97-a5ec-4f9469dd2d56,861143260,582,pap_0362,,cni,1122486689,autre parcelle_construite,0,0,1,0,1,0,Cultures ,oui,363,,Requête en cours Pour 02 bâtisses affectées. Mais consommation de 01 bâtisse actuellement par l'équipe avec pour superficie 84.24m2 de L:10.80m et l: 7.80m. sol: banco; mur : banco ( bloc de terre cuites); toit: tôles. ,1788797956719.jpg,https://kf.kobotoolbox.org/api/v2/assets/anTGkBsJzTReb96GWVGu7k/data/861143260/attachments/attuCFWTP4KR9tppXDu43E49/
1d133999-9229-436d-84e5-78da80c2014e,861143438,583,pap_0331,,cni,118569538,autre,0,0,0,0,1,0,Cultures ,oui,332,,Presence de 06 tombes dont 01 aménagée au pk18+600D,1788798865140.jpg,https://kf.kobotoolbox.org/api/v2/assets/anTGkBsJzTReb96GWVGu7k/data/861143438/attachments/atto5BC2iRjoo993v4Unha8a/
57eeab64-aa5a-4562-b849-3b9298b7c715,861143771,584,pap_0511,,cni,116825580,parcelle_construite,0,0,1,0,0,,,oui,512,,,1788538303031.jpg,https://kf.kobotoolbox.org/api/v2/assets/anTGkBsJzTReb96GWVGu7k/data/861143771/attachments/attQhpm7YxT2Q5qew3rdS6o6/
37458c70-c34e-49f2-85bc-54138f4718d2,861144138,585,pap_0250,,cni,101208480,parcelle_agricole,0,1,0,0,0,,,oui,251,,,1788769831952.jpg,https://kf.kobotoolbox.org/api/v2/assets/anTGkBsJzTReb96GWVGu7k/data/861144138/attachments/attLhofRnEocyh9H4JCggXRf/
5880c2c1-87c0-4523-ab35-74ab106973e7,861144638,586,pap_0503,,cni,SU01097L5J04QC3C0FQ4,parcelle_agricole parcelle_construite,0,1,1,0,0,,,oui,504,,"CUISINE : 
L: 7,50
Lar: 6,50
T:48,57
Sol: Banco
Mur: Banco 
Toit : Tôle 
Etat: moyen 

Maison principale 
L:9,40
Lar:8,17
T:76,79
Sol: Banco
Toit: Tôle
Murs: Banco 
Délabré et abandonné ",1788777333031.jpg,https://kf.kobotoolbox.org/api/v2/assets/anTGkBsJzTReb96GWVGu7k/data/861144638/attachments/attqQgF3JL6xieMzc8PVtseM/
d106fc7d-202a-43eb-8229-cd49674e19ce,861247158,587,pap_0439,,cni,113197633,parcelle_construite autre,0,0,1,0,1,0,Cultures,oui,440,,"Ajout des cultures du verger de la PAP présentes dans l'emprise :
62 bananiers adultes 
2 palmiers adultes 
1 citronnier adulte 
2 orangiers adultes 
2 goyaviers adultes 
1 fromager de savane adulte 
Présence d'un bâtis aux caractéristiques suivantes :
Sol : cimenté
Mur : Maçonné
Toiture : tôle
Standing : ordinaire
Etat : bon
Longeur : 17.20 m
Largeur :  13 m
Superficie : 223.6 mètres carrés",1788529805472.jpg,https://kf.kobotoolbox.org/api/v2/assets/anTGkBsJzTReb96GWVGu7k/data/861247158/attachments/att5x8VvSRyWm45H2iEPjbbC/
1392b755-b7bc-4015-a85a-08de354cd374,861464042,588,pap_0255,,cni,111468662,parcelle_construite autre,0,0,1,0,1,0,Cultures ,oui,256,,"Le bâtis de la PAP est dans l'emprise 
Sol : banco
Mur : banco
Toit : tôles 
Standing semi définitif
Longueur : 16.6 m
Largeur : 10.3 m
Superficie : 170.98 mètres carrés ",1788772631692.jpg,https://kf.kobotoolbox.org/api/v2/assets/anTGkBsJzTReb96GWVGu7k/data/861464042/attachments/attVq2MFNmYTJRLdb6BrxLuF/
b24be491-3fec-4f67-9fd6-ce3da11f254c,861464897,589,pap_0376,,cni,000169384,autre parcelle_construite,0,0,1,0,1,0,Cultures ,oui,377,,"La PAP est partie en voyage et sera remplacée par son père le Nommé MFOM MBOM JOSEPH DIEUDONNÉ, CNI°112248647.
Par ailleurs, une maison principale d'habitation se retrouve dans l'emprise :
Sol : cimenté 
Mur : banco
Tout : toiture 
Standing : moyen
Longueur : 13.6
Largeur : 8.6
Superficie :116,96",1788796244803.jpg,https://kf.kobotoolbox.org/api/v2/assets/anTGkBsJzTReb96GWVGu7k/data/861464897/attachments/attgMGmjrF5jPJvXqj6JENYn/
f7c9f3bb-06c2-4d18-a3e1-80f80f22627e,862152219,590,pap_0175,,cni,115493082,autre parcelle_construite,0,0,1,0,1,0,Cultures et tombes ,oui,176,,"La PAP est décédée et sera remplacée par sa sœur, Mme BISSA MEBIAM Epse EVINDI
Présence de 4 tombes dans l'emprise, dont 2 aménagées et 2 non Aménagées
Présence d'une bâtis servant de maison principale 
Sol : cimenté 
Mur : maçonné 
Toit : tôles
Longueur : 12.21
Largeur : 10.85
Superficie : 132.48
État : bon",1788864627586.jpg,https://kf.kobotoolbox.org/api/v2/assets/anTGkBsJzTReb96GWVGu7k/data/862152219/attachments/attaKzt9uv7vdsy2HKLASKcQ/
194f6647-c3dc-46bb-9133-0c4b49b5afd8,862152251,591,pap_0153,,cni,111969656,parcelle_agricole,0,1,0,0,0,0,,oui,154,,La PAP est hors de l'emprise ,1788865681803.jpg,https://kf.kobotoolbox.org/api/v2/assets/anTGkBsJzTReb96GWVGu7k/data/862152251/attachments/attGmmFWHUEwcdWyusD6dNzK/
38b0fefc-21ba-4fb0-b0ab-dee2cd6d9d19,862152280,592,pap_0147,,cni,112662454,autre,0,0,0,0,1,0,Cultures ,oui,148,,La PAP est hors de l'emprise ,1788866578976.jpg,https://kf.kobotoolbox.org/api/v2/assets/anTGkBsJzTReb96GWVGu7k/data/862152280/attachments/attoLVe3EBaLpPq3d7fLmXwV/
d377510b-f7e0-4bda-a32b-b26222058b58,862152321,593,pap_0177,,cni,SU01097I5J06094JAEU4,parcelle_construite autre,0,0,1,0,1,0,Cultures ,oui,178,,La PAP est hors de l'emprise ,1788867236425.jpg,https://kf.kobotoolbox.org/api/v2/assets/anTGkBsJzTReb96GWVGu7k/data/862152321/attachments/attcMnTXBNcKVhg7P8pDKHue/
db857365-3ff4-46e3-8f18-17ff6805d56d,862152364,594,pap_0130,,cni,20170590295010992,autre,0,0,0,0,1,0,Cultures ,oui,131,,La PAP est hors de l'emprise ,1788867887117.jpg,https://kf.kobotoolbox.org/api/v2/assets/anTGkBsJzTReb96GWVGu7k/data/862152364/attachments/attdpHzkoZ4goBgQ6RxwpMFj/
a9a6270d-ee8b-4383-97d3-3044ce7fd204,862152396,595,pap_0226,,cni,101984025,parcelle_construite autre,0,0,1,0,1,0,Cultures et tombes aménagées ,oui,227,,"Présence de 6 tombes aménagées dans l'emprise dont 3 en face de la maison principale et 3 autres à l'extrémité droite de la cuisine.
Présence également de 2 bâtis dans l'emprise.
Maison principale :
Longueur : 15.78
Largeur : 14.20
Superficie : 224.08
Sol : carreaux
Mur : maçonné 
Toit : tóles
Standing : haut standing 
État : bon

Cuisine :
Longueur : 7.92
Largeur : 5.15
Superficie : 40.79
Sol : cimenté 
Mur : banco
Toit : tôles 
Standing : moyen 
État : bon",1788875251610.jpg,https://kf.kobotoolbox.org/api/v2/assets/anTGkBsJzTReb96GWVGu7k/data/862152396/attachments/atteioMZFAhpChsGJBWCqwZ6/
3a039545-b6d2-4c7a-97ad-7a400f7e36cb,862153197,596,pap_0158,,cni,117841815,parcelle_agricole,0,1,0,0,0,0,,oui,159,,Bénéficiaire  décédé.  Changement  de bénéficiaire  pour sa femme EBOUMA CECILE BRIGITTE  ,1788878857634.jpg,https://kf.kobotoolbox.org/api/v2/assets/anTGkBsJzTReb96GWVGu7k/data/862153197/attachments/attH8z4HmjyYHzr28afwaJzd/
80cd18a2-82a4-4ede-977e-162180f605aa,862153242,597,pap_0207,,cni,114430557,parcelle_agricole,0,1,0,0,0,0,,oui,208,,,1788879386651.jpg,https://kf.kobotoolbox.org/api/v2/assets/anTGkBsJzTReb96GWVGu7k/data/862153242/attachments/attaiReaQBfNzsUsnDB9JyN6/
71bc9a8e-da72-4294-9260-feecd16beaee,862153272,598,pap_0171,,cni,118777126,parcelle_agricole,0,1,0,0,0,0,,oui,172,,,1788880224489.jpg,https://kf.kobotoolbox.org/api/v2/assets/anTGkBsJzTReb96GWVGu7k/data/862153272/attachments/attjkQPTntyVDyFhpaQyty9x/
3b2e3e56-6224-449c-adda-0ebfe16205ce,862153327,599,pap_0148,,cni,117740098,parcelle_agricole,0,1,0,0,0,0,,oui,149,,,1788880878864.jpg,https://kf.kobotoolbox.org/api/v2/assets/anTGkBsJzTReb96GWVGu7k/data/862153327/attachments/attgCzUBwCEKVDnQk95L6Zek/
d074d259-2cf9-4edb-9705-4f499e7e5772,862153463,600,pap_0243,,cni,102127529,parcelle_agricole,0,1,0,0,0,0,,oui,,,2 tombes aménagées  entrent dans l´emprise,1788884855959.jpg,https://kf.kobotoolbox.org/api/v2/assets/anTGkBsJzTReb96GWVGu7k/data/862153463/attachments/attBzfj9Jb6TkXzqSvAKjTG9/
1189af8b-7223-4a44-ad1b-763a9d32805e,862154032,601,pap_0137,,cni,118119320,parcelle_agricole,0,1,0,0,0,0,,oui,138,,,1788862331442.jpg,https://kf.kobotoolbox.org/api/v2/assets/anTGkBsJzTReb96GWVGu7k/data/862154032/attachments/attvoEciUuDa7tdmbS4L46yY/
9eb487db-3fcb-48a4-b6f3-4fd1e13b7c6f,862154083,602,pap_0235,,cni,236,parcelle_agricole parcelle_construite,0,1,1,0,0,0,,oui,236,,"Decès du beneficiare et requète en cours pour changement de beneficiare à Bekono Otong Simon
La photo est celle de sont Epouse ",1788862861835.jpg,https://kf.kobotoolbox.org/api/v2/assets/anTGkBsJzTReb96GWVGu7k/data/862154083/attachments/attvB2tJD64k9gqdGWPUtFwD/
1fc9acee-c97c-4ee3-bcfe-89b2334ada1e,862154127,603,pap_0136,,cni,SU01097L5LZYGALFLNP3,parcelle_agricole,0,1,0,0,0,0,,oui,137,,,1788863754545.jpg,https://kf.kobotoolbox.org/api/v2/assets/anTGkBsJzTReb96GWVGu7k/data/862154127/attachments/att4ukGv34Nk7VeBurtRX3iz/
60b3e1c2-5de9-4774-9e26-fcf8c17fdaaf,862154170,604,pap_0194,,cni,117342575,parcelle_agricole parcelle_construite,0,1,1,0,0,0,,oui,195,,,1788864862402.jpg,https://kf.kobotoolbox.org/api/v2/assets/anTGkBsJzTReb96GWVGu7k/data/862154170/attachments/attk2hhoAGVD77RYcw3jZz8b/
2e01f822-84cf-447c-a4fc-adf926d6f4e1,862154222,605,pap_0182,,cni,119466471,parcelle_construite,0,0,1,0,0,0,,oui,183,,,1788866016085.jpg,https://kf.kobotoolbox.org/api/v2/assets/anTGkBsJzTReb96GWVGu7k/data/862154222/attachments/attmutgEgDpfzR3bMuXm9K9s/
9ab32552-7c8f-4b96-abc6-3c49598d5fa4,862154260,606,pap_0241,,cni,116661731,parcelle_construite parcelle_agricole,0,1,1,0,0,0,,oui,242,,"La Batis est desormais impacté. 
Longeur: 9m
Largeur: 8
Superficie: 72metres quaré

En construction 
Sol: Banco 
Mur: Maconné 
Pas de tôiture 

Les construction ont commencé en 2014",1788866996180.jpg,https://kf.kobotoolbox.org/api/v2/assets/anTGkBsJzTReb96GWVGu7k/data/862154260/attachments/attC5rTrcBByTzqVzjtEFPCh/
8ee90eae-d438-480d-b7f3-09276d604a7c,862154430,607,pap_0172,,cni,113197817,parcelle_agricole,0,1,0,0,0,0,,oui,173,,,1788874864027.jpg,https://kf.kobotoolbox.org/api/v2/assets/anTGkBsJzTReb96GWVGu7k/data/862154430/attachments/attxRVwCB485JM4AtedfPsqo/
51efb4ad-7cd9-4b44-a738-4aabdcb8d716,862154472,608,pap_0173,,cni,000332238,parcelle_construite parcelle_agricole,0,1,1,0,0,0,,oui,174,,La signature et photo sont ceux de sont fils avec la permission de son père,1788875617685.jpg,https://kf.kobotoolbox.org/api/v2/assets/anTGkBsJzTReb96GWVGu7k/data/862154472/attachments/attVjFrPCFv5HJLHqMu2vyix/
d7320c63-106d-431b-99ae-48df97fc24ae,862154508,609,pap_0210,,cni,113197728,parcelle_agricole,0,1,0,0,0,0,,oui,211,,,1788876193084.jpg,https://kf.kobotoolbox.org/api/v2/assets/anTGkBsJzTReb96GWVGu7k/data/862154508/attachments/attfrQtqWLUAPhFmLfVpvbFK/
9cfacc79-cbb5-4572-a205-476fe3b6766a,862154551,610,pap_0197,,cni,11724779,parcelle_agricole,0,1,0,0,0,0,,oui,198,,,1788877677609.jpg,https://kf.kobotoolbox.org/api/v2/assets/anTGkBsJzTReb96GWVGu7k/data/862154551/attachments/attAJNHVuKmPogF8sdeeT2xh/
09ff13b2-403c-41a8-896c-6650f9911429,862154569,611,pap_0157,,cni,111531749,parcelle_agricole,0,1,0,0,0,0,,oui,158,,,1788878983705.jpg,https://kf.kobotoolbox.org/api/v2/assets/anTGkBsJzTReb96GWVGu7k/data/862154569/attachments/attKzT3HogMxPkS5mxq9STUX/
fb41e4c8-baab-46ef-8de0-0287ae6656cd,862154612,612,pap_0189,,cni,20170012623620900,parcelle_agricole,0,1,0,0,0,0,,oui,190,,,1788880127394.jpg,https://kf.kobotoolbox.org/api/v2/assets/anTGkBsJzTReb96GWVGu7k/data/862154612/attachments/attpABcUh8zh2ofXieiZssxW/
75c6db65-c1e0-43ad-b441-9a89bb2548e6,862154657,613,pap_0200,,cni,115517295,parcelle_agricole,0,1,0,0,0,0,,oui,201,,,1788880439186.jpg,https://kf.kobotoolbox.org/api/v2/assets/anTGkBsJzTReb96GWVGu7k/data/862154657/attachments/attNbN5qECJtYCdEbNNL4fgR/
0132cb5e-619c-498f-9fff-0dc1b39fff2e,862154819,614,pap_0214,,cni,20160099230220992,parcelle_construite autre,0,0,1,0,1,0,Cultures ,oui,215,,"Bâtisse nouvellement impactée L: 12,80m; l:9m; Sup: 115,2m2. Sol: maçonné ; mur : maçonné ; toit : tôles. PAP ne veux pas que sa maison soit détruite et si oui nécessite un encadrement car vielle et veuve ; sans enfants et vivant seule ",1788863930920.jpg,https://kf.kobotoolbox.org/api/v2/assets/anTGkBsJzTReb96GWVGu7k/data/862154819/attachments/attCdFE69FSYC83kYdgh23Cp/
b8214fd1-e5e2-4210-9a82-8366a07cc61a,863112697,615,pap_0131,,cni,000426086,parcelle_construite,0,0,1,0,0,0,,oui,132,,Le nom c'est Afan Joseph et non Josephine ,1788957635082.jpg,https://kf.kobotoolbox.org/api/v2/assets/anTGkBsJzTReb96GWVGu7k/data/863112697/attachments/attixVde5FgoBuUe3cG5QYWb/
4d4f97a0-f8c3-4aa9-9173-df82be66d01a,863112810,616,pap_0344,,cni,114395134,parcelle_agricole,0,1,0,0,0,0,,oui,345,,,1788965863908.jpg,https://kf.kobotoolbox.org/api/v2/assets/anTGkBsJzTReb96GWVGu7k/data/863112810/attachments/attAi9DXpuSBN3XgwkvTsz2L/
0dbd7dcf-8910-4415-b021-22d33517c2b7,863114703,617,pap_0169,,cni,11898319,parcelle_construite,0,0,1,0,0,0,,oui,170,,PAP hors emprise ,1788952531965.jpg,https://kf.kobotoolbox.org/api/v2/assets/anTGkBsJzTReb96GWVGu7k/data/863114703/attachments/attCz95h4beAgoVG267QtD7e/
36a4e42a-8f3b-42b1-9333-b573d7155a27,863115634,618,pap_0191,,cni,115955958,infrastructure_publique parcelle_construite,0,0,1,1,0,0,,oui,192,,Bâtisse npn plus impactée . Seules les cultures impactées ,1788960903524.jpg,https://kf.kobotoolbox.org/api/v2/assets/anTGkBsJzTReb96GWVGu7k/data/863115634/attachments/attHi6oHAniET8P8bJJjcThv/
a98cbce2-365c-4d2d-9431-616e173f937e,863119135,619,pap_0348,,cni,115493095,parcelle_agricole parcelle_construite,0,1,1,0,0,0,,oui,349,,PAP décédée remplacée par son épouse MFOU'OU Régine. Requête déposée à la délégation de l'eau et de l'énergie mvila ,1788968807498.jpg,https://kf.kobotoolbox.org/api/v2/assets/anTGkBsJzTReb96GWVGu7k/data/863119135/attachments/attJHJNV8BPSbSLr2spZ59CJ/
16d50615-ff83-47b1-b0db-8c26a53bdaa1,863389535,620,pap_0492,,cni,114966750,parcelle_agricole,0,1,0,0,0,,,oui,493,,,1788780372138.jpg,https://kf.kobotoolbox.org/api/v2/assets/anTGkBsJzTReb96GWVGu7k/data/863389535/attachments/atti4xTBoESEG5DB6r46pWx6/
a02ad458-131e-4302-9d71-e44a98095fd1,863389589,621,pap_0496,,cni,116397240,parcelle_agricole,0,1,0,0,0,,,oui,497,,,1788780901334.jpg,https://kf.kobotoolbox.org/api/v2/assets/anTGkBsJzTReb96GWVGu7k/data/863389589/attachments/attQS2fnkyciwLh3z5gVtWhk/
4ee999d2-e93c-41f8-a28d-c8add7dda2c1,863389654,622,pap_0330,,cni,110670269,parcelle_agricole,0,1,0,0,0,,,oui,331,,,1788796970559.jpg,https://kf.kobotoolbox.org/api/v2/assets/anTGkBsJzTReb96GWVGu7k/data/863389654/attachments/attBp4bq6Kme23s8wSBoAtfp/
9e1a97ff-5ffa-4150-939a-56ebf9ad8990,863389727,623,pap_0349,,cni,111915727,parcelle_agricole,0,1,0,0,0,,,oui,350,,,1788798091862.jpg,https://kf.kobotoolbox.org/api/v2/assets/anTGkBsJzTReb96GWVGu7k/data/863389727/attachments/attJye7Jxdb57zM7hvGb63RJ/
53f27a17-c599-4888-b6de-72a8d1c43a6b,863389774,624,pap_0199,,cni,SU1752L5J062JCB9EE,parcelle_agricole parcelle_construite,0,1,1,0,0,,,oui,200,,,1788860263483.jpg,https://kf.kobotoolbox.org/api/v2/assets/anTGkBsJzTReb96GWVGu7k/data/863389774/attachments/attRZBRXRqtjgcSAgDFDD5vU/
fccf761a-11f0-4947-b677-a1e2b744a0a0,863389835,625,pap_0227,,cni,109080424,parcelle_agricole,0,1,0,0,0,,,oui,228,,"MAISON NOUVELLE PAP.
L:10,4
lar:8,60
T: 89,44
Mur: BANCO
Toit: Tôle
Sol: Banco 
Délabré 
",1788861776749.jpg,https://kf.kobotoolbox.org/api/v2/assets/anTGkBsJzTReb96GWVGu7k/data/863389835/attachments/attwEoPq6tW7Anttgo9mAsUw/
5246f058-4133-4eac-ad39-e3bb65770284,863389915,626,pap_0188,,cni,106030178,parcelle_agricole,0,1,0,0,0,,,oui,189,,,1788862083573.jpg,https://kf.kobotoolbox.org/api/v2/assets/anTGkBsJzTReb96GWVGu7k/data/863389915/attachments/att923s49eePRkutTWEVp5gf/
0a0e1b68-887f-43f9-bf42-44d72577f1db,863389983,627,pap_0209,,cni,118411029,parcelle_agricole,0,1,0,0,0,,,oui,210,,,1788863237692.jpg,https://kf.kobotoolbox.org/api/v2/assets/anTGkBsJzTReb96GWVGu7k/data/863389983/attachments/attse25pU7sryGcjW7ypZEnF/
f3ee772f-dfc7-4277-b90b-f27103a752bb,863390046,628,pap_0141,,cni,113197900,parcelle_agricole,0,1,0,0,0,,,oui,142,,,1788863528318.jpg,https://kf.kobotoolbox.org/api/v2/assets/anTGkBsJzTReb96GWVGu7k/data/863390046/attachments/att8Sx9pKFtLpcEdbGVnky7w/
11fde121-e902-47d1-b953-0a33cd158d94,863391029,629,pap_0174,,cni,1092874405,parcelle_agricole,0,1,0,0,0,,,oui,175,,,1788875454372.jpg,https://kf.kobotoolbox.org/api/v2/assets/anTGkBsJzTReb96GWVGu7k/data/863391029/attachments/attaVbxzthyvaGQVSY2xPQxg/
a21bb1cc-344a-49c9-8f4a-46ffc792e8d5,863391095,630,pap_0133,,cni,117018605,autre,0,0,0,0,1,,Tombe,oui,134,,,1788875928210.jpg,https://kf.kobotoolbox.org/api/v2/assets/anTGkBsJzTReb96GWVGu7k/data/863391095/attachments/attMQrSSkKfSdBDTgQNCzK5g/
d462e5cd-95fc-493c-869f-f0c191c22698,863391184,631,pap_0233,,cni,111954581,parcelle_agricole,0,1,0,0,0,,,oui,234,,,1788876582059.jpg,https://kf.kobotoolbox.org/api/v2/assets/anTGkBsJzTReb96GWVGu7k/data/863391184/attachments/attUoRRTYeLQwJgpJxgqfBwX/
902a7f5a-5be1-4146-88e1-dd72f348e489,863391551,632,pap_0184,,cni,SU17612I5IWLC6FUBP14,parcelle_non_batie,1,0,0,0,0,,,oui,185,,,1788878803048.jpg,https://kf.kobotoolbox.org/api/v2/assets/anTGkBsJzTReb96GWVGu7k/data/863391551/attachments/attmmpjprdQb2MQhtYjgYEtJ/
9e9366d6-e2f6-4b99-a602-9ae48542c731,863392126,633,pap_0156,,cni,116403095,parcelle_agricole,0,1,0,0,0,,,oui,157,,,1788960343581.jpg,https://kf.kobotoolbox.org/api/v2/assets/anTGkBsJzTReb96GWVGu7k/data/863392126/attachments/attQuKc4LNaKyF9AQ6G37nCy/
2187c353-2e9d-4b00-af5a-2f0461f79e08,863392213,634,pap_0185,,cni,101154450,parcelle_agricole,0,1,0,0,0,,,oui,186,,HORS EMPRISE,1788963232286.jpg,https://kf.kobotoolbox.org/api/v2/assets/anTGkBsJzTReb96GWVGu7k/data/863392213/attachments/attoduWoenyuKi9XHgtkWdFq/
f2bbc369-db50-40fe-9f47-f0cd26bbd644,863392324,635,pap_0345,,cni,1000890055,parcelle_agricole,0,1,0,0,0,,,oui,346,,,1788966721678.jpg,https://kf.kobotoolbox.org/api/v2/assets/anTGkBsJzTReb96GWVGu7k/data/863392324/attachments/attGPMa5epwSfjaP45ydRGdn/
c44a81b0-79b3-4064-bdd2-9af6b20052b5,864466170,636,pap_0369,,cni,000456821,autre,0,0,0,0,1,0,Cultures ,oui,370,,Le nom est OWONO OBAM Joel ,1789043805255.jpg,https://kf.kobotoolbox.org/api/v2/assets/anTGkBsJzTReb96GWVGu7k/data/864466170/attachments/attC332VEKVuzhcnraVa6vDD/
e825a0f1-48f9-460d-a4c7-5bc6bab7f68a,864466561,637,pap_0163,,,,parcelle_construite,0,0,1,0,0,0,,oui,164,,PAP hors emprise,,
be44b21c-3594-44fe-97ee-e4d58ad53479,864468288,638,pap_0352,,cni,101086537,autre,0,0,0,0,1,0,Cultures ,oui,353,,PAP absente représentée par son père ,1789047753108.jpg,https://kf.kobotoolbox.org/api/v2/assets/anTGkBsJzTReb96GWVGu7k/data/864468288/attachments/attsmBgLG7D5aFhwDMnKRKW3/
e8aa911e-49e7-4d30-adc4-5e1923de7818,864472575,639,pap_0356,,cni,1172477781,parcelle_agricole,0,1,0,0,0,,,oui,357,,,1789033884269.jpg,https://kf.kobotoolbox.org/api/v2/assets/anTGkBsJzTReb96GWVGu7k/data/864472575/attachments/attPnjFp9GDAWWtAT6dtcf7V/
0318dbcb-6d87-45cf-8480-dcf27f2d1062,864473155,640,pap_0335,,cni,101752079,parcelle_agricole,0,1,0,0,0,0,,oui,336,,,1789032751473.jpg,https://kf.kobotoolbox.org/api/v2/assets/anTGkBsJzTReb96GWVGu7k/data/864473155/attachments/attmC3K7KgTf3iXPG5Vt3AvJ/
9fd6d7e2-a02d-4648-a1e0-f81d21638db0,864473185,641,pap_0342,,cni,112248641,parcelle_agricole,0,1,0,0,0,0,,oui,343,,Decès du beneficiare et requète en cours pour changement de beneficiare,1789034663215.jpg,https://kf.kobotoolbox.org/api/v2/assets/anTGkBsJzTReb96GWVGu7k/data/864473185/attachments/att8Zhm3pM2QpfAFkkuuMK48/
1b68ddf0-59e0-4c32-95fb-1153ee4926c2,864473216,642,pap_0359,,cni,000332329,parcelle_agricole,0,1,0,0,0,0,,oui,360,,,1789036322443.jpg,https://kf.kobotoolbox.org/api/v2/assets/anTGkBsJzTReb96GWVGu7k/data/864473216/attachments/attNfLuYdhzwwDAmamRvehoK/
3d93cc5b-587a-472d-8947-7fdef20f4203,864473243,643,pap_0351,,cni,112039130,parcelle_agricole,0,1,0,0,0,0,,oui,352,,Le Monsieur est en deplacement à Ebolowa ,,
6d2dddf1-bd0a-411e-981c-ac3f333acde7,864473269,644,pap_0347,,cni,116826134,parcelle_agricole,0,1,0,0,0,0,,oui,348,,La signature et photo sont celle de sa femme ,1789047551992.jpg,https://kf.kobotoolbox.org/api/v2/assets/anTGkBsJzTReb96GWVGu7k/data/864473269/attachments/attZMdcXubMpWafKNCvemSnd/
94aaeebd-c2f7-4c88-b9f0-9f61177c3c92,864473314,645,pap_0350,,cni,113197739,parcelle_agricole,0,1,0,0,0,0,,oui,351,,"Les batis sont desormais impactés 
Maison principale 
Longeur: 7.40
Largeur: 3.60
Superficie: 26.64metres quaré
 Residentielle 
état: Moyen
Sol: Banco 
Mur: Banco
Tôiture: Tôle 

Cuisine 
Longeur: 9.30
Largeur: 8.80
Superficie: 81.85

Sol: Banco
Mur: Banco 
Tôiture: Tôle 
État: Moyen

",1789048841757.jpg,https://kf.kobotoolbox.org/api/v2/assets/anTGkBsJzTReb96GWVGu7k/data/864473314/attachments/attxcAXiZ6apup3rBpBP44mU/
c33b773f-c58b-4271-9aac-a62ae9d6142d,864473346,646,pap_0401,,cni,SU1232L5LT4B1WT79S5,parcelle_agricole parcelle_construite,0,1,1,0,0,0,,oui,402,,,1789051331741.jpg,https://kf.kobotoolbox.org/api/v2/assets/anTGkBsJzTReb96GWVGu7k/data/864473346/attachments/attWiqYYQNG2A7tHSp9pmjp3/
efc9f4b9-e6d1-4ee6-9dc2-ad313bc8372f,864473386,647,pap_0405,,cni,117545399,parcelle_agricole,0,1,0,0,0,0,,oui,406,,"La Batis est desormais impacté 
Maison principale 
Longeur: 13.20
Largeur: 11.80
Superficie: 155.76

Sol: Cimenté
Mur: Maconné 
Tôiture: Tole
Residentielle 
état: Bon 

Standing ordinaire ",1789054087976.jpg,https://kf.kobotoolbox.org/api/v2/assets/anTGkBsJzTReb96GWVGu7k/data/864473386/attachments/att7KJ7fDhcZwQKSjwhysgUG/
485aa6ff-a211-47a5-9aeb-ac51601b58bd,864476295,648,pap_0374,,cni,101208031 ,parcelle_agricole,0,1,0,0,0,,,oui,375,,,1789045159066.jpg,https://kf.kobotoolbox.org/api/v2/assets/anTGkBsJzTReb96GWVGu7k/data/864476295/attachments/attZfnLuWWgq25WDHPBEozoZ/
ea5841d5-5918-47ea-9a62-81100f031a22,864476714,649,pap_0337,,cni,SU17512L5J08RMDNYZ80,parcelle_agricole,0,1,0,0,0,,,oui,338,,,1789046392171.jpg,https://kf.kobotoolbox.org/api/v2/assets/anTGkBsJzTReb96GWVGu7k/data/864476714/attachments/attTvChQRxdLi8D39y7vL2C7/
7777d9d1-738f-4533-9dba-bfba79a9d66e,864477160,650,pap_0366,,cni,105830477,parcelle_agricole,0,1,0,0,0,,,oui,367,,,1789047800770.jpg,https://kf.kobotoolbox.org/api/v2/assets/anTGkBsJzTReb96GWVGu7k/data/864477160/attachments/attmNoSvDNy2TDYRPBFshNUY/
76c75efb-451f-4071-a817-2c7570c2f800,864477523,651,pap_0159,,cni,113899459,parcelle_construite,0,0,1,0,0,0,,oui,160,,,1788949651348.jpg,https://kf.kobotoolbox.org/api/v2/assets/anTGkBsJzTReb96GWVGu7k/data/864477523/attachments/att7chL9qhhY847T44iSAdxk/
887bee59-9894-4c1e-8d4f-9c094fd51ab1,864477646,652,pap_0208,,cni,107800820,parcelle_construite,0,0,1,0,0,0,,oui,209,,,1788950459202.jpg,https://kf.kobotoolbox.org/api/v2/assets/anTGkBsJzTReb96GWVGu7k/data/864477646/attachments/attXUCzihmJPbbmGScBAQKrA/
429e3acf-1230-45ff-8602-667fd9414a6f,864477744,653,pap_0146,,cni,SU010975L5LWCBV95XHT6,parcelle_agricole,0,1,0,0,0,0,,oui,147,,Bénéficiaire décédé  .changement de bénéficiaire  pour EYIZO´O ARMEL KAREL,1788951254830.jpg,https://kf.kobotoolbox.org/api/v2/assets/anTGkBsJzTReb96GWVGu7k/data/864477744/attachments/attGDZrkZDAugmMR7hhn3sEB/
0f4ac076-af57-4449-be40-7c75bd9520f5,864477829,654,pap_0143,,cni,100173070,hors_zone_influence,0,0,0,0,0,1,,oui,144,,La maison est hors de l´emprise,1788951502273.jpg,https://kf.kobotoolbox.org/api/v2/assets/anTGkBsJzTReb96GWVGu7k/data/864477829/attachments/atta8sLWTAkbk6ELpQ6pi7RY/
0c2751c3-6c41-4752-abab-8c0c7ffe035e,864478302,655,pap_0192,,cni,100867101,parcelle_agricole,0,1,0,0,0,0,,oui,193,,,1788961556047.jpg,https://kf.kobotoolbox.org/api/v2/assets/anTGkBsJzTReb96GWVGu7k/data/864478302/attachments/attmg4vaLzj5km2Jc4QYekg9/
c053eeff-d325-4bec-b874-50a860ce1304,864478398,656,pap_0340,,cni,117535886,parcelle_agricole,0,1,0,0,0,0,,oui,341,,,1788968483390.jpg,https://kf.kobotoolbox.org/api/v2/assets/anTGkBsJzTReb96GWVGu7k/data/864478398/attachments/attmtedasGtxotNxfJ622vQa/
24115c48-3323-447e-b75e-f462265fb2e2,864478752,657,pap_0333,,cni,117841906,parcelle_agricole,0,1,0,0,0,0,,oui,334,,Étant absente  la photo est celle de son frère ,1789032594441.jpg,https://kf.kobotoolbox.org/api/v2/assets/anTGkBsJzTReb96GWVGu7k/data/864478752/attachments/attB787gj3X2bEm7f5HW7ZGC/
d848d950-a724-4442-9e56-c4a1d421498e,864478823,658,pap_0353,,cni,114598042,parcelle_agricole,0,1,0,0,0,0,,oui,354,,La personne étant à  Yaoundé.  Le constat a été  fait avec quelqu'un  du village,1789033450830.jpg,https://kf.kobotoolbox.org/api/v2/assets/anTGkBsJzTReb96GWVGu7k/data/864478823/attachments/att5FHkVGUbuEt6eqp28VH65/
22325ee0-3dc3-4f3d-89b9-c017c85021c1,864479123,659,pap_0371,,cni,117149191,parcelle_agricole,0,1,0,0,0,0,,oui,372,,,1789033988014.jpg,https://kf.kobotoolbox.org/api/v2/assets/anTGkBsJzTReb96GWVGu7k/data/864479123/attachments/attSLfVMXuTMfpMr3omj7t99/
30c18069-0957-4a5b-b2f5-66e3ab608fb4,864479360,660,pap_0417,,cni,SU17512L5J08L133E124,hors_zone_influence,0,0,0,0,0,1,,oui,418,,La maison est hors  du tracé,1789051972017.jpg,https://kf.kobotoolbox.org/api/v2/assets/anTGkBsJzTReb96GWVGu7k/data/864479360/attachments/attAeedALXnVZgHTmH6YGLGv/
cfd37d40-04f9-4a79-8c07-06138444b0f6,864479408,661,pap_0406,,cni,110946056,parcelle_construite,0,0,1,0,0,0,,oui,407,,,1789053971186.jpg,https://kf.kobotoolbox.org/api/v2/assets/anTGkBsJzTReb96GWVGu7k/data/864479408/attachments/attvas3U7NHKJtSRYEAdMaqF/
23c61fb0-368a-4ca2-b3c2-86d85e8b31fd,864483830,662,pap_0424,,cni,112039444,parcelle_construite,0,0,1,0,0,,,oui,435,425,HORS EMPRISE,1789053268292.jpg,https://kf.kobotoolbox.org/api/v2/assets/anTGkBsJzTReb96GWVGu7k/data/864483830/attachments/attFeeBnKqLLTrotanVMqJjW/
329ce07e-e2e2-46d5-90df-772479d521c1,864484374,663,pap_0400,,cni,118119435,parcelle_construite parcelle_agricole,0,1,1,0,0,,,oui,401,,,1789054950437.jpg,https://kf.kobotoolbox.org/api/v2/assets/anTGkBsJzTReb96GWVGu7k/data/864484374/attachments/attVRNVieqG7cmHFVpuxPcw9/
a7b4b6f7-3d0b-48a3-b7e1-c211c0825b2d,864681581,664,pap_0358,,cni,100630937,parcelle_construite parcelle_agricole,0,1,1,0,0,0,,oui,359,,Présence d'un puit dans l'emprise. ,1789032720304.jpg,https://kf.kobotoolbox.org/api/v2/assets/anTGkBsJzTReb96GWVGu7k/data/864681581/attachments/attTHvzDiAtk2aQpZLJrfYqk/
3e98cb15-8216-475d-8bf8-0d95d01475cf,864681705,665,pap_0375,,cni,118348928,autre parcelle_construite,0,0,1,0,1,0,Cultures ,oui,376,,"PAP décédé et sera remplacée par son frère aîné ( MINTYA DAVID)qui a la charge de l'éducation du petit orphelin laisse par la PAP car, l'épouse de ce dernier est aussi décédée.
Présence dans l'emprise d'une maison principale :
Sol : banco
Mur : banco
Toit : tôles 
Longueur : 6.76
Largeur : 4.78
Superficie : 32.31
État bon",1789034721480.jpg,https://kf.kobotoolbox.org/api/v2/assets/anTGkBsJzTReb96GWVGu7k/data/864681705/attachments/attstb3byuqssNSsk9pTMRhm/
47ad451a-6cc4-4bbc-b09b-e6a8b5081211,864681758,666,pap_0333,,cni,117841906,autre,0,0,0,0,1,0,Cultures ,oui,334,,,1789035310513.jpg,https://kf.kobotoolbox.org/api/v2/assets/anTGkBsJzTReb96GWVGu7k/data/864681758/attachments/attkpF4PiFiUhSX5SBVrp6FH/
084dc56f-4c1e-4fd7-8918-61cd47349ed9,864681819,667,pap_0370,,cni,SU17512I5J09WTB8OIX6,autre,0,0,0,0,1,0,Cultures ,oui,371,,Présence de 2 tombes non aménagées dans l'emprise.,1789036077101.jpg,https://kf.kobotoolbox.org/api/v2/assets/anTGkBsJzTReb96GWVGu7k/data/864681819/attachments/attuZpjytwDdMZkhD4znaygb/
8a8597f4-a1f0-499c-a2a1-3fec1c21237e,864681965,668,pap_0346,,cni,100756411,autre parcelle_construite,0,0,1,0,1,0,Cultures ,oui,347,,"Présence dans l'emprise de 2 bâtis.
Maison principale 1 :
Sol : banco
Mur : banco
Toit : tôles
Longueur : 10
Largeur : 9.8
Superficie : 98
État : bon

Maison principale 2 :
Sol : cimenté 
Mur : maçonné 
Toit : tôles 
Longueur : 11.4
Largeur : 9
Superficie : 102.6
État : bon
Standing moyen",1789044532026.jpg,https://kf.kobotoolbox.org/api/v2/assets/anTGkBsJzTReb96GWVGu7k/data/864681965/attachments/attFSWpNyWdPgZZKkMEJPuUt/
17d3abfb-9eb5-4594-bce6-6b7b635fee21,864681992,669,pap_0334,,cni,101752079,autre,0,0,0,0,1,0,Cultures ,oui,335,,,1789044835898.jpg,https://kf.kobotoolbox.org/api/v2/assets/anTGkBsJzTReb96GWVGu7k/data/864681992/attachments/att3v74jAmqBFTtRDKfesx6p/
249f4e43-6a09-4ec0-95f1-9bb03a0c4d06,864682036,670,pap_0336,,cni,117247692,autre parcelle_construite,0,0,1,0,1,0,Cultures ,oui,337,,"Présence dans l'emprise d'une boutique 
Sol : banco
Mur : planche
Toit : tôles 
État : bon
Longueur : 8.4
Largeur : 6.2 
Superficie : 52.08",1789046765247.jpg,https://kf.kobotoolbox.org/api/v2/assets/anTGkBsJzTReb96GWVGu7k/data/864682036/attachments/att8K45woJRPnmcKJQk5dD5x/
6c3052f1-3da0-4ef1-97c5-ffbcfe747def,864682123,671,pap_0368,,cni,117247498,autre,0,0,0,0,1,0,Cultures ,oui,369,,,1789047030291.jpg,https://kf.kobotoolbox.org/api/v2/assets/anTGkBsJzTReb96GWVGu7k/data/864682123/attachments/attKktUHmf8VPRUhPP7JRG5v/
0e503df0-2b21-410c-9f74-a5ec164d360d,864682188,672,pap_0354,,cni,118016885,autre,0,0,0,0,1,0,Cultures ,oui,355,,La PAP est hors de l'emprise ,1789048027660.jpg,https://kf.kobotoolbox.org/api/v2/assets/anTGkBsJzTReb96GWVGu7k/data/864682188/attachments/attSjcuRD87HCf2YHHcWoAQ6/
168bcb1f-44af-4a85-946b-96eea3a538f3,864682839,673,pap_0413,,cni,100856963,parcelle_construite autre,0,0,1,0,1,0,Cultures et tombes aménagées ,oui,414,,"La PAP est décédée et sera remplacée par l'administrateur des biens désignée par la famille, la nommée NGONO OTYAM VALENTINE 

Présence de 7 tombes dans l'emprise de la route dont 6 aménagées et 1 non Aménagée.",1789055378402.jpg,https://kf.kobotoolbox.org/api/v2/assets/anTGkBsJzTReb96GWVGu7k/data/864682839/attachments/attn6y83hYBETPZ5h4Pqn7Tz/
4ffb727c-3d1e-4ed1-9cba-9611711feef7,865519922,674,pap_0425,,cni,SU01097L5J07F9D8HBL3,parcelle_construite autre,0,0,1,0,1,0,Cultures ,oui,426,,Bâtisse non existante à présent . PAP absente Rep par son fils EVELE ZO'OBO Jean Noël ,1789117701639.jpg,https://kf.kobotoolbox.org/api/v2/assets/anTGkBsJzTReb96GWVGu7k/data/865519922/attachments/att7q2dGQVaBafu2iuhLscGQ/
a5585b59-02ac-4e44-9d2e-514e7e0e6a83,865521806,675,pap_0475,,cni,118687108,parcelle_construite autre,0,0,1,0,1,0,Cultures ,oui,476,,PAP hors emprise totalement ,1789121502586.jpg,https://kf.kobotoolbox.org/api/v2/assets/anTGkBsJzTReb96GWVGu7k/data/865521806/attachments/attXAsdweqpQ5MaP2jHs6UYQ/
899d833e-f824-498e-b16d-a85ca64053df,865521938,676,pap_0481,,cni,117149410,parcelle_construite,0,0,1,0,0,0,,oui,482,,PAP hors emprise. PAP représentée par son grand frère Bidja Vincent ,1789121889257.jpg,https://kf.kobotoolbox.org/api/v2/assets/anTGkBsJzTReb96GWVGu7k/data/865521938/attachments/attoYStsZvRcAMtLdYuuKvmi/
066db8dd-94eb-4b63-9a40-642f066ecfb3,865522375,677,pap_0488,,cni,100238680,autre,0,0,0,0,1,0,Cultures ,oui,489,,PAP Rep par sa grande sœur NTYAM ONDOUA Larence ,1789123937450.jpg,https://kf.kobotoolbox.org/api/v2/assets/anTGkBsJzTReb96GWVGu7k/data/865522375/attachments/att3HRNaumNoiHvYgwVxMuyK/
2b82cbc1-e414-4071-b44f-d0f22eb83032,865522707,678,pap_0486,,cni,SU01232L5J08MRJR43G5,autre,0,0,0,0,1,0,Cultures ,oui,487,,PAP absente Rep par son fils Meye François Gervais ,1789124598598.jpg,https://kf.kobotoolbox.org/api/v2/assets/anTGkBsJzTReb96GWVGu7k/data/865522707/attachments/attjHsoZmv34r68giKh6ibXD/
35a75b18-cebb-4322-885c-942679660463,865523092,679,pap_0483,,cni,SU122L5LWPQ00ROTS2,parcelle_construite,0,0,1,0,0,0,,oui,484,, bâtisse hors emprise. Famille rep par la maman NTYAM Esther ,1789125747668.jpg,https://kf.kobotoolbox.org/api/v2/assets/anTGkBsJzTReb96GWVGu7k/data/865523092/attachments/attYpPGw8s24nsvALpZLfEdw/
58bc4bf6-75b4-4911-97ae-5769758e1bef,865523288,680,pap_0267,,cni,113197812,autre,0,0,0,0,1,0,Cultures ,oui,268,,,1789127393582.jpg,https://kf.kobotoolbox.org/api/v2/assets/anTGkBsJzTReb96GWVGu7k/data/865523288/attachments/attnoZ6L8mvBzaJsdLzhPoNU/
b04e3e28-3a75-4543-9207-f8a86f4cec55,865523765,681,pap_0275,,cni,100855052,autre,0,0,0,0,1,0,Cultures ,oui,276,,,1789128306944.jpg,https://kf.kobotoolbox.org/api/v2/assets/anTGkBsJzTReb96GWVGu7k/data/865523765/attachments/attQPuhwJHTsoinjTrB9mqbd/
da851013-d232-4c26-a60c-a90736f332df,865524040,682,pap_0305,,cni,114966688,autre,0,0,0,0,1,0,Cultures ,oui,306,,PAP hors emprise ,1789130708634.jpg,https://kf.kobotoolbox.org/api/v2/assets/anTGkBsJzTReb96GWVGu7k/data/865524040/attachments/att6qLirRxejhrv6N77zzDam/
0f1a7259-8e7a-434e-b9e4-f4073ce94073,865524497,683,pap_0310,,cni,111278202,autre,0,0,0,0,1,0,Cultures ,oui,311,,PAP dénommée NYANGON Philémon Hilaire rep par sa fille Mendoua Raissa ,1789137151808.jpg,https://kf.kobotoolbox.org/api/v2/assets/anTGkBsJzTReb96GWVGu7k/data/865524497/attachments/attpC8Ng9WQgKrBQAodyUcYv/
cbb46dab-fdd8-41b9-9ceb-cde174af8258,865524716,684,pap_0298,,cni,110420243,autre,0,0,0,0,1,0,Cultures ,oui,299,,PAP absente Rep par la femme de son cousin AMOU'OU Yvette . Présence de 02 tombes impactées dont 01 aménagée et 01 non aménagée,1789137573248.jpg,https://kf.kobotoolbox.org/api/v2/assets/anTGkBsJzTReb96GWVGu7k/data/865524716/attachments/atthJvpWRUksDShogZPQeiVm/
b8899e08-f271-4466-bc68-c9e6d46e8198,865524933,685,pap_0284,,cni,SU01092L5LLTH62HG04,autre,0,0,0,0,1,0,Cultures ,oui,285,,PAP absente représentée par sa mère Ze Ndoum epse Edje'e,1789138259330.jpg,https://kf.kobotoolbox.org/api/v2/assets/anTGkBsJzTReb96GWVGu7k/data/865524933/attachments/attB8swBe2TEQWGVn83ioPRk/
1c3f740d-6730-4f24-9b6e-791cae991f8c,865529305,686,pap_0399,,cni,113197730,parcelle_agricole,0,1,0,0,0,,,oui,400,,"Présence d'un boutique non prise en compte. 
L: 7
Lar:5
T:35
Semi définitif
Toit : Tôle 
Mur: planches
Sol: Banco
",1789117346009.jpg,https://kf.kobotoolbox.org/api/v2/assets/anTGkBsJzTReb96GWVGu7k/data/865529305/attachments/attc6JgDqLCUddkW9Rxw9fZ6/
22d69ef0-112b-4cdb-a537-43bb509eb033,865529968,687,pap_0419,,cni,110420277,parcelle_construite,0,0,1,0,0,,,oui,420,,,1789118984700.jpg,https://kf.kobotoolbox.org/api/v2/assets/anTGkBsJzTReb96GWVGu7k/data/865529968/attachments/att9Z2eLirqKRANAefGzfNSD/
be2478b3-39fe-462e-875a-d2c8b0c55fe0,865530391,688,pap_0410,,cni,110420277,parcelle_construite,0,0,1,0,0,,,oui,411,,,1789119384250.jpg,https://kf.kobotoolbox.org/api/v2/assets/anTGkBsJzTReb96GWVGu7k/data/865530391/attachments/attC5VtPMxmCFn2kMN5RmXWT/
16f77220-1eb7-444a-af3a-9d636a0251a0,865530636,689,pap_0407,,cni,000207668,parcelle_construite,0,0,1,0,0,,,oui,408,,,1789120086869.jpg,https://kf.kobotoolbox.org/api/v2/assets/anTGkBsJzTReb96GWVGu7k/data/865530636/attachments/attmnHNWNvSTaRqDQ2a98XX2/
3df65b7e-4693-49cc-a39f-be7f767244a0,865531833,690,pap_0485,,cni,113933473,,,,,,,,,oui,486,,"MAISON NEW PAP 
L:12
Lar: 11,60
T: 139,2
Mûrs : Maçonnés
Toit : Tôle 
Sol: Cimenté
Ordinaire
État : Bon
Maison principale ",1789122803399.jpg,https://kf.kobotoolbox.org/api/v2/assets/anTGkBsJzTReb96GWVGu7k/data/865531833/attachments/attgVr7bXdZooKvGdzwUSv6y/
1b77dcc5-3742-4ee4-86c9-e3cc41a24814,865533681,691,pap_0484,,cni,SU122L5LWPQOOROTS2,parcelle_agricole,0,1,0,0,0,,,oui,485,,,1789125813165.jpg,https://kf.kobotoolbox.org/api/v2/assets/anTGkBsJzTReb96GWVGu7k/data/865533681/attachments/att4pqzEmVoNMmBPGF3wesAF/
f484f135-6aa2-48e0-80f1-f75d94627791,865534135,692,pap_0303,,cni,KSUO1232L5LZW55KDLFS1,parcelle_agricole,0,1,0,0,0,,,oui,304,,,1789127424120.jpg,https://kf.kobotoolbox.org/api/v2/assets/anTGkBsJzTReb96GWVGu7k/data/865534135/attachments/attsNxLpTJHeddJhAxERykXP/
5399a8c0-dc13-415f-9624-f2a74931fa4e,865534654,693,pap_0268,,cni,SUO1232L5LLX2XODYDJ2,parcelle_agricole parcelle_construite,0,1,1,0,0,,,oui,269,,,1789127908281.jpg,https://kf.kobotoolbox.org/api/v2/assets/anTGkBsJzTReb96GWVGu7k/data/865534654/attachments/attA5qvfUcUvN2WJfEMXyZFW/
983bffad-2efb-4090-91be-ee39cef6958d,865534864,694,pap_0264,,cni,118759025,parcelle_construite,0,0,1,0,0,,,oui,265,,Hors emprise,1789130806733.jpg,https://kf.kobotoolbox.org/api/v2/assets/anTGkBsJzTReb96GWVGu7k/data/865534864/attachments/attRticbRenzwzn9aqrfkRWA/
8f4a8dff-a7dc-4874-98db-a5df71412ba3,865535103,695,pap_0270,,cni,117974746,parcelle_agricole parcelle_construite,0,1,1,0,0,,,oui,271,,,1789131409153.jpg,https://kf.kobotoolbox.org/api/v2/assets/anTGkBsJzTReb96GWVGu7k/data/865535103/attachments/attdohxEXbxjndagPDK9Zqwj/
cecb8b30-c585-45e0-a89d-17a937760ec1,865535364,696,pap_0302,,cni,112248685,parcelle_agricole parcelle_construite,0,1,1,0,0,,,oui,303,,,1789131913515.jpg,https://kf.kobotoolbox.org/api/v2/assets/anTGkBsJzTReb96GWVGu7k/data/865535364/attachments/attBASfn4yWFugzq6hfWgutB/
269bae97-3308-4c60-9c61-5fe51cc7fa04,865536527,697,pap_0271,,cni,SU17512L5L7YH81E8BZ4,parcelle_agricole,0,1,0,0,0,,,oui,272,,,1789133940128.jpg,https://kf.kobotoolbox.org/api/v2/assets/anTGkBsJzTReb96GWVGu7k/data/865536527/attachments/attYx4uZHZGGemXGBrEiCLjt/
52e988b4-ea6c-4ce8-8abc-0eabedc305ce,865537273,698,pap_0307,,cni,101640309,parcelle_agricole,0,1,0,0,0,,,oui,,,Changement de bénéficiaire NKOETYE ÉDOUARD pour AMOU'OU Yvette EPSE NKOETYE,1789134844335.jpg,https://kf.kobotoolbox.org/api/v2/assets/anTGkBsJzTReb96GWVGu7k/data/865537273/attachments/attDXhmk9qx2nRXSxavnrp4s/
aa134111-b161-49ca-9e9b-175a9c680be0,865537547,699,pap_0287,,cni,1153334327,parcelle_agricole parcelle_construite,0,1,1,0,0,,,oui,288,,,1789136519542.jpg,https://kf.kobotoolbox.org/api/v2/assets/anTGkBsJzTReb96GWVGu7k/data/865537547/attachments/attKHzZYzFL4MA9EHxfdCfex/
93f17a47-60ad-4e4f-965c-fee418b54b62,865552468,700,pap_0408,,cni,SU0A232L5JO809ES1D56,parcelle_agricole,0,1,0,0,0,0,,oui,411,,"Bénéficiaire  décédé  changement  de bénéficiaire  pour NDOUNA MBOLO ELIS GERMAINE.  

La signature  est celle du petit  fils",1789119811449.jpg,https://kf.kobotoolbox.org/api/v2/assets/anTGkBsJzTReb96GWVGu7k/data/865552468/attachments/attwVzZuprQ3cVDZZXUGARGY/
32c63678-9927-47eb-8417-336b2b9a1909,865552552,701,pap_0477,,cni,117342867,parcelle_agricole,0,1,0,0,0,0,,oui,478,,,1789122024061.jpg,https://kf.kobotoolbox.org/api/v2/assets/anTGkBsJzTReb96GWVGu7k/data/865552552/attachments/atthfDEyCf5kTEGWHRT9YbPj/
ad8c4412-a789-4989-9830-1290ca2e9696,865552687,702,pap_0262,,cni,112704158,parcelle_agricole parcelle_construite,0,1,1,0,0,0,,oui,263,,,1789128493101.jpg,https://kf.kobotoolbox.org/api/v2/assets/anTGkBsJzTReb96GWVGu7k/data/865552687/attachments/attn3bJAQCGFa6QA7d7CYHbu/
2148e5ee-24e7-4708-8623-ac4c6f892d80,865552745,703,pap_0295,,cni,115543744,parcelle_agricole,0,1,0,0,0,0,,oui,296,,,1789132407923.jpg,https://kf.kobotoolbox.org/api/v2/assets/anTGkBsJzTReb96GWVGu7k/data/865552745/attachments/attbZjihjBxwxpBjnxUKJFgd/
3d64ae50-442d-4b60-8067-17f03f458d7f,865552804,704,pap_0308,,cni,118777222,parcelle_agricole,0,1,0,0,0,0,,oui,309,,,1789135104283.jpg,https://kf.kobotoolbox.org/api/v2/assets/anTGkBsJzTReb96GWVGu7k/data/865552804/attachments/attQgEU6UDoKVv24Ru6pR6Eg/
90be04b4-b9af-40b8-a480-3da5c629649b,865553168,705,pap_0417,,cni,SU17512L5J08L133E124,parcelle_construite,0,0,1,0,0,0,,oui,418,,,1789054848233.jpg,https://kf.kobotoolbox.org/api/v2/assets/anTGkBsJzTReb96GWVGu7k/data/865553168/attachments/attcDU9hMxKKPULzCdbzu4ws/
a780cd9b-1831-4da7-b9b0-0a407dee0bfc,865570323,706,pap_0423,,cni,116286875,parcelle_construite,0,0,1,0,0,0,,oui,424,,,1789118267816.jpg,https://kf.kobotoolbox.org/api/v2/assets/anTGkBsJzTReb96GWVGu7k/data/865570323/attachments/att5zjETnWMasWRQVnw98gKh/
2e95ff86-879d-45aa-924d-56be1e6c3861,867670130,707,pap_0452,,cni,116150803,hors_zone_influence,0,0,0,0,0,1,,oui,453,,Église hors de l´emprise ,1789381047517.jpg,https://kf.kobotoolbox.org/api/v2/assets/anTGkBsJzTReb96GWVGu7k/data/867670130/attachments/atttgLvG8p8emKp9bF9HQEEx/
97461c2e-a856-4cd1-92d6-e0e5a41e0a80,867674192,708,pap_0476,,cni,118348729,parcelle_agricole,0,1,0,0,0,0,,oui,477,,,1789123616174.jpg,https://kf.kobotoolbox.org/api/v2/assets/anTGkBsJzTReb96GWVGu7k/data/867674192/attachments/attfaUdXuJE5ghUR2hz2r7mg/
81b4766d-a7dd-4956-a412-de5674c1fd21,867674338,709,pap_0293,,cni,115508055,hors_zone_influence,0,0,0,0,0,1,,oui,294,,La batis n'est plus impacté ,1789127648685.jpg,https://kf.kobotoolbox.org/api/v2/assets/anTGkBsJzTReb96GWVGu7k/data/867674338/attachments/attMy9hrByAjxN2v8rJgNxrW/
a26f1597-390d-4672-a07f-7278cd587275,867674376,710,pap_0285,,cni,114598476,parcelle_agricole,0,1,0,0,0,0,,oui,286,,La signature et photo sont celles de sont grand frère. Le PAPs ne reside plus au village ,1789128486365.jpg,https://kf.kobotoolbox.org/api/v2/assets/anTGkBsJzTReb96GWVGu7k/data/867674376/attachments/attGV4ZUJZbDFNgcqvGtgoXZ/
42fd9e7b-0eea-4d56-ab80-fcee4c2420c1,867674416,711,pap_0311,,cni,112248727,parcelle_agricole parcelle_construite,0,1,1,0,0,0,,oui,312,,,1789131929016.jpg,https://kf.kobotoolbox.org/api/v2/assets/anTGkBsJzTReb96GWVGu7k/data/867674416/attachments/attaHdKjZSddg7MmHX3cw6CU/
aca76122-61bd-4c3f-9a18-58acf645031d,867674614,712,pap_0322,,cni,115501941,parcelle_agricole,0,1,0,0,0,0,,oui,323,,,1789377828055.jpg,https://kf.kobotoolbox.org/api/v2/assets/anTGkBsJzTReb96GWVGu7k/data/867674614/attachments/attSzAsJasgNBEzbTiQKzt4o/
84ea97fe-80f2-4e29-b78a-0b31d89312d8,867674666,713,pap_0449,,cni,116918334,parcelle_agricole parcelle_construite,0,1,1,0,0,0,,oui,450,,"Les mesures s'alignent avec le Par
Superficie 49.29.
Maison en semi dur ( terre battue er Ciment)",1789380375997.jpg,https://kf.kobotoolbox.org/api/v2/assets/anTGkBsJzTReb96GWVGu7k/data/867674666/attachments/attnwCek6xMTg2NskXrEyzXY/
bff50008-8d17-483c-81c6-d5ae5e8ad566,867674718,714,pap_0489,,cni,101306408,parcelle_agricole parcelle_construite,0,1,1,0,0,0,,oui,490,,"La Batis est desormais impacté 

Maison principale 
Longueur: 14.70
Largeur:7.20
Superficie: 105.84

Mur: Maconné 
Sol: Cimenté 
Tôiture: Tole

Residentielle 
état: Bon

Standing: Semi definitif 

Decès du beneficiare et requète en cours pour changement de beneficiare à Oba'a Claudine Epse Soua",1789392474755.jpg,https://kf.kobotoolbox.org/api/v2/assets/anTGkBsJzTReb96GWVGu7k/data/867674718/attachments/attwA8qxUvNFrR5cSQWGNWk2/
9d3bf3bb-a01c-4254-acfb-ef639e51ae3a,867674815,715,pap_0607,,cni,106765850,parcelle_agricole parcelle_construite,0,1,1,0,0,0,,oui,608,,"La batis n'est plus impacté mais Les cultures sont impactés. 

PAP non-disponible au village ",,
d535739e-26d6-44db-a5bd-2c3d79355227,867678501,716,pap_0321,,cni,SU0123L5J06BQX1LGU4,parcelle_agricole,0,1,0,0,0,,,oui,322,,,1789377810038.jpg,https://kf.kobotoolbox.org/api/v2/assets/anTGkBsJzTReb96GWVGu7k/data/867678501/attachments/attp7Xc2jRuKdG6Ve45s6fcY/
27a5ea34-07ce-4e3d-ac16-b1a5a256b4e2,867678775,717,pap_0462,,cni,SU17512L5LZYFUNHOX00,parcelle_agricole,0,1,0,0,0,,,oui,463,,,1789380436650.jpg,https://kf.kobotoolbox.org/api/v2/assets/anTGkBsJzTReb96GWVGu7k/data/867678775/attachments/attAevSZMuN5soavep3uMsDe/
60e09147-509d-4e80-a39d-6da6a3be0e02,867678913,718,pap_0456,,cni,118687241,parcelle_agricole,0,1,0,0,0,,,oui,457,,"4 PALMIERS
2 ORANGERS
1 GOYAVE",1789381441151.jpg,https://kf.kobotoolbox.org/api/v2/assets/anTGkBsJzTReb96GWVGu7k/data/867678913/attachments/attuFyYWLhynMrkZtou2D6Co/
93577a90-628b-4de2-99db-6402e501dc6c,867679061,719,pap_0479,,cni,117534203,parcelle_agricole parcelle_construite,0,1,1,0,0,,,oui,480,,,1789392931889.jpg,https://kf.kobotoolbox.org/api/v2/assets/anTGkBsJzTReb96GWVGu7k/data/867679061/attachments/attUTMGR7kzDEbY866uLnvYy/
9b83682f-b469-47b7-8b5b-9000fa1eaf26,867686055,720,pap_0478,,cni,115517058,autre,0,0,0,0,1,0,Stelle ,oui,479,,PAP hors emprise. PAP Rep par le licenciet OTYE Prince Gaëtan ,1789392785511.jpg,https://kf.kobotoolbox.org/api/v2/assets/anTGkBsJzTReb96GWVGu7k/data/867686055/attachments/attdvvRLv5hB5ACGonxLkSSU/
efe2d8f7-266a-4d66-8575-338a6d4a10a9,867688158,721,pap_0327,,cni,115517094,autre,0,0,0,0,1,0,Cultures ,oui,328,,PAP hors emprise et seul 02 palmier local adultes et 02 cacaoyer adulte et 01 safoutier jeune sont impactés. Cultures non spécifiées dans le PAR,1789378219231.jpg,https://kf.kobotoolbox.org/api/v2/assets/anTGkBsJzTReb96GWVGu7k/data/867688158/attachments/attnw9SV3YQDHtFHmXtF5DgU/
2690520c-f73f-4601-b8b5-84e9c3a8d957,867688383,722,pap_0460,,cni,1131979982,parcelle_construite autre,0,0,1,0,1,0,Maison principale impactée ,oui,461,,"Absence de cultures mentionnée dans le PAR.  Maison principale impactée et absente dans le PAR ; proprietes: Sup:84,28m2; L:9,80m; l:8,60m; sol: maçonné ; mur: banco ; toiture : tôle. 01 manguier adulte impacté. PAP absente Rep par son petit frère EZO'O Jean. ",1789381477663.jpg,https://kf.kobotoolbox.org/api/v2/assets/anTGkBsJzTReb96GWVGu7k/data/867688383/attachments/attXCfiv7sfQCgpJypaw5ZTe/
cb80c4d6-e936-4509-b187-0a57f5d9614c,867700851,723,pap_0357,,cni,114774334,parcelle_agricole,0,1,0,0,0,,,oui,358,,,1789395782020.jpg,https://kf.kobotoolbox.org/api/v2/assets/anTGkBsJzTReb96GWVGu7k/data/867700851/attachments/attvbn5uAAXyVwAqcJQ5jMRJ/
7aaca3fe-e585-4ef6-b140-a3b1edad4fb9,869280100,724,pap_0280,,cni,105832737,parcelle_agricole,0,1,0,0,0,,,oui,281,,,1789469366987.jpg,https://kf.kobotoolbox.org/api/v2/assets/anTGkBsJzTReb96GWVGu7k/data/869280100/attachments/attXLyfNALB3RPGuEnvHedxQ/
51fa097e-10ee-4287-855b-4dc50a89468f,869281102,725,pap_0324,,cni,SU01097L5J02FMPU8GPL,parcelle_agricole,0,1,0,0,0,,,oui,325,,,1789471181121.jpg,https://kf.kobotoolbox.org/api/v2/assets/anTGkBsJzTReb96GWVGu7k/data/869281102/attachments/attbouL5U45eBN4hjUUYRMMM/
cdb4569a-e89b-406f-a7d4-8de0665bf9c7,869282180,726,pap_0301,,cni,SU01097LL5J04UFN1R790,parcelle_agricole,0,1,0,0,0,,,oui,302,,,1789473168505.jpg,https://kf.kobotoolbox.org/api/v2/assets/anTGkBsJzTReb96GWVGu7k/data/869282180/attachments/attLuNMDydWqEifmFgWLMLeF/
19dd91bb-293b-46d2-bc60-8ce7373ed1f0,869282337,727,pap_0306,,cni,000107556,parcelle_agricole,0,1,0,0,0,,,oui,307,,CORRECTION DU NOM NGUELE BIENVENUE ,1789474149024.jpg,https://kf.kobotoolbox.org/api/v2/assets/anTGkBsJzTReb96GWVGu7k/data/869282337/attachments/attbGso5ApnYxgnxZJTqghjm/
82e0427e-3ca1-4c28-b332-587d5ed1648f,870083971,728,pap_0318,,cni,116146294,parcelle_agricole,0,1,0,0,0,0,,oui,319,,,1789468019340.jpg,https://kf.kobotoolbox.org/api/v2/assets/anTGkBsJzTReb96GWVGu7k/data/870083971/attachments/attDWQXL8X6XiyZcBL5KfJfy/
03f1c1f4-6581-43e3-a674-131e23dc1f48,870089638,729,pap_0463,,cni,101654377,parcelle_agricole,0,1,0,0,0,,,oui,464,,"NEW PAP Cuisine:
L:7,10
Lar:4,80
T:34,08
Mur: Banco
Toit : Tôle
Sol: Banco
Délabré 
",1789555503396.jpg,https://kf.kobotoolbox.org/api/v2/assets/anTGkBsJzTReb96GWVGu7k/data/870089638/attachments/attQL4cmNfa4Fxwz9snqqedF/
a9418906-6df3-4a7d-9c6a-141ceebbe5fa,870090466,730,pap_0398,,cni,115027125,parcelle_agricole,0,1,0,0,0,,,oui,399,,Hors Emprise,1789562200856.jpg,https://kf.kobotoolbox.org/api/v2/assets/anTGkBsJzTReb96GWVGu7k/data/870090466/attachments/attHZeLG3fY3GKgvp7brSLoy/
4d7cf5d6-2a44-4448-8208-1fbebdd34672,870090813,731,pap_0383,,cni,384,parcelle_agricole parcelle_construite,0,1,1,0,0,,,oui,384,,"Maison hors emprise. 
Changement de bénéficiaire : EKOMAN DÉCÉDÉ Pour NDO YVIE LOPEZ",1789562968694.jpg,https://kf.kobotoolbox.org/api/v2/assets/anTGkBsJzTReb96GWVGu7k/data/870090813/attachments/attfnwYoU9ukAHt3AcUXyA9B/
736bdaa0-8e16-4d51-85de-289c160161f1,870091481,732,pap_0380,,cni,116146499,parcelle_agricole,0,1,0,0,0,,,oui,381,,,1789563833382.jpg,https://kf.kobotoolbox.org/api/v2/assets/anTGkBsJzTReb96GWVGu7k/data/870091481/attachments/attAQmRSCra3VneGb4EPN3Ug/
e4c5e92b-4e39-4880-b2ee-374453c816b3,870091765,733,pap_0386,,cni,115517072,parcelle_agricole,0,1,0,0,0,,,oui,387,,"5 TOMBES AMÉNAGÉES (41,54)
Maison principale 01: 
L:11,30
Lar:8
T:90,4
Toit : Tôle 
Mur: Maçonné
Sol: ciment 
Standing ordinaire
État : Bon
Cuisine:
L:11,20
Lar:6,20
T:69,44
Mur: Maçonné
Toit: Tôle 
Sol: Banco
Standing ordinaire
État : bon

À AJOUTER.

",1789565642024.jpg,https://kf.kobotoolbox.org/api/v2/assets/anTGkBsJzTReb96GWVGu7k/data/870091765/attachments/attMD8MFHLHmjcjQGxL4aLVP/
2e355d38-71b3-46c5-9e6c-45ec0b78e43b,870095176,734,pap_0459,,cni,SU17512L5JOOXCGAOK00,hors_zone_influence,0,0,0,0,0,1,,oui,460,,,1789552765211.jpg,https://kf.kobotoolbox.org/api/v2/assets/anTGkBsJzTReb96GWVGu7k/data/870095176/attachments/attFHQUCYF4H8PuxdXvstyuv/
e285f323-fa18-40dc-96ff-3204a4dc2cac,870096464,735,pap_0379,,cni,SU01097L5LTSHL39QCSU1,parcelle_agricole parcelle_construite,0,1,1,0,0,0,,oui,380,,"Le boukarou, la Cloture et l'hangar ont été inventorier. A l'heure actuelle, le hangar sort de l'emprise mais le boukarou reste dans l'emprise 

Le boukarou a Les mesures suivantes
Longeur: 8
Largeur: 8
Superfecie: 64 metres quaré 
Semi definitif 
Mur: Maconne
Sol: Cimenté 
Tôiture: Tôle 

L'hangar qui sort a Les mesures suivantes:
Longeur: 5.60
Largeur: 4
Superficie: 22.4
Mur: Planche
Sol: Banco
Tôiture: Tole


",1789561619070.jpg,https://kf.kobotoolbox.org/api/v2/assets/anTGkBsJzTReb96GWVGu7k/data/870096464/attachments/attUDPyj3c6Hg7Fh9mdVGkwX/
2e431aae-073b-4bd6-ae93-62aa49e33619,870120867,736,pap_0461,,cni,101279312,autre,0,0,0,0,1,0,Cultures ,oui,462,,,1789380481896.jpg,https://kf.kobotoolbox.org/api/v2/assets/anTGkBsJzTReb96GWVGu7k/data/870120867/attachments/attCUUp96LtEJEMMuGmeDKDa/
f6c67fd3-3b60-41e1-94a5-b3733dca6be6,870121098,737,pap_0482,,cni,113863120,parcelle_construite autre,0,0,1,0,1,0,Cultures ,oui,483,,"Le bâtis de la PAP est hors de l'emprise, cependant, ces cultures demeure dans l'emprise :
Cacao Adultes : 90
Cacao Jeunes : 2
Safourtier Jeune : 1
Safourtier Adulte : 1
Avocatier Adulte : 2
Cocotier Jeune : 1
Cocotier Adulte : 1
Palmier local Adulte : 2
Bananiers plantains Jeune : 5",1789393214525.jpg,https://kf.kobotoolbox.org/api/v2/assets/anTGkBsJzTReb96GWVGu7k/data/870121098/attachments/attNTLwJY37CeR9n4qxsvqSp/
e9fbac5f-aa48-4f94-b9b0-998901a464d3,870121246,738,pap_0294,,cni,115508055,autre,0,0,0,0,1,0,Cultures ,oui,295,,La PAP est décédée et sera remplacée par une ayant droits : ANGUE MKWELE JUDITH sous réserve de preuve,1789468497481.jpg,https://kf.kobotoolbox.org/api/v2/assets/anTGkBsJzTReb96GWVGu7k/data/870121246/attachments/attEsM6NtpYpinfXUoaePXxh/
4226061c-b340-4a79-8384-6cab77489241,870121440,739,pap_0484,,cni,SU01232I5IWP600R0TS2,autre,0,0,0,0,1,0,Cultures ,oui,485,,,1789469762962.jpg,https://kf.kobotoolbox.org/api/v2/assets/anTGkBsJzTReb96GWVGu7k/data/870121440/attachments/attXpn3eKkkH5L9RwgeK6JJr/
2a9bd366-a56b-45c8-bd17-d6f113c13277,870123200,740,pap_0281,,cni,118759025,autre,0,0,0,0,1,0,Cultures ,oui,282,,,1789473129736.jpg,https://kf.kobotoolbox.org/api/v2/assets/anTGkBsJzTReb96GWVGu7k/data/870123200/attachments/attHxXaGNYgRR4Dhq4AogKPF/
b16a1991-30f8-4196-b419-3e12b0b72ecc,870124183,741,pap_0279,,cni,AA16866356,autre,0,0,0,0,1,0,Cultures ,oui,280,,,1789474654348.jpg,https://kf.kobotoolbox.org/api/v2/assets/anTGkBsJzTReb96GWVGu7k/data/870124183/attachments/att4NAGg3uiUBvnVpbnKheu3/
3b9b37b5-949f-40da-9295-736b03e51c25,870124649,742,pap_0453,,cni,115004815,parcelle_agricole,0,1,0,0,0,0,,oui,454,,,1789557790223.jpg,https://kf.kobotoolbox.org/api/v2/assets/anTGkBsJzTReb96GWVGu7k/data/870124649/attachments/attuDWfXP2kq3ZDqVhUAKS9x/
cfc2e349-cbca-46bc-9268-24c20e268b25,870312982,743,pap_0391,,cni,101340060,parcelle_construite,0,0,1,0,0,,,oui,392,,HORS EMPRISE,1789561474524.jpg,https://kf.kobotoolbox.org/api/v2/assets/anTGkBsJzTReb96GWVGu7k/data/870312982/attachments/attqNqqYdRVwszHunHYNrpAW/
cfa76d81-7d82-405e-9568-4acf2e9f0453,870313935,744,pap_0385,,,,,,,,,,,,oui,386,,,1789568886830.jpg,https://kf.kobotoolbox.org/api/v2/assets/anTGkBsJzTReb96GWVGu7k/data/870313935/attachments/attGERaqRSTGMnrUoAfGyARd/
ff66a93e-619f-43fa-8f21-f5e4d2e5c72e,870314712,745,pap_0384,,cni,,parcelle_agricole,0,1,0,0,0,,,oui,385,,HORS EMPRISE,1789575931195.jpg,https://kf.kobotoolbox.org/api/v2/assets/anTGkBsJzTReb96GWVGu7k/data/870314712/attachments/attSjfJ7B7ja9DcjvJJ2bUFj/
afeb2b38-bd77-42a7-a60a-bf5a7b3e6f50,870314900,746,pap_0392,,cni,115492773,parcelle_agricole parcelle_construite,0,1,1,0,0,,,oui,393,,HORS EMPRISE ,1789576148940.jpg,https://kf.kobotoolbox.org/api/v2/assets/anTGkBsJzTReb96GWVGu7k/data/870314900/attachments/attjZwPdbieCX3JcjVom56XP/
f7c4c042-77ab-4e74-83b7-c82fb9455684,870315113,747,pap_0393,,cni,115517165,parcelle_agricole,0,1,0,0,0,,,oui,394,,HORS EMPRISE,1789576531492.jpg,https://kf.kobotoolbox.org/api/v2/assets/anTGkBsJzTReb96GWVGu7k/data/870315113/attachments/attiB4Zi38bbU49Euv9FNyGW/
1cb47a55-8ea4-4827-947e-9ff481ac2a28,871299116,748,pap_0088,,cni,116286693,parcelle_agricole parcelle_construite,0,1,1,0,0,0,,oui,89,,La batis est desormais impactés.,1789644605962.jpg,https://kf.kobotoolbox.org/api/v2/assets/anTGkBsJzTReb96GWVGu7k/data/871299116/attachments/attqa4nXyDPzQdmJJ9dazrZp/
5ec83d52-1638-4c96-b2a6-1843b1745697,871299788,749,pap_0105,,cni,SU17512L5JO7LG4U8705,parcelle_agricole,0,1,0,0,0,0,,oui,106,,,1789649211679.jpg,https://kf.kobotoolbox.org/api/v2/assets/anTGkBsJzTReb96GWVGu7k/data/871299788/attachments/attuGiATTAJHvqK7ZpmK47cX/
7940c182-19a2-41a9-a481-e7725bbfc90b,871409898,750,pap_0103,,cni,101073628,autre,0,0,0,0,1,0,Cultures ,oui,104,,La PAP est hors de l'emprise ,1789640822243.jpg,https://kf.kobotoolbox.org/api/v2/assets/anTGkBsJzTReb96GWVGu7k/data/871409898/attachments/att3xSjXjVvychTN5pCEMJB9/
553b2084-d5bb-410a-99a1-08b69dfd95a1,871409975,751,pap_0110,,cni,116864834,parcelle_construite,0,0,1,0,0,0,,oui,111,,La PAP est hors de l'emprise ,1789641164694.jpg,https://kf.kobotoolbox.org/api/v2/assets/anTGkBsJzTReb96GWVGu7k/data/871409975/attachments/att9ApEofeiYee5adacQnXXA/
a1f8ef4e-224b-42dc-8301-222bfc5bdc28,871410081,752,pap_0112,,cni,CE03345I5J3KLMPKECF1,autre,0,0,0,0,1,0,Cultures ,oui,113,,,1789642253323.jpg,https://kf.kobotoolbox.org/api/v2/assets/anTGkBsJzTReb96GWVGu7k/data/871410081/attachments/attqHLsTcVj9mNKoFGFHqo3c/
2436ce51-44d1-4b7e-8a95-4a349fb9df5d,871411510,753,pap_0117,,cni,AA10945955,parcelle_construite parcelle_agricole,0,1,1,0,0,0,,oui,118,,"Les cultures suivantes de la PAP se retrouvent désormais dans l'emprise :
Cacaoyer adultes : 27
Palmiers adultes : 15
Bananiers adultes : 20",1789652449079.jpg,https://kf.kobotoolbox.org/api/v2/assets/anTGkBsJzTReb96GWVGu7k/data/871411510/attachments/attuCpFQMmQG5QqyhDf2yikn/
73af3a4f-c334-4184-88bb-d0d78bfd464b,871411594,754,pap_0091,,cni,101634309,parcelle_construite autre,0,0,1,0,1,0,Cultures ,oui,92,,"L'un des 2 bâtis de la PAP est inexistante. Celle qui demeure dans l'emprise est :
Longueur : 9.92
Largeur : 7.62
Superficie : 75.59
Sol : cimenté 
Mur : maçonné 
Toiture : tôles 
Standing : semi définitif 
État : moyen ",1789653378116.jpg,https://kf.kobotoolbox.org/api/v2/assets/anTGkBsJzTReb96GWVGu7k/data/871411594/attachments/attzwcF5KLzicuy2MYfiM5kH/
ff8e6bac-0723-4fd1-8dd2-1a3842f17a93,871427872,755,pap_0107,,cni,SU17512L5K07HK02PM01,parcelle_agricole,0,1,0,0,0,0,,oui,108,,PAP non disponible au village. La signature et photo sont celle de sont fils,1789654987052.jpg,https://kf.kobotoolbox.org/api/v2/assets/anTGkBsJzTReb96GWVGu7k/data/871427872/attachments/att2gmwWzaZdru3pdcVHaxwu/
0f3738df-2ada-418a-9e75-7fb27208336c,871427943,756,pap_0106,,cni,112562473,parcelle_agricole,0,1,0,0,0,0,,oui,107,,PAP non disponible au village. La signature et photo sont celles de sa fille,1789656036534.jpg,https://kf.kobotoolbox.org/api/v2/assets/anTGkBsJzTReb96GWVGu7k/data/871427943/attachments/attUHG8VyGRodgbKTTnMc8zU/
6c141d4b-e057-41d9-b4a9-40b0a9150626,871428187,757,pap_0093,,cni,115517208,parcelle_agricole,0,1,0,0,0,0,,oui,94,,PAP non disponible. Photos Des cultures impacté,1789654419181.jpg,https://kf.kobotoolbox.org/api/v2/assets/anTGkBsJzTReb96GWVGu7k/data/871428187/attachments/attrx3i3XSWQAxTS2gdVdDJH/
a7857f77-114f-438b-b068-d2176a0a5d9b,871473346,758,pap_0320,,cni,11103214,parcelle_agricole,0,1,0,0,0,0,,oui,321,,,1789468447281.jpg,https://kf.kobotoolbox.org/api/v2/assets/anTGkBsJzTReb96GWVGu7k/data/871473346/attachments/atthGHYKqKiQ7Apom9BJBQJv/
e87a1ed2-fe1c-4521-8e51-58247a53ab1d,871473419,759,pap_0325,,cni,SU0197L5J02FMPU8GPL,parcelle_agricole,0,1,0,0,0,0,,oui,326,,,1789468886945.jpg,https://kf.kobotoolbox.org/api/v2/assets/anTGkBsJzTReb96GWVGu7k/data/871473419/attachments/attwhJfkjMCJKsWmeLceo9HL/
0ad6bb7b-af87-4c8e-bd60-ce0e824569c8,871473597,760,pap_0317,,cni,115707694,parcelle_agricole,0,1,0,0,0,0,,oui,318,,,1789470060476.jpg,https://kf.kobotoolbox.org/api/v2/assets/anTGkBsJzTReb96GWVGu7k/data/871473597/attachments/attrCB5yu3EAY8fLDfmHGsu7/
e4585fd1-d39e-45fd-b2b9-4d507d2b7107,871473713,761,pap_0315,,cni,115435451,parcelle_agricole,0,1,0,0,0,0,,oui,316,,,1789470524176.jpg,https://kf.kobotoolbox.org/api/v2/assets/anTGkBsJzTReb96GWVGu7k/data/871473713/attachments/attWeqratzLCG63Gg4nwnLYu/
a4e0d329-d4de-4cb0-af6a-eba4847add5c,871475871,762,pap_0328,,cni,109663226,parcelle_agricole,0,1,0,0,0,0,,oui,329,,,1789470784782.jpg,https://kf.kobotoolbox.org/api/v2/assets/anTGkBsJzTReb96GWVGu7k/data/871475871/attachments/attk2UQ5MB3eiMxHLYvRutMd/
618d4a93-ae09-43e2-8c5b-f3309bfaf30d,871475989,763,pap_0266,,cni,,parcelle_agricole,0,1,0,0,0,0,,oui,267,,,1789473176664.jpg,https://kf.kobotoolbox.org/api/v2/assets/anTGkBsJzTReb96GWVGu7k/data/871475989/attachments/attsvDSFimWWhRQ4CrZfWtbb/
abdee6a9-bebe-44f6-b3a9-43cf54cb0fbf,871476170,764,pap_0314,,cni,SU17512L5J07ML32UTN0,parcelle_agricole,0,1,0,0,0,0,,oui,315,,,1789473799717.jpg,https://kf.kobotoolbox.org/api/v2/assets/anTGkBsJzTReb96GWVGu7k/data/871476170/attachments/att38RLQXi2yVt3vEztndBx4/
f640ef25-da49-4fa0-b4f0-bc68125a431c,871476300,765,pap_0300,,cni,101208345,parcelle_agricole,0,1,0,0,0,0,,oui,301,,La photo et la signature sont celles  de son fils,1789474365432.jpg,https://kf.kobotoolbox.org/api/v2/assets/anTGkBsJzTReb96GWVGu7k/data/871476300/attachments/attE5h4gtMiXWUD4Q86vPze5/
e4acc4b9-0acb-45dd-8a88-70aee0d64302,871476344,766,pap_0457,,cni,101807318,parcelle_construite,0,0,1,0,0,0,,oui,458,,,1789554798624.jpg,https://kf.kobotoolbox.org/api/v2/assets/anTGkBsJzTReb96GWVGu7k/data/871476344/attachments/attasVXLDtAtd6EXaK2hQtym/
f9fef39e-bf27-47cf-8298-cf5299990f1b,871476491,767,pap_0458,,cni,SU01232L5LZZY10LKY11,hors_zone_influence,0,0,0,0,0,1,,oui,459,,,1789556068769.jpg,https://kf.kobotoolbox.org/api/v2/assets/anTGkBsJzTReb96GWVGu7k/data/871476491/attachments/attzsWgTCFZiaTJZxBttaohS/
6f74ba34-24a3-4085-ab7e-ae37b4808262,871477418,768,pap_0395,,cni,113197907,parcelle_agricole parcelle_construite,0,1,1,0,0,0,,oui,396,,71 pieds de cacao entrent dans l´emprise  pour lui ,1789566474948.jpg,https://kf.kobotoolbox.org/api/v2/assets/anTGkBsJzTReb96GWVGu7k/data/871477418/attachments/attsHcSQjQTXgxiqLKdUL3Fk/
96a4399f-1848-448d-9bc0-9ef0bf3ed0a3,871479968,769,pap_0394,,cni,117342789,hors_zone_influence,0,0,0,0,0,1,,oui,395,,,1789575155962.jpg,https://kf.kobotoolbox.org/api/v2/assets/anTGkBsJzTReb96GWVGu7k/data/871479968/attachments/attF8h2f7NxSixoVMETtoyXm/
1d5bf7bb-2e43-43f0-98c2-08e277d1cb09,871480167,770,pap_0121,,cni,100813204,parcelle_agricole,0,1,0,0,0,0,,oui,122,,,1789643497095.jpg,https://kf.kobotoolbox.org/api/v2/assets/anTGkBsJzTReb96GWVGu7k/data/871480167/attachments/attXuE6nYei7Ze4QSa5vhM2p/
722fb120-10da-4665-9b19-12ff3cb4db8c,871480232,771,pap_0122,,cni,101152835,parcelle_construite,0,0,1,0,0,0,,oui,123,,"La maison a été évalué  au standing ordinaire  .
Pourtant elle est au standing semi dur ",1789649137002.jpg,https://kf.kobotoolbox.org/api/v2/assets/anTGkBsJzTReb96GWVGu7k/data/871480232/attachments/attGgRw9ymWpi5CuVSAJ68c4/
79e04c5e-d3c7-4510-ac4a-4108af3a83e1,871480283,772,pap_0108,,cni,115171144,parcelle_agricole,0,1,0,0,0,0,,oui,109,,"62 Cannes  à  sucre entrent dans l´emprise 

6 bananier entrent dans l´emprise ",1789649771876.jpg,https://kf.kobotoolbox.org/api/v2/assets/anTGkBsJzTReb96GWVGu7k/data/871480283/attachments/att7SKWuHb5CMp4jWLAzom68/
08cf1a62-a399-409b-b531-16c558c0427e,871480391,773,pap_0097,,cni,101818437,parcelle_agricole parcelle_construite,0,1,1,0,0,0,,oui,98,,La tombe est désormais impactée. Une tombe bien aménagée en carreaux.  Superficie.  3.22metres quaré,1789651740714.jpg,https://kf.kobotoolbox.org/api/v2/assets/anTGkBsJzTReb96GWVGu7k/data/871480391/attachments/atttjgpvbnJNabcoecfrQ8hN/
0607ecdb-52ce-482d-bb85-367d554fec83,871480453,774,pap_0124,,cni,SU010971I5IZZRMHHYT60,hors_zone_influence,0,0,0,0,0,1,,oui,125,,,1789653366214.jpg,https://kf.kobotoolbox.org/api/v2/assets/anTGkBsJzTReb96GWVGu7k/data/871480453/attachments/attusGd9esSZgLFR5gMmqhih/
35aeb06a-81bd-47ac-b405-57a7eef4ed7d,872153674,775,pap_0116,,cni,113867882,parcelle_construite,0,0,1,0,0,,,oui,117,,,1789640222198.jpg,https://kf.kobotoolbox.org/api/v2/assets/anTGkBsJzTReb96GWVGu7k/data/872153674/attachments/attbn5BxwZLHG2mYwpSy4XiL/
8d712d5d-6eb6-4798-afa9-82fe1062b211,872226245,776,pap_0272,,cni,112657278,autre,0,0,0,0,1,0,Cultures ,oui,273,,La PAP est décédée et sera remplacée par ses ayants droits,1789725110829.jpg,https://kf.kobotoolbox.org/api/v2/assets/anTGkBsJzTReb96GWVGu7k/data/872226245/attachments/attkggruss8urtqCSbh49kvp/
e3387f7d-e935-48aa-959b-89fa918b3362,872226374,777,pap_0288,,cni,114599832,autre,0,0,0,0,1,0,Cultures ,oui,289,,La PAP est décédée et sera remplacée par ses droits ,1789725634300.jpg,https://kf.kobotoolbox.org/api/v2/assets/anTGkBsJzTReb96GWVGu7k/data/872226374/attachments/attctEFT3Moit8B3uWDxAgFW/
c70b4013-f74e-4a1d-b483-8556a89a66f4,872227076,778,pap_0198,,cni,115752640,parcelle_construite autre,0,0,1,0,1,0,Cultures,oui,199,,La PAP est hors de l'emprise,1789738921381.jpg,https://kf.kobotoolbox.org/api/v2/assets/anTGkBsJzTReb96GWVGu7k/data/872227076/attachments/atthyMimbXpiwuQKVQN8ASh6/
9cdbd843-5c8f-42b7-b342-c43e1b4420a9,872420735,779,pap_0095,,cni,SU01097L5LZYGQLNS1P6,parcelle_agricole,0,1,0,0,0,,,oui,96,,,1789640446690.jpg,https://kf.kobotoolbox.org/api/v2/assets/anTGkBsJzTReb96GWVGu7k/data/872420735/attachments/att2aaPX3UPBgnyF49hu6zpC/
670a25fc-a6bd-4757-af18-7290d5fe323a,872421244,780,pap_0092,,cni,114598685,parcelle_agricole,0,1,0,0,0,,,oui,93,,HORS EMPRISE ,1789641326064.jpg,https://kf.kobotoolbox.org/api/v2/assets/anTGkBsJzTReb96GWVGu7k/data/872421244/attachments/attR9yKzhuc66CypjRbNcJzV/
d0c45140-235b-43a8-87bf-88380a8cb082,872429707,781,pap_0288,,cni,1145998322,parcelle_agricole,0,1,0,0,0,0,,oui,289,,Decès du beneficiare. La photo et la signature sont celles de sont heritier,1789726636522.jpg,https://kf.kobotoolbox.org/api/v2/assets/anTGkBsJzTReb96GWVGu7k/data/872429707/attachments/attCEDBcoMqYznkN5F8zo53i/
2d7dd594-aff6-436d-89c9-07c2bbcfe834,872429850,782,pap_0451,,cni,SU17512L5JO660H029G2,parcelle_agricole,0,1,0,0,0,0,,oui,452,,PAP non disponible. La signature et photos sont celles de son père,1789728643843.jpg,https://kf.kobotoolbox.org/api/v2/assets/anTGkBsJzTReb96GWVGu7k/data/872429850/attachments/attvpVzDBfjJPWSuyXFp8rek/
93c5fd3c-81fa-4a41-a493-354122dbb08e,872430105,783,pap_0215,,cni,115050740,parcelle_agricole infrastructure_publique,0,1,0,1,0,0,,oui,216,,,1788950452046.jpg,https://kf.kobotoolbox.org/api/v2/assets/anTGkBsJzTReb96GWVGu7k/data/872430105/attachments/attwRJAaz4QBir8ZraSV3TiH/
bc531142-c723-4b2b-8160-d4037f3462d2,872430353,784,pap_0152,,cni,105569237,parcelle_agricole,0,1,0,0,0,0,,oui,153,,,1789736227231.jpg,https://kf.kobotoolbox.org/api/v2/assets/anTGkBsJzTReb96GWVGu7k/data/872430353/attachments/atthspRwk6b52zp2jG9sUH5K/
35337b8a-8dfb-4e59-9adc-fca8519c13c4,873287693,785,pap_0154,,cni,115900440,parcelle_construite autre,0,0,1,0,1,0,Cultures ,oui,155,,"Concession de 66,25m2 de 02 maisons en terre battue nouvellement impactée ; sol: banco ; toit: tôle. Nouvelles cultures impactées : avocatier : 04 adultes ; cacaoyer : 03 adultes ; goyavier : 02 adultes;banane douce : 50 adultes et 20 jeunes ; palmier amélioré : 03 jeunes ",1789820716621.jpg,https://kf.kobotoolbox.org/api/v2/assets/anTGkBsJzTReb96GWVGu7k/data/873287693/attachments/attemxXc3fBcLsLHaF9V8njf/
448d9422-65f2-4802-9661-433b85cecc62,873291252,786,pap_0278,,cni,117609614,parcelle_construite autre,0,0,1,0,1,0,Cultures et 02 tombes dont 01 aménagée,oui,279,,"Maison impactée de fondation couverte de tôles, sup:137.75m2; L:14.50m; l:9.50m. 01 compartiment maçonné bâti sur sup: 28.08m2; L:5.40m; l:5.20m. Présence de 02 tombes dont 01 aménagée. Requête déposée à la sous préfecture Ebolowa 1er. PAP absente Rep par son cousin Andjembe Jérôme Paul",1789132741470.jpg,https://kf.kobotoolbox.org/api/v2/assets/anTGkBsJzTReb96GWVGu7k/data/873291252/attachments/att4HF9u4k6xSmzZdnYMpADq/
d38e9822-6cdb-474e-ac25-2fe0871f8123,874520668,787,pap_1291,,cni,105830097,parcelle_construite,0,0,1,0,0,0,,oui,353,,La PAP est hors de l'emprise ,1789980358731.jpg,https://kf.kobotoolbox.org/api/v2/assets/anTGkBsJzTReb96GWVGu7k/data/874520668/attachments/attPX7pGqNosKRLEngZRaCJg/
37928630-a6e2-499f-83c2-b1d20640cda8,874520699,788,pap_1308,,cni,AB11191084,parcelle_construite,0,0,1,0,0,0,,oui,370,,,1789982924456.jpg,https://kf.kobotoolbox.org/api/v2/assets/anTGkBsJzTReb96GWVGu7k/data/874520699/attachments/attSBcpSmJyGZ3bSX35M9RaT/
0c7f846f-5718-4ac0-9a7d-d89c9b318f60,874520734,789,pap_1324,,cni,113867577,parcelle_construite,0,0,1,0,0,0,,oui,386,,PAP hors de l'emprise,1789983321383.jpg,https://kf.kobotoolbox.org/api/v2/assets/anTGkBsJzTReb96GWVGu7k/data/874520734/attachments/attoFHyoLfPCo44H5dNrdNJP/
9187800c-6604-4f63-97d3-e41ee85843b8,874520752,790,pap_0848,,cni,115365543,autre,0,0,0,0,1,0,Cultures ,oui,849,,"Erreur sur le nom de la PA, écrire plutôt MINSILI EPSE ABESSOLO JEANNINE ",1789985587689.jpg,https://kf.kobotoolbox.org/api/v2/assets/anTGkBsJzTReb96GWVGu7k/data/874520752/attachments/attYSJ3Pb3pXzPPqnwxQuVFL/
14fdf2b5-6f9b-4e37-9879-8334d35d906c,874520781,791,pap_0822,,cni,AB02288016,parcelle_construite,0,0,1,0,0,0,,oui,823,,"Le bâtis de la PAP est hors de l'emprise, cependant, il y a présence d'une tombe non Aménagée de 3 mètres carrés dans l'emprise. Ladite tombe est située à l'extrémité gauche du bâtiment ",1789999184163.jpg,https://kf.kobotoolbox.org/api/v2/assets/anTGkBsJzTReb96GWVGu7k/data/874520781/attachments/attHvXsHDU2jwte56CBmeFUy/
12d6d5d8-c637-4033-bead-08192375372b,874520814,792,pap_0820,,cni,AB02288016,autre,0,0,0,0,1,0,Cultures ,oui,821,,,1789999488042.jpg,https://kf.kobotoolbox.org/api/v2/assets/anTGkBsJzTReb96GWVGu7k/data/874520814/attachments/attgs2aMAwpK4zPCHVzYE8S6/
05255a7e-169d-4d5a-9f0e-8d1173d084f2,874606526,793,pap_0277,,cni,101103170,parcelle_agricole,0,1,0,0,0,0,,oui,278,,,1789724565066.jpg,https://kf.kobotoolbox.org/api/v2/assets/anTGkBsJzTReb96GWVGu7k/data/874606526/attachments/atthBMW3rcZDooqe4xTNDBdD/
58b9ddd2-2885-4872-8d49-d121fe53d7d9,874606866,794,pap_0282,,cni,AA11037751,parcelle_construite,0,0,1,0,0,0,,oui,283,,,1789725990980.jpg,https://kf.kobotoolbox.org/api/v2/assets/anTGkBsJzTReb96GWVGu7k/data/874606866/attachments/attmwCvo7CwuWeuGHE4o3BR3/
11771aa5-ff90-4b22-b01c-a09ecc7a7e9f,874607061,795,pap_0450,,cni,116918334,parcelle_agricole parcelle_construite,0,1,1,0,0,0,,oui,451,,,1789727701005.jpg,https://kf.kobotoolbox.org/api/v2/assets/anTGkBsJzTReb96GWVGu7k/data/874607061/attachments/attgQcvr8JYWbpcLbg7nfVoQ/
6a5ade9d-15ec-4aef-a83e-3f26d42801a3,874654742,796,pap_1223,,cni,00022093,autre,0,0,0,0,1,0,Cultures ,oui,285,,Cni à jour ,1789912081289.jpg,https://kf.kobotoolbox.org/api/v2/assets/anTGkBsJzTReb96GWVGu7k/data/874654742/attachments/attTpYHS7T4gPXMytaQD2E2Z/
4bd5143b-1e6a-4e9b-a63d-f5d5bcf9a0f9,874654869,797,pap_1240,,cni,101654306,autre,0,0,0,0,1,0,Cultures ,oui,302,,,1789912732944.jpg,https://kf.kobotoolbox.org/api/v2/assets/anTGkBsJzTReb96GWVGu7k/data/874654869/attachments/attdShHx5yjww2aphV2Q7iug/
4be4ab73-0072-49e0-b8f2-05814ecf5857,874654941,798,pap_1232,,cni,000332348,autre,0,0,0,0,1,0,Cultures ,oui,294,,,1789914281727.jpg,https://kf.kobotoolbox.org/api/v2/assets/anTGkBsJzTReb96GWVGu7k/data/874654941/attachments/atta4NKD3H6tgkMh4GcKSUwi/
55614b2a-dd3b-4ce9-a500-18030a88a544,874655095,799,pap_1235,,cni,116559563,autre,0,0,0,0,1,0,Cultures ,oui,297,,,1789968824949.jpg,https://kf.kobotoolbox.org/api/v2/assets/anTGkBsJzTReb96GWVGu7k/data/874655095/attachments/attQJu8mBwxDhMDfHM2VM4y6/
fb946659-bd4a-4281-a685-54422f759215,874655262,800,pap_1241,,cni,100488476,parcelle_construite autre,0,0,1,0,1,0,Cultures,oui,303,,Bâtisse non impactée. Cultures impactées. PAP recommande d'être indemnisée si impactée à juste titre à 8 000 000. Requête avancée à la préfecture,1790001805131.jpg,https://kf.kobotoolbox.org/api/v2/assets/anTGkBsJzTReb96GWVGu7k/data/874655262/attachments/attcbqkr32a2WPGLjR8LwNAH/
3d3b3d45-7f49-4c16-9ac5-fc32e0f1bb9d,875314412,801,pap_1237,,cni,117269011,parcelle_agricole parcelle_construite,0,1,1,0,0,0,,oui,299,,Bâtisses hors emprise mais cultures impactées ,1790069277441.jpg,https://kf.kobotoolbox.org/api/v2/assets/anTGkBsJzTReb96GWVGu7k/data/875314412/attachments/attUpD95z5eo2auPa8gc7UTm/
29328957-2fed-469a-a749-51dcfe0376ad,875315961,802,pap_1228,,cni,116833676,autre,0,0,0,0,1,0,Cultures ,oui,,,PAP hors emprise. PAP absente rép par son Oncle Suafan Jean Robert ,1790071399619.jpg,https://kf.kobotoolbox.org/api/v2/assets/anTGkBsJzTReb96GWVGu7k/data/875315961/attachments/attE4k4zaaLRifaAn7g5HWB7/
466b7cf3-823a-4e01-8658-acd61c70e3fc,875317526,803,pap_1288,,cni,111977949,autre,0,0,0,0,1,0,Cultures ,oui,350,,PAP hors emprise. PAP absente Rep par sa fille EYI Diane ,1790080773744.jpg,https://kf.kobotoolbox.org/api/v2/assets/anTGkBsJzTReb96GWVGu7k/data/875317526/attachments/attKgGKfCgm47TunsKBuy2wC/
6129c1cc-e92a-48bd-b1e8-b2243fdacd3b,875317816,804,pap_1260,,cni,115365568,autre,0,0,0,0,1,0,Cultures ,oui,322,,,1790081448344.jpg,https://kf.kobotoolbox.org/api/v2/assets/anTGkBsJzTReb96GWVGu7k/data/875317816/attachments/att7NqUwcEjDGWCNSwHYanwM/
c70676c7-6da0-446e-bc98-5b1b2bab2278,875317978,805,pap_1274,,cni,673241,autre,0,0,0,0,1,0,Cultures ,oui,236,,,1790082548940.jpg,https://kf.kobotoolbox.org/api/v2/assets/anTGkBsJzTReb96GWVGu7k/data/875317978/attachments/attUc9aWzQfWyw2vQUVJmGZ9/
87df2e6a-46f7-4de7-863f-8fdb03bf6584,875318167,806,pap_1257,,cni,118126178,autre,0,0,0,0,1,0,Cultures ,oui,319,,PAP absente Rep par son neveu Ango stevy ,1790083950031.jpg,https://kf.kobotoolbox.org/api/v2/assets/anTGkBsJzTReb96GWVGu7k/data/875318167/attachments/atte425FNpK2dh8jdWm9UyLN/
d12d75cd-52e1-4cbc-9ea7-82df2efeea31,875318351,807,pap_1252,,cni,SU01232I5IPBUIUZIVO,autre,0,0,0,0,1,0,Cultures ,oui,314,,PAP hors emprise. Absence des cultures emplacement. PAP absente Rep par sa belle sœur Assako Rosette ,1790085453173.jpg,https://kf.kobotoolbox.org/api/v2/assets/anTGkBsJzTReb96GWVGu7k/data/875318351/attachments/att6KzPS9Z35UVSWi4kcwGU4/
d354c3da-1c7a-4223-9165-722643d4b4fd,875318547,808,pap_1251,,cni,115365757,autre,0,0,0,0,1,0,Cultures ,oui,313,,,1790085836659.jpg,https://kf.kobotoolbox.org/api/v2/assets/anTGkBsJzTReb96GWVGu7k/data/875318547/attachments/attDUi2JA6rpPWd2fUa9hEf9/
b5e1dbb0-87c5-4043-ab58-469700d0dbed,875318721,809,pap_1264,,cni,CE0831215J021KCC54Y4,autre,0,0,0,0,1,0,Cultures ,oui,326,,PAP hors emprise. PAP absente Rep par sa belle sœur Zeh Pauline ,1790086686751.jpg,https://kf.kobotoolbox.org/api/v2/assets/anTGkBsJzTReb96GWVGu7k/data/875318721/attachments/attofaEfnKGh8VMNapxbiCRP/
a9015692-30e3-4d25-b3c4-934e905dc8d9,875318829,810,pap_1281,,cni,100179441,autre,0,0,0,0,1,0,Cultures ,oui,343,,,1790087507452.jpg,https://kf.kobotoolbox.org/api/v2/assets/anTGkBsJzTReb96GWVGu7k/data/875318829/attachments/att9UzKsMZFJ9aFHyvdrYNzA/
f9316587-c826-4076-aa27-532108f66934,875319184,811,pap_1269,,cni,115365741,parcelle_construite parcelle_agricole hors_zone_influence,0,1,1,0,0,1,,oui,331,,PAP décédé rep par sa sœur MENGUE Mireille. PAP hors emprise ,1790088969871.jpg,https://kf.kobotoolbox.org/api/v2/assets/anTGkBsJzTReb96GWVGu7k/data/875319184/attachments/attbiSJtYsZioHUpydK6Jg25/
2298e55c-fb9c-4a86-9c6f-09be0d41bb46,875319727,812,pap_1220,,cni,111274722,autre,0,0,0,0,1,0,Cultures,oui,282,,PAP décédée remplacée par son fils Bindjeme BENGONO Ernest ,1790092974531.jpg,https://kf.kobotoolbox.org/api/v2/assets/anTGkBsJzTReb96GWVGu7k/data/875319727/attachments/attMidhnzfKrAMgog5uHd2Kf/
a198d7f8-0a4c-4a07-b860-6e632c4c9201,875369294,813,pap_1301,,cni,LT031I5GU08R1TPUNN1,parcelle_agricole,0,1,0,0,0,0,,oui,363,,PAP non disponible. Photos et signatures sont celles du sous Chèf,1789980412592.jpg,https://kf.kobotoolbox.org/api/v2/assets/anTGkBsJzTReb96GWVGu7k/data/875369294/attachments/attBrH2BPJxxYAZd9LnRLt5t/
17fde9e5-c040-4c81-8963-11f742ded131,875369589,814,pap_1337,,cni,111278453,parcelle_agricole,0,1,0,0,0,0,,oui,399,,,1789981972124.jpg,https://kf.kobotoolbox.org/api/v2/assets/anTGkBsJzTReb96GWVGu7k/data/875369589/attachments/attWNCrvjLKcyEed8NVH2unc/
ce54ec6b-c431-4811-aee0-0eefad021349,875369853,815,pap_1330,,cni,101935135,parcelle_construite,0,0,1,0,0,0,,oui,392,,PAP non disponible. Les signatures et photos sont celles de son frère,1789982357811.jpg,https://kf.kobotoolbox.org/api/v2/assets/anTGkBsJzTReb96GWVGu7k/data/875369853/attachments/attuwtypx3p9XFW9hxSrmE7C/
5d524703-b1cc-4be1-8cf1-f58537f4c576,875370235,816,pap_0846,,cni,115471943,hors_zone_influence,0,0,0,0,0,1,,oui,847,,Decès du PAPs. Signature par le Responsable de la famille,1789984797748.jpg,https://kf.kobotoolbox.org/api/v2/assets/anTGkBsJzTReb96GWVGu7k/data/875370235/attachments/attfm2D2KcVS9kvzQDvCExmj/
10fe5f5a-1d35-48f9-b09b-65157fe0b712,875370510,817,pap_0546,,cni,110003557,hors_zone_influence,0,0,0,0,0,1,,oui,547,,,1789988244316.jpg,https://kf.kobotoolbox.org/api/v2/assets/anTGkBsJzTReb96GWVGu7k/data/875370510/attachments/attRfdFU3ticRouDqQtQD5CF/
80dd90d8-2110-4819-a04b-2bac5bdb8644,875371834,818,pap_0533,,cni,112407255,parcelle_agricole,0,1,0,0,0,0,,oui,534,,Nom Mal ecrite. ANGO Ndibi et non ANGO Collins,1789992217524.jpg,https://kf.kobotoolbox.org/api/v2/assets/anTGkBsJzTReb96GWVGu7k/data/875371834/attachments/attzKYBfMcFZ9x5dHkYJRrRL/
44dd80eb-251e-4362-a1ac-45172763adc7,875372025,819,pap_0837,,cni,18121004,parcelle_agricole,0,1,0,0,0,0,,oui,838,,,1789998757348.jpg,https://kf.kobotoolbox.org/api/v2/assets/anTGkBsJzTReb96GWVGu7k/data/875372025/attachments/attxCM6gSWjMABcoqg5nYnLy/
15f6864e-ae12-4ed7-946e-a5f6159eed66,875372359,820,pap_0819,,cni,101398067,hors_zone_influence,0,0,0,0,0,1,,oui,821,,,1789999533715.jpg,https://kf.kobotoolbox.org/api/v2/assets/anTGkBsJzTReb96GWVGu7k/data/875372359/attachments/attzLngPFNEcmbEGUDg4fgSn/
a0cbdd6f-a70a-4d6c-96bf-2bbb887ffb10,875373060,821,pap_0815,,cni,117269005,parcelle_agricole,0,1,0,0,0,0,,oui,816,,,1790003922707.jpg,https://kf.kobotoolbox.org/api/v2/assets/anTGkBsJzTReb96GWVGu7k/data/875373060/attachments/att8BA7tFkz3FsKUnnQ7CWXs/
3ab42ba8-91f9-42ab-acee-469e5a8e6645,875373603,822,pap_0667,,cni,116901306,parcelle_agricole,0,1,0,0,0,0,,oui,668,,,1790007452459.jpg,https://kf.kobotoolbox.org/api/v2/assets/anTGkBsJzTReb96GWVGu7k/data/875373603/attachments/attLFyyEPvchQ7hc6kSLKcmK/
d36decce-a31b-4469-b338-aeb568cf9c4f,875373920,823,pap_0894,,cni,104530069,parcelle_agricole,0,1,0,0,0,0,,oui,896,,Decès du beneficiare. La signature et photo sont celles du membre de la famille. La famille prevoit entamé une requète pour changement de beneficiare ,1790064412113.jpg,https://kf.kobotoolbox.org/api/v2/assets/anTGkBsJzTReb96GWVGu7k/data/875373920/attachments/att59ukjZAGkLPSwFe32azVV/
60026fdf-be5e-4f18-8536-0a106753b394,875374199,824,pap_0717,,cni,116924703,parcelle_agricole parcelle_construite,0,1,1,0,0,0,,oui,718,,PAP non-disponible. Photos et signature par le notable du village ,1790068013483.jpg,https://kf.kobotoolbox.org/api/v2/assets/anTGkBsJzTReb96GWVGu7k/data/875374199/attachments/attCK9mZCz672D2wsiuCbnNm/
4572393e-0775-4b62-b14e-baf8dd40d2d8,875374510,825,pap_0713,,cni,117174441,parcelle_agricole,0,1,0,0,0,0,,oui,714,,PAP non disponible au village. La signature et photo sont celles du notable du village ,1790068508887.jpg,https://kf.kobotoolbox.org/api/v2/assets/anTGkBsJzTReb96GWVGu7k/data/875374510/attachments/attTFcbRWdS37iyNKRUn4qFe/
f5dee58f-146b-42aa-a237-9b5725800b78,875375020,826,pap_0703,,cni,116559574,hors_zone_influence,0,0,0,0,0,1,,oui,704,,PAP non-disponible/Hors emprise ,,
4c9d6298-f45c-4aa0-b44d-ccd848abc99d,875376041,827,pap_0737,,cni,115439465,hors_zone_influence,0,0,0,0,0,1,,oui,738,,,,
de2827b1-6ae0-4491-a837-ca43a20d4b29,875376380,828,pap_0734,,cni,SU175L2L5LWP1VDRWFF4,hors_zone_influence,0,0,0,0,0,1,,oui,735,,,,
5af7bfa3-7824-47d8-b600-6f415fa9a340,875376654,829,pap_0769,,cni,SU01097L5JO27C7VF770,parcelle_agricole,0,1,0,0,0,0,,oui,770,,,1790080750170.jpg,https://kf.kobotoolbox.org/api/v2/assets/anTGkBsJzTReb96GWVGu7k/data/875376654/attachments/att4D7AWxfxpnRLNKxB6HXTE/
25c3bc9d-30bb-41a5-90b3-7c0452bfb71a,875376871,830,pap_0902,,cni,100511557,infrastructure_publique,0,0,0,1,0,0,,oui,904,,,1790082970125.jpg,https://kf.kobotoolbox.org/api/v2/assets/anTGkBsJzTReb96GWVGu7k/data/875376871/attachments/attKBtEdqo8qXUBGqdEGUGca/
96097414-760b-42cc-bb9e-eb204da4d2a2,875377348,831,pap_0903,,cni,SU01232L5J22P8T105,parcelle_agricole,0,1,0,0,0,0,,oui,905,,,1790084279750.jpg,https://kf.kobotoolbox.org/api/v2/assets/anTGkBsJzTReb96GWVGu7k/data/875377348/attachments/attDX58JGXc96yotmXyZD824/
02063143-33d8-4688-9a33-22bba81b6253,875377766,832,pap_0922,,cni,CE3107L5LWLD30GVY90,hors_zone_influence,0,0,0,0,0,1,,oui,924,,,,
b45de008-b585-4b8a-80ec-bee3538ebefc,875378022,833,pap_0926,,cni,SU17512L5JO3SB9MHQ22,hors_zone_influence,0,0,0,0,0,1,,oui,928,,,1790088951864.jpg,https://kf.kobotoolbox.org/api/v2/assets/anTGkBsJzTReb96GWVGu7k/data/875378022/attachments/attkhJVPAVXQdbRr9Yf9ZTd2/
f5a18382-09f6-4e8b-80e6-83c284fe0cee,875399397,834,pap_0889,,cni,101397733,autre,0,0,0,0,1,0,Cultures ,oui,891,,La PAP est hors de l'emprise ,1790064526698.jpg,https://kf.kobotoolbox.org/api/v2/assets/anTGkBsJzTReb96GWVGu7k/data/875399397/attachments/attLBMM8Tg4Tj5uPsmtPL5yy/
e98ec9e6-8d65-410b-b0ab-f1a112dbcb24,875399509,835,pap_0896,,cni,101928490,autre,0,0,0,0,1,0,Cultures ,oui,898,,La PAP est hors de l'emprise ,1790065389851.jpg,https://kf.kobotoolbox.org/api/v2/assets/anTGkBsJzTReb96GWVGu7k/data/875399509/attachments/att9QwRKKf7qrkTcUyRmYLhR/
24459a7a-2482-4b7f-95b3-adb9b03453da,875399647,836,pap_0711,,cni,116901126,autre,0,0,0,0,1,0,Cultures ,oui,712,,,1790067907534.jpg,https://kf.kobotoolbox.org/api/v2/assets/anTGkBsJzTReb96GWVGu7k/data/875399647/attachments/attu7sE7th9N2caVaUHZntP4/
859885f8-ee01-46df-8acf-30938ccb59ea,875404468,837,pap_0162,,cni,SU1752LWLPS32TC35,parcelle_construite,0,0,1,0,0,0,,oui,163,,,1789736287557.jpg,https://kf.kobotoolbox.org/api/v2/assets/anTGkBsJzTReb96GWVGu7k/data/875404468/attachments/att3gLfZdP5yNjBktbmZcVRc/
6059b21b-3bee-40ea-89cb-5962e2be0d9c,875407596,838,pap_0847,,cni,SU01097I5I5PFN88KU36,hors_zone_influence,0,0,0,0,0,1,,oui,848,,Hors emprise,1789985112874.jpg,https://kf.kobotoolbox.org/api/v2/assets/anTGkBsJzTReb96GWVGu7k/data/875407596/attachments/att7VgyU7urDh8moLzHfcfDC/
4b6cf311-d706-4fb3-bfb2-2ce350c79a13,875408440,839,pap_0836,,cni,114395392,parcelle_agricole parcelle_construite,0,1,1,0,0,0,,oui,837,,,1789998847514.jpg,https://kf.kobotoolbox.org/api/v2/assets/anTGkBsJzTReb96GWVGu7k/data/875408440/attachments/attenY89WbhXmWkBH7mSPS9J/
68868538-a9fb-48d7-9510-8d73301baeee,875409141,840,pap_0833,,cni,,parcelle_agricole,0,1,0,0,0,0,,oui,834,,,1790000990464.jpg,https://kf.kobotoolbox.org/api/v2/assets/anTGkBsJzTReb96GWVGu7k/data/875409141/attachments/attkdE2x3HdABdDTxXyf9xcr/
ddeafa92-7a62-436a-88e8-2506e34c3c3a,875410904,841,pap_0834,,cni,116902076,parcelle_agricole,0,1,0,0,0,0,,oui,835,,,1790002155319.jpg,https://kf.kobotoolbox.org/api/v2/assets/anTGkBsJzTReb96GWVGu7k/data/875410904/attachments/attjA4uipKG6tiRE9tKcMGLV/
8458973b-2407-47a5-b9d3-5f82de4ac14b,875414728,842,pap_0660,,cni,116927923,parcelle_agricole,0,1,0,0,0,0,,oui,661,,,1790007298599.jpg,https://kf.kobotoolbox.org/api/v2/assets/anTGkBsJzTReb96GWVGu7k/data/875414728/attachments/attczzrcJ9GEfyy7RhC3WjHH/
0e18b615-e454-4550-80a0-f86f84733ca3,875418979,843,pap_0893,,cni,117841874,parcelle_agricole,0,1,0,0,0,0,,oui,895,,,1790066201631.jpg,https://kf.kobotoolbox.org/api/v2/assets/anTGkBsJzTReb96GWVGu7k/data/875418979/attachments/attKG7KZBzMUCbS3dfsrwakQ/
57174d22-eb23-46d0-be0a-d53eba645973,875439749,844,pap_0109,,cni,101341082,parcelle_construite,0,0,1,0,0,,,oui,110,,,1789647544199.jpg,https://kf.kobotoolbox.org/api/v2/assets/anTGkBsJzTReb96GWVGu7k/data/875439749/attachments/attDJScdiGWKGQNXrokMoi5c/
bc8e961f-5133-4807-9016-da0dc239cc90,875440092,845,pap_0120,,cni,,parcelle_agricole,0,1,0,0,0,,,oui,121,,"ERREUR NOM, ENGOLO AU LIEU DE ENGOLO",1789648677405.jpg,https://kf.kobotoolbox.org/api/v2/assets/anTGkBsJzTReb96GWVGu7k/data/875440092/attachments/attGNqfJ63s6fYA3e6Kj8ud4/
45c06295-1625-452a-9d5c-a16373c2e1ae,875440277,846,pap_0111,,cni,0005800790,parcelle_construite,0,0,1,0,0,,,oui,112,,HORS EMPRISE ,1789649772194.jpg,https://kf.kobotoolbox.org/api/v2/assets/anTGkBsJzTReb96GWVGu7k/data/875440277/attachments/att7hiGCHbNAtEUyiA4D5L6f/
40c6463e-e261-47b3-8358-bc3b1972ca20,875451843,847,pap_0118,,cni,115492904,parcelle_agricole,0,1,0,0,0,,,oui,119,,,1789651343001.jpg,https://kf.kobotoolbox.org/api/v2/assets/anTGkBsJzTReb96GWVGu7k/data/875451843/attachments/attKiUGRWEAudDViVeACpe32/
0755ca9f-05a4-4898-9fdc-a17161811c59,875467678,848,pap_0098,,cni,117509781,parcelle_agricole,0,1,0,0,0,,,oui,99,,,1789653415533.jpg,https://kf.kobotoolbox.org/api/v2/assets/anTGkBsJzTReb96GWVGu7k/data/875467678/attachments/attJGumUGR6R5KGDQWg9jhFg/
bb5e01e1-8ce4-4144-9fb3-976b6913b836,875468176,849,pap_0312,,cni,116407244,parcelle_agricole parcelle_construite,0,1,1,0,0,,,oui,313,,,1789724666579.jpg,https://kf.kobotoolbox.org/api/v2/assets/anTGkBsJzTReb96GWVGu7k/data/875468176/attachments/att5srXsJWbDotrDFzEGDgty/
7b3afd6a-51bd-4999-bfc1-5b4884f667b7,875468653,850,pap_0304,,cni,115517120,parcelle_agricole parcelle_construite,0,1,1,0,0,,,oui,305,,"CHANGEMENT DE BÉNÉFICIAIRE 
(DÉCÉDÉE) NDO PAULETTE Pour EDI'I ALEX",1789725224873.jpg,https://kf.kobotoolbox.org/api/v2/assets/anTGkBsJzTReb96GWVGu7k/data/875468653/attachments/attw7LQP8DvQKrk2ke89stnk/
d43b97ea-0c5d-48a5-97d6-76724becacc6,875485862,851,pap_0286,,cni,10821941,parcelle_construite,0,0,1,0,0,,,oui,287,,"TOMBE AMÉNAGÉE NON RECENSÉE 
2,80 m²",1789725628844.jpg,https://kf.kobotoolbox.org/api/v2/assets/anTGkBsJzTReb96GWVGu7k/data/875485862/attachments/attgQXTJ6gQrnLoGdxC4zi6f/
e7d16ba8-6bc9-41af-b306-2e42c08131e0,875486471,852,pap_0090,,cni,100883633,parcelle_construite,0,0,1,0,0,,,oui,91,,HORS EMPRISE ,1789730171027.jpg,https://kf.kobotoolbox.org/api/v2/assets/anTGkBsJzTReb96GWVGu7k/data/875486471/attachments/attPThoHFQXgXqbTXzmp6oGH/
f1446f2a-9bf5-42fd-a305-dfdc3be896b4,875486818,853,pap_0135,,cni,000631108,parcelle_agricole parcelle_construite,0,1,1,0,0,,,oui,136,,Constructions HORS EMPRISE,1789737959465.jpg,https://kf.kobotoolbox.org/api/v2/assets/anTGkBsJzTReb96GWVGu7k/data/875486818/attachments/attXoakL9zHm6twSkrBDPMw4/
503d6a99-95c8-45aa-8266-85d136e605ae,875491767,854,pap_0140,,cni,100047214,parcelle_agricole,0,1,0,0,0,,,oui,141,,"NEW PAP
-MAISON PRINCIPALE 
-L:12,70
-Lar:12
-T:152,4
Standing moyen
État : Bon
Murs:Maçonnée 
Toit :Tôle 
Sol: Ciment 


",1789818778257.jpg,https://kf.kobotoolbox.org/api/v2/assets/anTGkBsJzTReb96GWVGu7k/data/875491767/attachments/attXD9hUG52yGpYnMhjjD7xF/
e373493f-d9ac-47fd-aeba-43ce411d295b,875492186,855,pap_0139,,cni,,parcelle_agricole,0,1,0,0,0,,,oui,140,,HORS EMPRISE ,1789819647096.jpg,https://kf.kobotoolbox.org/api/v2/assets/anTGkBsJzTReb96GWVGu7k/data/875492186/attachments/attHQ2UScqahyXuZAfTHwKnt/
3401a45c-af67-4af6-bb6a-e70f29f8fe82,875492756,856,pap_0231,,cni,232,parcelle_construite,0,0,1,0,0,,,oui,232,,HORS EMPRISE ,1789820051386.jpg,https://kf.kobotoolbox.org/api/v2/assets/anTGkBsJzTReb96GWVGu7k/data/875492756/attachments/attTqh3dEKLarupebFNVdTVj/
02ba1cc7-42c9-4dc7-a3b7-2e11f77289cf,875493369,857,pap_0230,,cni,,,,,,,,,,oui,231,,HORS EMPRISE ,1789820326211.jpg,https://kf.kobotoolbox.org/api/v2/assets/anTGkBsJzTReb96GWVGu7k/data/875493369/attachments/attmWwMG7gd24wFukkvFQroL/
511c96a5-fca8-4aa8-b563-cddcbe05ec6f,875494186,858,pap_1298,,cni,,parcelle_construite,0,0,1,0,0,,,oui,360,,,1789980180692.jpg,https://kf.kobotoolbox.org/api/v2/assets/anTGkBsJzTReb96GWVGu7k/data/875494186/attachments/attWi9isVKrMacYJNvBULEjX/
2c102a39-28e8-4a6d-86e8-8e0d3a283821,875566663,859,pap_0702,,cni,115492933,parcelle_agricole,0,1,0,0,0,0,,oui,703,,,1790067646958.jpg,https://kf.kobotoolbox.org/api/v2/assets/anTGkBsJzTReb96GWVGu7k/data/875566663/attachments/attM5yZtsuMFb9dRYuMBXdtM/
ebcd551c-cfde-4479-91e3-0684147a20ab,875715073,860,pap_0263,,cni,000207193,parcelle_agricole,0,1,0,0,0,,,oui,264,,"NON RENCENSÉ
Maison principale 
L:10,70
Lar:10
T: 107 m²
-En chantier
-Dur 
-Standing moyen
",1789812230790.jpg,https://kf.kobotoolbox.org/api/v2/assets/anTGkBsJzTReb96GWVGu7k/data/875715073/attachments/attDpznU2ccr59ANmsPQJQTr/
d68ffeda-31e6-4b22-bc10-531d0a580cf9,875715772,861,pap_1341,,cni,AA18983543,parcelle_construite,0,0,1,0,0,,,oui,402,,HORS EMPRISE,1789983816739.jpg,https://kf.kobotoolbox.org/api/v2/assets/anTGkBsJzTReb96GWVGu7k/data/875715772/attachments/attF8FfjdEJ4zbAoej6fKPD7/
aa260c04-e239-477d-b27c-35bf65cca9d5,875742051,862,pap_0527,,cni,,parcelle_agricole,0,1,0,0,0,,,oui,528,,,1789990247088.jpg,https://kf.kobotoolbox.org/api/v2/assets/anTGkBsJzTReb96GWVGu7k/data/875742051/attachments/attzjAcJSHTMBSvbut5m3rtY/
752c793c-97da-4e71-ac59-177475893af8,875751724,863,pap_0809,,cni,115365538,parcelle_agricole parcelle_construite,0,1,1,0,0,0,,oui,810,,"Bénéficiaire  décédé  . AMBANE PAUL FLAVIEN

Changement  de bénéficiaire  pour EVOUNG ANTOINNE DIEUDONNE . frère  du défunt.  

La maison est hors de l´influence.seules les cultures sont impactées ",1790004056019.jpg,https://kf.kobotoolbox.org/api/v2/assets/anTGkBsJzTReb96GWVGu7k/data/875751724/attachments/attAr2uy83So3i6qKeLeYBcg/
35a08f67-80d0-4c49-899b-25721ef27ae0,875765001,864,pap_0539,,cni,1011468858,parcelle_agricole,0,1,0,0,0,,,oui,540,,,1789989341516.jpg,https://kf.kobotoolbox.org/api/v2/assets/anTGkBsJzTReb96GWVGu7k/data/875765001/attachments/attzCMdnmvQKxkULtkX8LL49/
785df135-a434-47db-ae26-fef7e79e7855,875765138,865,pap_0535,,,,parcelle_agricole,0,1,0,0,0,,,oui,536,,HORS EMPRISE ,1789989926245.jpg,https://kf.kobotoolbox.org/api/v2/assets/anTGkBsJzTReb96GWVGu7k/data/875765138/attachments/attsJjzTh33mbP9UmjQJBRex/
1aa08757-7f13-463d-93bb-b8eec98afc2c,875792001,866,pap_0700,,cni,1187772016,hors_zone_influence,0,0,0,0,0,1,,oui,701,,La maison est hors  de l´emprise ,1790068859767.jpg,https://kf.kobotoolbox.org/api/v2/assets/anTGkBsJzTReb96GWVGu7k/data/875792001/attachments/attNK7M5KQbe82tiooa2tgZV/
9e8772b8-a1aa-4434-8ae0-2e74447d97cf,875792484,867,pap_0760,,cni,111473213,parcelle_agricole,0,1,0,0,0,0,,oui,761,,,1790070152680.jpg,https://kf.kobotoolbox.org/api/v2/assets/anTGkBsJzTReb96GWVGu7k/data/875792484/attachments/attKu9dzgMTMKkKKDdg2eS9s/
1eecfeff-b60d-4f9f-b872-e4960e822a7b,875793929,868,pap_0732,,cni,100521649,parcelle_agricole,0,1,0,0,0,0,,oui,733,,,1790071844858.jpg,https://kf.kobotoolbox.org/api/v2/assets/anTGkBsJzTReb96GWVGu7k/data/875793929/attachments/attzmFnpaXiPh3YcFrPuQJtc/
2cc22cb3-922b-4590-b3af-e0b408d066cb,875794751,869,pap_0741,,cni,00031741,hors_zone_influence,0,0,0,0,0,1,,oui,742,,Hors de l´emprise,1790080168878.jpg,https://kf.kobotoolbox.org/api/v2/assets/anTGkBsJzTReb96GWVGu7k/data/875794751/attachments/attDjCaCNTkEvhaWVMVoiRYJ/
08ace202-592a-48a1-ae97-7c553ab91c97,875795626,870,pap_0917,,cni,117174286,parcelle_construite,0,0,1,0,0,0,,oui,919,,Changement de bénéficiaire  pour MENGUE ALAIN propriétaire de la boutique,1790082258880.jpg,https://kf.kobotoolbox.org/api/v2/assets/anTGkBsJzTReb96GWVGu7k/data/875795626/attachments/attcWgw45rV2Ldni36bjen3m/
65237666-d2c1-4856-8641-19cf62199431,875799794,871,pap_0932,,cni,118758728,hors_zone_influence,0,0,0,0,0,1,,oui,934,,,1790088478576.jpg,https://kf.kobotoolbox.org/api/v2/assets/anTGkBsJzTReb96GWVGu7k/data/875799794/attachments/attZrtZF7ekhqzXXtSitEiwS/
4a376fa5-0d8a-4e68-aea5-8274afaeae4d,875802464,872,pap_0786,,cni,114966830,parcelle_agricole,0,1,0,0,0,0,,oui,787,,,1790090307384.jpg,https://kf.kobotoolbox.org/api/v2/assets/anTGkBsJzTReb96GWVGu7k/data/875802464/attachments/attSmfZegvhfSZtsbm89Xyim/
c405f0de-8244-4338-baab-7f8794543568,875803116,873,pap_0600,,cni,115543624,parcelle_agricole,0,1,0,0,0,0,,oui,601,,,1790091417236.jpg,https://kf.kobotoolbox.org/api/v2/assets/anTGkBsJzTReb96GWVGu7k/data/875803116/attachments/attD6BnReYUNTypc3zEKiUJv/
b547d7ee-355c-4d53-abb6-a5b451559b74,876525174,874,pap_0617,,cni,117149003,autre,0,0,0,0,1,0,Cultures ,oui,618,,,1790157615095.jpg,https://kf.kobotoolbox.org/api/v2/assets/anTGkBsJzTReb96GWVGu7k/data/876525174/attachments/atts5khUubaM6sLevGYYa66g/
48a38c1b-e478-49f0-84c4-27c1663661a1,876525235,875,pap_0633,,cni,112628966,autre,0,0,0,0,1,0,Cultures ,oui,634,,La PAP est hors de l'emprise ,1790158938762.jpg,https://kf.kobotoolbox.org/api/v2/assets/anTGkBsJzTReb96GWVGu7k/data/876525235/attachments/attRPmsj2k2BzqcXHTeW73FV/
529bf442-ab30-43dc-9c26-60463d9ae7b2,876525280,876,pap_0620,,cni,100854991,parcelle_construite autre,0,0,1,0,1,0,Cultures,oui,621,,La PAP est hors de l'emprise,1790158296323.jpg,https://kf.kobotoolbox.org/api/v2/assets/anTGkBsJzTReb96GWVGu7k/data/876525280/attachments/attD4XqksJHsSkpHZj99qEJd/
06bc11d1-3066-481a-837d-a3c1ab27e901,876567684,877,pap_0096,,cni,100266574,parcelle_construite,0,0,1,0,0,,,oui,97,,,1790059545515.jpg,https://kf.kobotoolbox.org/api/v2/assets/anTGkBsJzTReb96GWVGu7k/data/876567684/attachments/attKCy8aAqqFR4K5n5Hre7Q2/
4cb23a6d-927d-473a-a0f9-1acd4f0ff97f,876567835,878,pap_0895,,cni,114867273,parcelle_agricole,0,1,0,0,0,,,oui,897,,,1790064520966.jpg,https://kf.kobotoolbox.org/api/v2/assets/anTGkBsJzTReb96GWVGu7k/data/876567835/attachments/attHPw8ZApQJpZP5S4PThPYu/
ddd7cd2a-b8bd-417b-8e76-0677fffff877,876567995,879,pap_0890,,cni,112810824,parcelle_agricole,0,1,0,0,0,,,oui,892,,,1790065256299.jpg,https://kf.kobotoolbox.org/api/v2/assets/anTGkBsJzTReb96GWVGu7k/data/876567995/attachments/attwaeo9hCFb6NXF84M8Z2FX/
2871c30d-1f35-44dc-9360-82d7afca1a8e,876568183,880,pap_0892,,cni,113201796,parcelle_agricole,0,1,0,0,0,,,oui,894,,,1790065571007.jpg,https://kf.kobotoolbox.org/api/v2/assets/anTGkBsJzTReb96GWVGu7k/data/876568183/attachments/att9aPiDMAjswViZwzDm3qkm/
c593f3f7-6ee9-4fca-8f3c-22f646a0724d,876568352,881,pap_0881,,cni,117342730,parcelle_agricole,0,1,0,0,0,,,oui,885,,HORS EMPRISE,1790066506116.jpg,https://kf.kobotoolbox.org/api/v2/assets/anTGkBsJzTReb96GWVGu7k/data/876568352/attachments/attDpBVTuBVBCPEs4BqCLhdg/
5eb160f5-6150-45a5-8796-0bc3bf801243,876568717,882,pap_0707,,cni,112704843,parcelle_agricole,0,1,0,0,0,,,oui,708,,"MAISON HORS EMPRISE, CULTURES DANS L'EMPRISE",1790067723029.jpg,https://kf.kobotoolbox.org/api/v2/assets/anTGkBsJzTReb96GWVGu7k/data/876568717/attachments/attV556KhJPpo6eduL9YBSFh/
7f650cd6-e9f2-47b7-9b98-21e84ba6da5d,876568892,883,pap_0716,,cni,SU01097L5LPKHBD0Z5NO,parcelle_agricole parcelle_construite infrastructure_publique,0,1,1,1,0,,,oui,717,,HORS EMPRISE ,1790069495363.jpg,https://kf.kobotoolbox.org/api/v2/assets/anTGkBsJzTReb96GWVGu7k/data/876568892/attachments/attwwJUyGqTesvh3aHcWeXZ8/
1e94005c-a16e-4b18-b548-a1283a59d583,876569052,884,pap_0704,,cni,,,,,,,,,,oui,705,,,1790069807334.jpg,https://kf.kobotoolbox.org/api/v2/assets/anTGkBsJzTReb96GWVGu7k/data/876569052/attachments/att6vkKxN4BuJ4WseN59ko4M/
e0a7ef66-c294-491f-8ef1-54715bdc2f95,876569195,885,pap_0768,,cni,CE01228L5JO8UOHGD4M3,parcelle_agricole,0,1,0,0,0,,,oui,769,,,1790071176434.jpg,https://kf.kobotoolbox.org/api/v2/assets/anTGkBsJzTReb96GWVGu7k/data/876569195/attachments/attU3RawdUFwhnnKkFnsZbjx/
d43352c7-130e-4463-8086-1fd93760bbfd,876569247,886,pap_0749,,cni,11661734,parcelle_construite,0,0,1,0,0,,,oui,750,,HORS EMPRISE,1790079078762.jpg,https://kf.kobotoolbox.org/api/v2/assets/anTGkBsJzTReb96GWVGu7k/data/876569247/attachments/attjaM9YyUX8e8gHC7Dw6Vxb/
20dedcf6-451f-4c0e-9223-e3c2d6e5c503,876569359,887,pap_0756,,cni,119168914,parcelle_agricole,0,1,0,0,0,,,oui,757,,,1790079434022.jpg,https://kf.kobotoolbox.org/api/v2/assets/anTGkBsJzTReb96GWVGu7k/data/876569359/attachments/att7vbrvsotntifYEJeVPPmF/
fc4d8f09-e4a4-47c9-a06b-0948ecb6fe8f,876569435,888,pap_0754,,cni,115439465,parcelle_agricole,0,1,0,0,0,,,oui,755,,HORS EMPRISE ,,
e7f814dd-233d-48b5-a979-53a7dab88183,876569480,889,pap_0920,,cni,118119325,parcelle_agricole parcelle_construite,0,1,1,0,0,,,oui,922,,,1790081914910.jpg,https://kf.kobotoolbox.org/api/v2/assets/anTGkBsJzTReb96GWVGu7k/data/876569480/attachments/attyQGWSR89cQaD9GZvBQDsq/
a60320b1-aac2-4f84-a3d4-9f18d070722f,876569585,890,pap_0743,,cni,112704666,parcelle_agricole,0,1,0,0,0,,,oui,743,,,1790083023403.jpg,https://kf.kobotoolbox.org/api/v2/assets/anTGkBsJzTReb96GWVGu7k/data/876569585/attachments/atttKYjE7qonSoJdorrE6hBp/
9a988bc1-1815-44d1-902c-9b74f13d97bf,876569985,891,pap_0578,,cni,115946760,parcelle_agricole,0,1,0,0,0,,,oui,579,,HORS EMPRISE ,1790092316131.jpg,https://kf.kobotoolbox.org/api/v2/assets/anTGkBsJzTReb96GWVGu7k/data/876569985/attachments/attAFXQBGYGWLCHHby2ZMMJ6/
b497a511-ebd3-4c05-bb64-bea52b12b1d7,876570078,892,pap_0150,,cni,SU01232L5LPE6CAH67E6,parcelle_construite parcelle_agricole,0,1,1,0,0,,,oui,151,,,1790148214121.jpg,https://kf.kobotoolbox.org/api/v2/assets/anTGkBsJzTReb96GWVGu7k/data/876570078/attachments/att2VCozodYnjxS8GD8QKXbR/
7a41aa94-b7c7-4ec6-8e62-cea3462dd9df,876571206,893,pap_0596,,cni,117246897,parcelle_agricole,0,1,0,0,0,,,oui,597,,CONSTRUCTION HORS EMPRISE,1790156296546.jpg,https://kf.kobotoolbox.org/api/v2/assets/anTGkBsJzTReb96GWVGu7k/data/876571206/attachments/att3cgS5uawhbhk6G2bz7Kac/
fd6a6ee2-2bb8-4e67-971c-d816079753b7,876571308,894,pap_0625,,cni,116986191,parcelle_agricole,0,1,0,0,0,,,oui,626,,,1790157399061.jpg,https://kf.kobotoolbox.org/api/v2/assets/anTGkBsJzTReb96GWVGu7k/data/876571308/attachments/attAnH3ywLzZyR7EhDdFsa63/
263a0a73-b494-4485-90fa-8626d4d3f916,876571404,895,pap_0632,,cni,110003683,parcelle_agricole,0,1,0,0,0,,,oui,633,,,1790157598773.jpg,https://kf.kobotoolbox.org/api/v2/assets/anTGkBsJzTReb96GWVGu7k/data/876571404/attachments/attAZa9DeX826JQJUj56fDbj/
87a9021b-fb6d-4324-bfbb-cca2d45e883c,876571487,896,pap_0622,,cni,118777061,parcelle_agricole,0,1,0,0,0,,,oui,623,,,1790158296126.jpg,https://kf.kobotoolbox.org/api/v2/assets/anTGkBsJzTReb96GWVGu7k/data/876571487/attachments/attJSkyeYw6yMxm59xivjkMr/
6b3b59ac-72ed-4771-a5a5-1452cb26a0c4,876572171,897,pap_0604,,cni,SU01097L5JO3LWL8XF51,parcelle_agricole parcelle_construite,0,1,1,0,0,,,oui,605,,,1790162491706.jpg,https://kf.kobotoolbox.org/api/v2/assets/anTGkBsJzTReb96GWVGu7k/data/876572171/attachments/att5PtrzLEK8YGAKp3qxNFmS/
b1462663-4649-4ead-bec1-f8a7eabbb057,876572232,898,pap_0509,,cni,115508351,parcelle_agricole,0,1,0,0,0,,,oui,510,,,1790166940519.jpg,https://kf.kobotoolbox.org/api/v2/assets/anTGkBsJzTReb96GWVGu7k/data/876572232/attachments/attnyKceS7vkp3CtQpEwttyw/
64c76cc1-879d-4822-aeaa-a445a99b4575,876572617,899,pap_0857,,cni,115515005,parcelle_agricole parcelle_construite,0,1,1,0,0,,,oui,858,,HORS EMPRISE ,1790176121203.jpg,https://kf.kobotoolbox.org/api/v2/assets/anTGkBsJzTReb96GWVGu7k/data/876572617/attachments/attAct9nc8nzzRVpGm99g8XD/
36a3ed74-ae0e-48c4-b9ce-2af21235b25d,876573383,900,pap_0865,,cni,SU17512L5LWNU8J7KA85,parcelle_agricole,0,1,0,0,0,,,oui,867,,HORS EMPRISE,1790177386984.jpg,https://kf.kobotoolbox.org/api/v2/assets/anTGkBsJzTReb96GWVGu7k/data/876573383/attachments/attJaE3SGwGFcyRAZkthi6Ej/
215b8d65-92f0-4841-a3f8-4bff685cd529,876580547,901,pap_0682,,cni,100629759,parcelle_construite,0,0,1,0,0,,,oui,683,,,1790181037721.jpg,https://kf.kobotoolbox.org/api/v2/assets/anTGkBsJzTReb96GWVGu7k/data/876580547/attachments/attJ2TAmoU5q2WaAjCwagHwb/
d0c3811a-be2c-4a26-b795-9f2e4e410fee,876587489,902,pap_0364,,cni,100051323,hors_zone_influence,0,0,0,0,0,1,,oui,365,,,1790154149511.jpg,https://kf.kobotoolbox.org/api/v2/assets/anTGkBsJzTReb96GWVGu7k/data/876587489/attachments/attnMGshdJEApVv2DgoLjWAx/
0d9b4be7-9116-4d78-9356-6654aa0d75a7,876588105,903,pap_0597,,cni,SU01097L5LP99YYJ6MF0,hors_zone_influence,0,0,0,0,0,1,,oui,598,,,,
cf9eee02-e80c-4a8c-b26c-d28e625383f8,876588792,904,pap_0623,,cni,SU175L2L5JO7LOUR2E35,hors_zone_influence,0,0,0,0,0,1,,oui,624,,PAP non-disponible et Hors Emprise. La signature est celle du notable,1790159552680.jpg,https://kf.kobotoolbox.org/api/v2/assets/anTGkBsJzTReb96GWVGu7k/data/876588792/attachments/attEbXYpFhgTURjuLY3sUr2T/
d1055938-91f5-4147-bdbe-06397645e5e2,876589209,905,pap_0630,,cni,107857105,parcelle_agricole parcelle_construite,0,1,1,0,0,0,,oui,631,,"Une Cloture, Les Cultures et la boutique sont desormais impactés. 

Cloture ( Construite en Carreaux) : 49.6 metres quarés
Boutique:
Longeur: 4.75
Largeur: 7.50
Metre quaré: 35.627
Standing: Semi-definitif
Sol: Cimenté 
Mur: Planche 
Tôiture: Tole

Cultures:
115 Palmiers adultes 
1 Citronier adulte

",1790165594477.jpg,https://kf.kobotoolbox.org/api/v2/assets/anTGkBsJzTReb96GWVGu7k/data/876589209/attachments/att6WKaUrTfcoyc9tNddkLE4/
ccab47a5-560b-4a72-94e5-6fee88848ddc,876590358,906,pap_0634,,cni,116826345,parcelle_agricole parcelle_construite,0,1,1,0,0,0,,oui,635,,"La Maison est desormais impacté.
Longeur: 10.50m
Largeur: 8.40m
Superficie: 88.2m

Maison principale 

Standing: Semi definitif 
Residentielle 
Sol: Banco
Mur: Maconné 
Tôiture: Tôle",1790169883585.jpg,https://kf.kobotoolbox.org/api/v2/assets/anTGkBsJzTReb96GWVGu7k/data/876590358/attachments/attuxZAj2SbUTqJYgt5t5Kfp/
84afb442-087f-4c54-8954-50a6490ebae7,876590443,907,pap_0698,,cni,SU01097L5JO8TRWPS641,parcelle_agricole,0,1,0,0,0,0,,oui,699,,PAP non disponible. Signature et photo de son Epouse ,1790179023318.jpg,https://kf.kobotoolbox.org/api/v2/assets/anTGkBsJzTReb96GWVGu7k/data/876590443/attachments/atthF4RTNti6BoDQQq85hXcy/
85a64c49-61ee-49f9-aa4e-802f33bbdb5d,876590534,908,pap_0694,,cni,118348953,parcelle_agricole,0,1,0,0,0,0,,oui,692,,,1790180129204.jpg,https://kf.kobotoolbox.org/api/v2/assets/anTGkBsJzTReb96GWVGu7k/data/876590534/attachments/attfdXP2Bkq6tt7ETzSQ635d/
831efddd-f9b2-471f-8eb3-409a08157140,876590642,909,pap_0469,,cni,100016021,parcelle_agricole,0,1,0,0,0,0,,oui,470,,PAP non-disponible. Signature et photo de sa belle fille (delegué par le PAP pour le representé),1790181382194.jpg,https://kf.kobotoolbox.org/api/v2/assets/anTGkBsJzTReb96GWVGu7k/data/876590642/attachments/attAXcF8cpZpER8tC9RB6Ui4/
4d21a733-147a-40a7-a457-0b05b2b8764c,876590718,910,pap_0467,,cni,117308786,parcelle_agricole,0,1,0,0,0,0,,oui,468,,,1790181720267.jpg,https://kf.kobotoolbox.org/api/v2/assets/anTGkBsJzTReb96GWVGu7k/data/876590718/attachments/atthXtrFZbCymGhj7hvhYwDJ/
e6b7a6b8-e554-43c9-8190-a91cb21e3574,876595461,911,pap_0649,,cni,100854991,parcelle_agricole,0,1,0,0,0,0,,oui,650,,PAP non disponible. Signature et photo du Chèf,1790168625855.jpg,https://kf.kobotoolbox.org/api/v2/assets/anTGkBsJzTReb96GWVGu7k/data/876595461/attachments/attsfCdwPVkscqW6MEX5X3UR/
0b7fe1a2-2688-432f-b1ae-82c29442fcb6,876692337,912,pap_0506,,cni,112542466,autre,0,0,0,0,1,0,Cultures ,oui,507,,,1790165053427.jpg,https://kf.kobotoolbox.org/api/v2/assets/anTGkBsJzTReb96GWVGu7k/data/876692337/attachments/attmTWoFz8jpdttcqb7GMqfm/
64e9ba6e-6db8-4e41-9260-1c926cfa5c25,876692375,913,pap_0525,,cni,110003574,autre,0,0,0,0,1,0,Cultures ,oui,526,,La PAP est décédée et sera remplacée par son ayant droits ,1790167866319.jpg,https://kf.kobotoolbox.org/api/v2/assets/anTGkBsJzTReb96GWVGu7k/data/876692375/attachments/attpfGa9mJHKHGfzUMmHUHkj/
985290bd-e20c-418a-8ccf-a5284ed66975,876692424,914,pap_0515,,cni,SU01232L5LPGRLVLCM5,autre,0,0,0,0,1,0,Cultures ,oui,516,,La PAP est hors de l'emprise ,1790168175317.jpg,https://kf.kobotoolbox.org/api/v2/assets/anTGkBsJzTReb96GWVGu7k/data/876692424/attachments/atteTN73rpw2wBmJJri7iDvP/
9bf5a47a-7fdf-4bf1-818e-fa476083ce38,876692450,915,pap_0872,,cni,118759489,parcelle_construite,0,0,1,0,0,0,,oui,874,,La PAP est hors de l'emprise ,1790176373029.jpg,https://kf.kobotoolbox.org/api/v2/assets/anTGkBsJzTReb96GWVGu7k/data/876692450/attachments/attQx8ppkicy6R7zo5rw4aMA/
509687f3-38de-4547-943f-60999de81f72,876692475,916,pap_0859,,cni,118759489,autre,0,0,0,0,1,0,Cultures ,oui,860,,La PAP est hors de l'emprise ,1790176597925.jpg,https://kf.kobotoolbox.org/api/v2/assets/anTGkBsJzTReb96GWVGu7k/data/876692475/attachments/attYVTazGor4GRNw3iHUcyKJ/
8f734cb5-e033-4626-bea5-781e2ba84949,876692491,917,pap_0862,,cni,112628784,autre,0,0,0,0,1,0,Cultures ,oui,863,,La PAP est décédée et sera remplacée par sa veuve ,1790177949756.jpg,https://kf.kobotoolbox.org/api/v2/assets/anTGkBsJzTReb96GWVGu7k/data/876692491/attachments/attUrxfjtmngVehaZudLo7Jx/
6a5cf4e7-80ef-4ca4-9521-cc9ffc8f9bb6,876692521,918,pap_0471,,cni,114429467,autre,0,0,0,0,1,0,Cultures ,oui,472,,,1790180594043.jpg,https://kf.kobotoolbox.org/api/v2/assets/anTGkBsJzTReb96GWVGu7k/data/876692521/attachments/attUeU2ckhLQ3kAcneM6qYAZ/
41a4af9e-aca0-426f-a55c-f2a1fdbfdb87,876758740,919,pap_0621,,cni,SU01232LZYCNOOKE70,parcelle_agricole,0,1,0,0,0,0,,oui,622,,,1790159519165.jpg,https://kf.kobotoolbox.org/api/v2/assets/anTGkBsJzTReb96GWVGu7k/data/876758740/attachments/atthd3dJszyNVm8i7Nu8jkZD/
4b7b4a5b-cac2-4bfe-900b-94061a4fcb74,877484464,920,pap_1210,,cni,111804792,autre,0,0,0,0,1,0,Cultures,oui,272,,,1790141473165.jpg,https://kf.kobotoolbox.org/api/v2/assets/anTGkBsJzTReb96GWVGu7k/data/877484464/attachments/attRTEikg6jJvtQ24z55pm2X/
6677e8c5-02cd-47fc-95ca-c3bb40582e4b,877485770,921,pap_1238,,cni,SU03068I5IPGML745754,autre,0,0,0,0,1,0,Cultures,oui,300,,PAP absente Rep par la femme de son fils NNA MONJENGUE Jean Marc appelé ABOMO MEVA'A Friquette,1790259388960.jpg,https://kf.kobotoolbox.org/api/v2/assets/anTGkBsJzTReb96GWVGu7k/data/877485770/attachments/attrRWWmFJqfvSg4ZJ7c8DBm/
8cedefa8-40a5-438b-8a60-8f800365844e,877803374,922,pap_0237,,cni,115752597,hors_zone_influence,0,0,0,0,0,1,,oui,238,,,,
44281347-76b7-4377-ba53-0c64fe8a385d,877803423,923,pap_0206,,cni,114395224,hors_zone_influence,0,0,0,0,0,1,,oui,207,,,1790241855502.jpg,https://kf.kobotoolbox.org/api/v2/assets/anTGkBsJzTReb96GWVGu7k/data/877803423/attachments/attbxtoxBL9SJENt3GxXfi79/
b556f340-474a-4c58-a012-e30cbb8d8ea1,877803455,924,pap_0149,,cni,SU01232L5LWQ4P00494,parcelle_agricole,0,1,0,0,0,0,,oui,150,,,1790242126911.jpg,https://kf.kobotoolbox.org/api/v2/assets/anTGkBsJzTReb96GWVGu7k/data/877803455/attachments/attCZNCLJLDH4BbFcrmbd5TE/
7a0c2e54-33ab-4859-a6cb-46380bca99e2,877803574,925,pap_0221,,cni,SU17512I5J060PZ5U41,parcelle_construite,0,0,1,0,0,0,,oui,,,PAP non-disponible/ hors emprise,,
438fdc5b-ea0c-40c6-b06c-cc9b2421aee4,877803611,926,pap_0170,,cni,SU01232L5LZYGQKHVV02,parcelle_agricole,0,1,0,0,0,0,,oui,171,,,1790243078871.jpg,https://kf.kobotoolbox.org/api/v2/assets/anTGkBsJzTReb96GWVGu7k/data/877803611/attachments/attGGeBr6X3Ra4wbFNSVKoYE/
3a247ca3-18ba-4a33-a0e2-d5710ccde345,877803642,927,pap_0144,,cni,100267664,hors_zone_influence,0,0,0,0,0,1,,oui,145,,,,
29e641c0-472f-47d1-ba53-0d844f31144c,877803749,928,pap_0139,,cni,20200092405410900,parcelle_agricole,0,1,0,0,0,0,,oui,140,,PAP refractère/Hors emprise ,,
1dfe084a-428a-4267-9888-10303b07ade0,877803787,929,pap_0230,,cni,116901487,hors_zone_influence,0,0,0,0,0,1,,oui,231,,,1790244037754.jpg,https://kf.kobotoolbox.org/api/v2/assets/anTGkBsJzTReb96GWVGu7k/data/877803787/attachments/attCnoDhdVDRQSWZz99Z5BoX/
f67f790b-93e0-4ba9-815b-2d1478f38377,877803822,930,pap_0231,,cni,104838764,hors_zone_influence,0,0,0,0,0,1,,oui,232,,,1790244339629.jpg,https://kf.kobotoolbox.org/api/v2/assets/anTGkBsJzTReb96GWVGu7k/data/877803822/attachments/attiVPRi6Uajbkhn4X9X8k98/
1d707e13-7c0d-4ee1-95c4-8f264a5076cf,877803856,931,pap_0161,,cni,20210065363810982,parcelle_agricole,0,1,0,0,0,0,,oui,182,,"Plusieurs cultures sont desormais impactés. 
58 pieds de Cacao jeunes
38 bananiers adultes 
3 Palmiers adultes 
PAP non-disponible. La signature et photo sont celles de sont Uncle 
",1790246123019.jpg,https://kf.kobotoolbox.org/api/v2/assets/anTGkBsJzTReb96GWVGu7k/data/877803856/attachments/attFf2ERvf2rmix4iELFp5U7/
29d4f906-ca83-4d30-9b3e-c69b9e69bd2d,877803926,932,pap_0238,,cni,117247326,parcelle_agricole,0,1,0,0,0,0,,oui,239,,Decès du beneficiare. Signature et Photo par un membre de la famille. Requète bientôt en cour pour changement de beneficiare ,1790247845294.jpg,https://kf.kobotoolbox.org/api/v2/assets/anTGkBsJzTReb96GWVGu7k/data/877803926/attachments/atttuMSqNqvBCfAzzH8ipaw4/
764c8d6f-5b9c-45e2-9233-75938e53db70,877803967,933,pap_0195,,cni,117342575,parcelle_agricole parcelle_construite,0,1,1,0,0,0,,oui,196,,"Les batis sont desormais impactés. 

Superficie totale: 107.22metres quaré
Standing: Ordinaire

Maison principale 
Longeur: 9m
Largeur: 8.50m
Superficie: 76.5metres Quaré 

Sol: Cimenté 
Mur: Maconné 
Tôiture: Tôle
Residentielle 

Cuisine( standing ordinaire)
-Longeur: 6.40m
-Largeur: 4.80m
Superficie: 30.72metres quaré 

Sol: Cimenté 
Mur: Maconné 
Tôiture: Tôle 
",1790249077692.jpg,https://kf.kobotoolbox.org/api/v2/assets/anTGkBsJzTReb96GWVGu7k/data/877803967/attachments/attT3pFV2rvLr8R8So6Lqaz4/
fcce1dd0-e462-407a-9960-d888a88ea570,877804002,934,pap_0129,,cni,1086790409,parcelle_agricole,0,1,0,0,0,0,,oui,130,,,1790249682557.jpg,https://kf.kobotoolbox.org/api/v2/assets/anTGkBsJzTReb96GWVGu7k/data/877804002/attachments/attwj2geGU7VdWoh4eHeUjZX/
ac3c7851-b7c6-47a2-b143-e6024f84a26d,877804043,935,pap_0229,,cni,116985170,parcelle_agricole,0,1,0,0,0,0,,oui,230,,Le nom s'ecrit Oba'a Jean Mark et non Oba'a Jean Marie,1790251707273.jpg,https://kf.kobotoolbox.org/api/v2/assets/anTGkBsJzTReb96GWVGu7k/data/877804043/attachments/attgYP3WLfoDq37RpSh2dKgW/
e564041d-5e7b-49a6-b364-2fb3a2e18b3d,877804255,936,pap_0011,,cni,115004778,parcelle_agricole parcelle_construite,0,1,1,0,0,0,,oui,12,,,1790255102443.jpg,https://kf.kobotoolbox.org/api/v2/assets/anTGkBsJzTReb96GWVGu7k/data/877804255/attachments/attiyQCsF9XfBpZWnZC89rgf/
42284ff3-6506-489a-a1d7-cd06b98cc92e,877804505,937,pap_0072,,cni,101585081,parcelle_agricole,0,1,0,0,0,0,,oui,73,,,1790257825037.jpg,https://kf.kobotoolbox.org/api/v2/assets/anTGkBsJzTReb96GWVGu7k/data/877804505/attachments/atttM48kA634ns2dpxg3NEuM/
eb695bfd-7837-4af2-a5ba-cef518753f88,877804548,938,pap_0001,,cni,115006772,parcelle_agricole parcelle_construite,0,1,1,0,0,0,,oui,2,,"La boutique est desormais impacté. 
Boutique 
Longeur : 7m
Largeur 3.5m
Superficie : 24.5metres Quaré
Standing: Provisoire

Mur: Planche
Sol: Banco
Tôiture: Tôle",1790260952957.jpg,https://kf.kobotoolbox.org/api/v2/assets/anTGkBsJzTReb96GWVGu7k/data/877804548/attachments/attEPAqsfmEaQC7CyFSj56ST/
cdb42a88-2409-4c3b-8014-4b1f174f9304,877804591,939,pap_0048,,cni,103731175,parcelle_agricole parcelle_construite,0,1,1,0,0,0,,oui,49,,"La cuisine est desormais impacté
Cuisine 
Standing: Semi definitif 
Longeur:8m
Largeur:7.70m
Superficie: 61.6metres quaré

Sol: Banco
Mur: Planche
Tôiture: Tôle 

",1790262244394.jpg,https://kf.kobotoolbox.org/api/v2/assets/anTGkBsJzTReb96GWVGu7k/data/877804591/attachments/attuFf5ZjcRcZbnhtRCvDiUE/
f2b231c0-8a0f-4783-bea5-012ed78e448d,877804645,940,pap_0047,,cni,117246812,hors_zone_influence,0,0,0,0,0,1,,oui,48,,,1790262340449.jpg,https://kf.kobotoolbox.org/api/v2/assets/anTGkBsJzTReb96GWVGu7k/data/877804645/attachments/attLJqn7URGmJP5GdtmBJmjY/
92211b29-e22f-4cfd-a5c9-78d9ff778f9c,877804688,941,pap_0064,,cni,116952872,parcelle_agricole,0,1,0,0,0,0,,oui,65,,Le nom c'est Nko'o Evina et non Nko'o Evina Paulin,1790262665145.jpg,https://kf.kobotoolbox.org/api/v2/assets/anTGkBsJzTReb96GWVGu7k/data/877804688/attachments/attVASnzSBFFBz6Nqq7kR9Tt/
af33b1a8-6c47-440c-b969-0dd4a79b187e,878005522,942,pap_0192,,cni,201700126236620900,parcelle_agricole parcelle_construite,0,1,1,0,0,,,oui,191,,HORS EMPRISE,,
3d9b22f9-e8a1-4f7e-96f9-abd93714f37f,878144343,943,pap_0631,,cni,118777463,parcelle_agricole parcelle_construite,0,1,1,0,0,0,,oui,632,,"Il y a désormais des tombes bien aménagées dans l'emprise du projet. Elle mesure 4,5 mètres carrés.",1790157352186.jpg,https://kf.kobotoolbox.org/api/v2/assets/anTGkBsJzTReb96GWVGu7k/data/878144343/attachments/attq2XufQcG6ipAGmAeRHTfi/
9ca7e93b-542b-4504-8656-1f48f98713b0,878148137,944,pap_0648,,cni,115508349,parcelle_construite,0,0,1,0,0,0,,oui,649,,,1790167069586.jpg,https://kf.kobotoolbox.org/api/v2/assets/anTGkBsJzTReb96GWVGu7k/data/878148137/attachments/attmTvf8qwQPucy9p7Vwfppu/
09ee77ca-d3c1-4861-84d5-40501260c99c,878148288,945,pap_0867,,cni,112625785,parcelle_agricole,0,1,0,0,0,0,,oui,869,,,1790177292223.jpg,https://kf.kobotoolbox.org/api/v2/assets/anTGkBsJzTReb96GWVGu7k/data/878148288/attachments/attDaZSeNFdkUWMkfuDSiUCZ/
7861e3f8-1fea-4d7e-88f4-50835260f33d,878148391,946,pap_0689,,cni,115508384,parcelle_agricole,0,1,0,0,0,0,,oui,690,,,1790179259557.jpg,https://kf.kobotoolbox.org/api/v2/assets/anTGkBsJzTReb96GWVGu7k/data/878148391/attachments/attqBrzog8h44FVjAmHKmNZa/
697478ad-7959-473f-82ef-63cf0a3dfcac,878148544,947,pap_0694,,cni,112248658,parcelle_agricole,0,1,0,0,0,0,,oui,699,,Bénéficiaire  décédé  .,1790179545357.jpg,https://kf.kobotoolbox.org/api/v2/assets/anTGkBsJzTReb96GWVGu7k/data/878148544/attachments/attHfDsF4KyWNbrRoAKQVC3E/
693226b3-2ee4-44f4-b9db-ec399bccfbbb,878148920,948,pap_0164,,cni,20216010143510992,hors_zone_influence,0,0,0,0,0,1,,oui,165,,Hors emprise,1790239547669.jpg,https://kf.kobotoolbox.org/api/v2/assets/anTGkBsJzTReb96GWVGu7k/data/878148920/attachments/attGo6LhjeVgtWdjgnCE4Q4q/
c3fed9a9-9f76-409d-bac2-da2ee5fe4399,878149015,949,pap_0151,,cni,SUO12322L5LPE6UONEUL1,parcelle_agricole,0,1,0,0,0,0,,oui,152,,,1790247326234.jpg,https://kf.kobotoolbox.org/api/v2/assets/anTGkBsJzTReb96GWVGu7k/data/878149015/attachments/attj6LS6E3WAxo6R89DDYQuS/
49a92f3d-0df8-4b96-949e-05d5d4fb8762,878149121,950,pap_0145,,cni,116901122,hors_zone_influence,0,0,0,0,0,1,,oui,146,,,,
c1500184-5af9-4549-b261-96b3ce3b2c6c,878149221,951,pap_0186,,cni,115333150,hors_zone_influence,0,0,0,0,0,1,,oui,187,,,1790248461983.jpg,https://kf.kobotoolbox.org/api/v2/assets/anTGkBsJzTReb96GWVGu7k/data/878149221/attachments/att3WphDRPer5jP6oMdbHoTq/
41d6b376-3fd7-42c8-9b79-4f64f8c8fb8b,878166331,952,pap_0134,,cni,113197874,parcelle_agricole,0,1,0,0,0,0,,oui,135,,,1790249756219.jpg,https://kf.kobotoolbox.org/api/v2/assets/anTGkBsJzTReb96GWVGu7k/data/878166331/attachments/attYBuvKuDGDDkGqTfjKrMrg/
0b134574-937c-4c9b-86b2-15941bf8abaf,878166713,953,pap_0196,,cni,115480613,parcelle_agricole,0,1,0,0,0,0,,oui,197,,,1790250468460.jpg,https://kf.kobotoolbox.org/api/v2/assets/anTGkBsJzTReb96GWVGu7k/data/878166713/attachments/attnhyjoG3zYWXhMYxEAWChH/
65ad5078-ef31-4211-861d-607144c98b41,878166908,954,pap_0219,,cni,SU01097L5LZX6DL02303,parcelle_agricole,0,1,0,0,0,0,,oui,220,,,1790251112777.jpg,https://kf.kobotoolbox.org/api/v2/assets/anTGkBsJzTReb96GWVGu7k/data/878166908/attachments/att3rKCtb8MYggmNt56jzfnK/
edd4a00f-b6a6-4ab7-87c0-e84b6b0c38bf,878167317,955,pap_0076,,cni,116286914,parcelle_agricole,0,1,0,0,0,0,,oui,77,,,1790255117550.jpg,https://kf.kobotoolbox.org/api/v2/assets/anTGkBsJzTReb96GWVGu7k/data/878167317/attachments/attZjXCrNwuKkBtJiFADnagU/
216067fc-88b1-4692-bba9-92cad581fb34,878167675,956,pap_0036,,cni,116286914,parcelle_construite,0,0,1,0,0,0,,oui,37,,,1790255435392.jpg,https://kf.kobotoolbox.org/api/v2/assets/anTGkBsJzTReb96GWVGu7k/data/878167675/attachments/attS7KTXsz22xkF2DbUAvnVW/
74d9c2da-f035-4367-811a-83ebc30342a6,878171083,957,pap_0050,,cni,118121356,parcelle_agricole,0,1,0,0,0,0,,oui,51,,,1790322580576.jpg,https://kf.kobotoolbox.org/api/v2/assets/anTGkBsJzTReb96GWVGu7k/data/878171083/attachments/att4ovMDMPynsaCqu4KktmxK/
f464aae0-eea0-44ee-8065-f00b704e9946,878175852,958,pap_0035,,cni,115498233,parcelle_construite,0,0,1,0,0,0,,oui,36,,Le nom c´est MEDJO ABEL  RODRIGUE  et non MVONDO MEDJO ABEL,1790330202035.jpg,https://kf.kobotoolbox.org/api/v2/assets/anTGkBsJzTReb96GWVGu7k/data/878175852/attachments/attJKN6CaLxZuBaj7AEBUvyB/
d6a08057-fc23-473b-a4fd-129b80d5c670,878176404,959,pap_0042,,cni,111950373,hors_zone_influence,0,0,0,0,0,1,,oui,43,,Hors emprise ,1790332302083.jpg,https://kf.kobotoolbox.org/api/v2/assets/anTGkBsJzTReb96GWVGu7k/data/878176404/attachments/attPiScNRuPPuUQbRVWAPPhJ/
6d9514ac-dbd8-4a71-930c-89c3d625abf6,878176679,960,pap_0084,,cni,101207953,parcelle_agricole,0,1,0,0,0,0,,oui,84,,,1790332548219.jpg,https://kf.kobotoolbox.org/api/v2/assets/anTGkBsJzTReb96GWVGu7k/data/878176679/attachments/attAUFsbbWxTwCizEDQPMp6t/
7f148325-b1a4-4593-8e06-acb696198311,878429605,961,pap_0012,,cni,115543905,parcelle_agricole parcelle_construite,0,1,1,0,0,0,,oui,13,,,1790336799285.jpg,https://kf.kobotoolbox.org/api/v2/assets/anTGkBsJzTReb96GWVGu7k/data/878429605/attachments/attpisx9McpxPY5yJQbstzvb/
20b69453-79d3-4060-87c4-0e0cad2ca06b,878429830,962,pap_0006,,cni,116924673,parcelle_agricole,0,1,0,0,0,0,,oui,7,,,1790338059455.jpg,https://kf.kobotoolbox.org/api/v2/assets/anTGkBsJzTReb96GWVGu7k/data/878429830/attachments/attDsx2KdCuuaHKn2EZTUCXT/
b64ec6d8-4258-4ab5-81ef-affc59d73e5c,878429885,963,pap_0046,,cni,SU01222I5LZW1H9UX6H1,parcelle_agricole parcelle_construite,0,1,1,0,0,0,,oui,47,,,1790338826653.jpg,https://kf.kobotoolbox.org/api/v2/assets/anTGkBsJzTReb96GWVGu7k/data/878429885/attachments/attxaos4iNR3pE5RW4Rkj4rh/
ef2ab516-f846-4afc-96e4-4ab7e7d38761,878429954,964,pap_0041,,cni,116172588,parcelle_construite,0,0,1,0,0,0,,oui,42,,,1790342568108.jpg,https://kf.kobotoolbox.org/api/v2/assets/anTGkBsJzTReb96GWVGu7k/data/878429954/attachments/attKkBaNApCd8CR6wPXFpVTZ/
661e5ef9-ea4e-4e9e-a331-cb7fe49caae9,878430010,965,pap_0009,,cni,SU17512I5J063GTZ6J86,parcelle_construite,0,0,1,0,0,0,,oui,10,,,1790342867439.jpg,https://kf.kobotoolbox.org/api/v2/assets/anTGkBsJzTReb96GWVGu7k/data/878430010/attachments/attL4haaNqdaMvHVNvYTwk3e/
12c8be28-7147-4d4a-a712-c3d8a986d483,878430085,966,pap_0070,,cni,SU17512I5J08TB607E96,parcelle_construite,0,0,1,0,0,0,,oui,71,,,1790343787166.jpg,https://kf.kobotoolbox.org/api/v2/assets/anTGkBsJzTReb96GWVGu7k/data/878430085/attachments/att3KUpUz4JeRiA8jmTN8rb5/
ffc8adb5-03d8-4f84-a5a6-87f3fb554057,878430528,967,pap_0027,,cni,100884734,hors_zone_influence,0,0,0,0,0,1,,oui,28,,Hors emprise,1790345625704.jpg,https://kf.kobotoolbox.org/api/v2/assets/anTGkBsJzTReb96GWVGu7k/data/878430528/attachments/attBJ7DVJoqihJHAfW6PEkma/
25100a46-229c-404f-baa9-790e30401d25,878430576,968,pap_0028,,cni,SU01232I5J00YC6XACX5,parcelle_construite,0,0,1,0,0,0,,oui,29,,,1790346033494.jpg,https://kf.kobotoolbox.org/api/v2/assets/anTGkBsJzTReb96GWVGu7k/data/878430576/attachments/attGNw3cfHisjytGohoCVCYX/
8da59daf-2ade-4f1b-bfc0-ad12b3bbb02e,878430633,969,pap_0082,,cni,SU01232I5J00YC6XACX5,parcelle_construite,0,0,1,0,0,0,,oui,83,,,1790346349557.jpg,https://kf.kobotoolbox.org/api/v2/assets/anTGkBsJzTReb96GWVGu7k/data/878430633/attachments/attkdk7ToJirDtdxiRrTG6Ty/
54414967-502c-4186-9e4c-288a00ae2499,878430710,970,pap_0024,,cni,100110527,hors_zone_influence,0,0,0,0,0,1,,oui,25,,Hors emprise,1790347817834.jpg,https://kf.kobotoolbox.org/api/v2/assets/anTGkBsJzTReb96GWVGu7k/data/878430710/attachments/attvSmn9iQ36mSfwZp2yxETC/
8f9a04d4-5c83-4148-9f9e-17720a8a13d3,878430774,971,pap_0032,,cni,100505667,parcelle_construite,0,0,1,0,0,0,,oui,33,,,1790348345576.jpg,https://kf.kobotoolbox.org/api/v2/assets/anTGkBsJzTReb96GWVGu7k/data/878430774/attachments/attzJDGRwzYTurc3cDf38iwp/
35648735-ace1-48c0-8516-9a748cdf004a,878430879,972,pap_0023,,cni,116825946,parcelle_agricole parcelle_construite,0,1,1,0,0,0,,oui,24,,,1790348951580.jpg,https://kf.kobotoolbox.org/api/v2/assets/anTGkBsJzTReb96GWVGu7k/data/878430879/attachments/attD9SnEXWVbhpv9aFYXwL64/
302596ee-2ea5-49a3-ba1c-2f67c5f14d50,878458889,973,pap_0217,,cni,101234566,parcelle_agricole parcelle_construite,0,1,1,0,0,,,oui,218,,,,
36f7fd93-3c24-47ab-a495-5c0ae0c2b932,878459144,974,pap_0160,,cni,2019039935011992,parcelle_agricole parcelle_construite,0,1,1,0,0,,,oui,161,,Hors emprise ,1790239707095.jpg,https://kf.kobotoolbox.org/api/v2/assets/anTGkBsJzTReb96GWVGu7k/data/878459144/attachments/attL3DP3a8NyQDL8r5CytxwU/
a91ceeda-a4a3-41fe-8a6a-6ec3ec4960fa,878459354,975,pap_0061,,cni,SU1232L5L22M3LK5X61,hors_zone_influence,0,0,0,0,0,1,,oui,62,,,1790324217003.jpg,https://kf.kobotoolbox.org/api/v2/assets/anTGkBsJzTReb96GWVGu7k/data/878459354/attachments/attCDLQAQ5XVbv53CTRf4kf7/
73a1fa2e-a5e8-46e5-8651-ff7fde1fb1a6,878459519,976,pap_0000,,cni,117841586,hors_zone_influence,0,0,0,0,0,1,,oui,1,,,1790327959727.jpg,https://kf.kobotoolbox.org/api/v2/assets/anTGkBsJzTReb96GWVGu7k/data/878459519/attachments/atttfhECscABBKHtqvdZ9eAK/
2f123fa4-3c8a-4c65-a224-081e216db44d,878459545,977,pap_0034,,cni,115498233,parcelle_agricole,0,1,0,0,0,0,,oui,35,,,1790330277758.jpg,https://kf.kobotoolbox.org/api/v2/assets/anTGkBsJzTReb96GWVGu7k/data/878459545/attachments/attrfufBAKYQhrmciXS3eoAz/
ce1bc2e2-4571-41c3-aa46-8feb8428ea78,878459664,978,pap_0085,,cni,000452219,parcelle_construite,0,0,1,0,0,0,,oui,86,,,1790336801158.jpg,https://kf.kobotoolbox.org/api/v2/assets/anTGkBsJzTReb96GWVGu7k/data/878459664/attachments/attf9xTRHY8CTrveJAfC3BMS/
0cdf9b29-42cf-483d-a766-48de1183e4da,878459704,979,pap_0066,,cni,1161500555,parcelle_construite,0,0,1,0,0,0,,oui,67,,,1790338762999.jpg,https://kf.kobotoolbox.org/api/v2/assets/anTGkBsJzTReb96GWVGu7k/data/878459704/attachments/attm5tsEBNYxcUqXJ2bEZ9Wr/
42e3dace-db45-42ac-aacb-48e6b04f76be,878459748,980,pap_0013,,cni,20190065166620900,parcelle_agricole,0,1,0,0,0,0,,oui,14,,,1790339393219.jpg,https://kf.kobotoolbox.org/api/v2/assets/anTGkBsJzTReb96GWVGu7k/data/878459748/attachments/attX3tnUAmHxCGDVQyNHSbAx/
1e2289c9-a062-4a09-a600-6d79165954ec,878459783,981,pap_0014,,cni,101901817,parcelle_construite,0,0,1,0,0,0,,oui,15,,PAP Souffrante. La photo et signature sont celle de sont epoux,1790339770827.jpg,https://kf.kobotoolbox.org/api/v2/assets/anTGkBsJzTReb96GWVGu7k/data/878459783/attachments/attcnAYT8NSDgdRGexWRmCug/
1fa293f0-e3a2-45c7-b700-24ea9f00dbe4,878459811,982,pap_0003,,cni,20210066375220900,parcelle_agricole,0,1,0,0,0,0,,oui,4,,Decès du PAPs. Signature et photo sont celle de sont petit fils,1790340301233.jpg,https://kf.kobotoolbox.org/api/v2/assets/anTGkBsJzTReb96GWVGu7k/data/878459811/attachments/attAjzB5kbKPX47AMZsQRvJ8/
5850a801-f14e-489f-b9a9-914d38fdb6bb,878459843,983,pap_0004,,cni,20170651386920900,parcelle_agricole,0,1,0,0,0,0,,oui,5,,,1790341136464.jpg,https://kf.kobotoolbox.org/api/v2/assets/anTGkBsJzTReb96GWVGu7k/data/878459843/attachments/attRcoDHBT328RWvvUNB8ghj/
910565ac-ceb9-442d-9907-83ebe2968b0f,878460065,984,pap_0062,,cni,20210318379610900,parcelle_agricole,0,1,0,0,0,0,,oui,63,,,1790344157064.jpg,https://kf.kobotoolbox.org/api/v2/assets/anTGkBsJzTReb96GWVGu7k/data/878460065/attachments/attUE5wG6tbuwK5SUzsRRiuE/
16518353-7a8b-4774-838c-c32f3334c3d2,878460099,985,pap_0055,,cni,000518172,parcelle_construite,0,0,1,0,0,0,,oui,56,,PAP non disponible ( Yaounde). Photo et Signature sont celles de son cousin ,1790344690266.jpg,https://kf.kobotoolbox.org/api/v2/assets/anTGkBsJzTReb96GWVGu7k/data/878460099/attachments/att25xCdaX6DtmHma28mL8NP/
23b861f4-e8bb-49d1-8082-0f98eaf7f639,878460124,986,pap_0074,,cni,116924797,parcelle_agricole,0,1,0,0,0,0,,oui,75,,,1790345391958.jpg,https://kf.kobotoolbox.org/api/v2/assets/anTGkBsJzTReb96GWVGu7k/data/878460124/attachments/attLUQnjkwBNbE3mzVnJiQdc/
27730757-3404-4b49-b7df-c6390b408537,878460158,987,pap_0065,,cni,SUO1232L5LWMKARLFYY4,hors_zone_influence,0,0,0,0,0,1,,oui,66,,PAP non disponible/Hors emprise ,,
2ec8fc31-f305-445c-a229-68a92b89afa0,878460818,988,pap_0149,,cni,SU0123L5LWSP00494,parcelle_agricole,0,1,0,0,0,,,oui,150,,,1790245789691.jpg,https://kf.kobotoolbox.org/api/v2/assets/anTGkBsJzTReb96GWVGu7k/data/878460818/attachments/attTGbqWCU5LCDdR2Le58nfN/
9dfdbbeb-6408-4571-b7d4-3216cb6ae7f2,878461247,989,pap_0201,,cni,116752091,parcelle_agricole,0,1,0,0,0,,,oui,202,,"MAISON NOUVELLEMENT IMPACTÉE.
L : 11
Lar : 9,40
T : 103,40
Toit: Tôle 
Sol:Cimenté 
Mûrs :Maçonné 
Standing: Moyen
État : bon
Àge: 9 ans",1790248603815.jpg,https://kf.kobotoolbox.org/api/v2/assets/anTGkBsJzTReb96GWVGu7k/data/878461247/attachments/attYF9x2VGajWLnBmC5LaCDj/
4fd6b6c4-42fb-46da-a70f-dd6682544a17,878461479,990,pap_0129,,cni,1086790409,parcelle_agricole,0,1,0,0,0,,,oui,,,"MAISON NOUVELLEMENT IMPACTÉE 
L: 11,30
Lar: 9,30
T: 105,09
Àge: 50 ans
Tôle : Toit 
Mûrs :Banco
Sol: Banco
Etat: Délabré 
Standing : ordinaire",1790249671554.jpg,https://kf.kobotoolbox.org/api/v2/assets/anTGkBsJzTReb96GWVGu7k/data/878461479/attachments/attLHcbiSdN4KHNdoNQTa2mT/
65644903-da1f-4634-999c-3b44a3eda344,878461761,991,pap_0138,,cni,100287765,parcelle_construite,0,0,1,0,0,,,oui,139,,,1790251029717.jpg,https://kf.kobotoolbox.org/api/v2/assets/anTGkBsJzTReb96GWVGu7k/data/878461761/attachments/attX4raX8kWgxY79c7PxiXyJ/
7624c9c3-de94-4c99-a9bb-3700e9fc3658,878463048,992,pap_0025,,cni,,parcelle_agricole,0,1,0,0,0,,,oui,26,,Décédé ,1790322420852.jpg,https://kf.kobotoolbox.org/api/v2/assets/anTGkBsJzTReb96GWVGu7k/data/878463048/attachments/attEFRKEinhaCEt3ahK4gNjY/
8c62ce21-9a78-4a47-999f-5116867d9856,878463290,993,pap_0017,,cni,,,,,,,,,,oui,18,,HORS EMPRISE,1790322968033.jpg,https://kf.kobotoolbox.org/api/v2/assets/anTGkBsJzTReb96GWVGu7k/data/878463290/attachments/attkcb7YadgiwtuQGGABaLQb/
9505d94f-8008-427a-a771-e0408632a4b0,878463498,994,pap_0010,,cni,,parcelle_agricole,0,1,0,0,0,,,oui,11,,HORS EMPRISE,1790323651455.jpg,https://kf.kobotoolbox.org/api/v2/assets/anTGkBsJzTReb96GWVGu7k/data/878463498/attachments/attWdiNoZaxncDrbB26qSSK8/
b51866a8-6b9c-4b5a-b264-3e45c496d2d5,878463766,995,pap_0002,,cni,118016911,parcelle_agricole parcelle_construite,0,1,1,0,0,,,oui,3,,HORS EMPRISE ,1790324176715.jpg,https://kf.kobotoolbox.org/api/v2/assets/anTGkBsJzTReb96GWVGu7k/data/878463766/attachments/attN3yRdqB5sQpZwcP8AHQcb/
deed822c-47ef-4d73-b628-2e42c66bd81c,878464200,996,pap_0081,,cni,,parcelle_construite,0,0,1,0,0,,,oui,82,,HORS EMPRISE,1790324487068.jpg,https://kf.kobotoolbox.org/api/v2/assets/anTGkBsJzTReb96GWVGu7k/data/878464200/attachments/attZxMt3xAJcGzu98BJZ86rg/
7fd497e9-310c-4022-ade0-3f0bf904d278,878464392,997,pap_0038,,cni,116286914,parcelle_construite,0,0,1,0,0,,,oui,39,,,1790330728658.jpg,https://kf.kobotoolbox.org/api/v2/assets/anTGkBsJzTReb96GWVGu7k/data/878464392/attachments/att6hYsFnPfUEpStavSUkPxA/
95872583-0ee7-420c-b3a4-dd7735813d78,878464531,998,pap_0005,,cni,000211545,parcelle_agricole,0,1,0,0,0,,,oui,6,,HORS EMPRISE ,1790331056582.jpg,https://kf.kobotoolbox.org/api/v2/assets/anTGkBsJzTReb96GWVGu7k/data/878464531/attachments/attQiYGkaxtqgTuHqfwU6RNd/
96780572-5705-45c1-85fd-d164225f6f81,878464761,999,pap_0040,,cni,117646182,parcelle_construite,0,0,1,0,0,,,oui,41,,,1790331270699.jpg,https://kf.kobotoolbox.org/api/v2/assets/anTGkBsJzTReb96GWVGu7k/data/878464761/attachments/attRkQnm2PeNS26NqBPFFdqt/
eac2f26c-3b48-4a7a-834d-3030079bb2c0,878464972,1000,pap_0054,,cni,1171744337,parcelle_agricole,0,1,0,0,0,,,oui,54,,,1790332126728.jpg,https://kf.kobotoolbox.org/api/v2/assets/anTGkBsJzTReb96GWVGu7k/data/878464972/attachments/attb3G2WaywHXza8SctJXxzd/
70d2c44e-800e-437c-be1e-68752445091b,878466182,1001,pap_0031,,cni,100110527,parcelle_construite,0,0,1,0,0,,,oui,32,,DÉCÉDÉ,1790337470141.jpg,https://kf.kobotoolbox.org/api/v2/assets/anTGkBsJzTReb96GWVGu7k/data/878466182/attachments/attddAR26KDT7kpwBarKkkvd/
dec8138e-b30b-460b-b6e6-b50b79e5ff91,878466428,1002,pap_0016,,cni,109040194,parcelle_construite,0,0,1,0,0,,,oui,17,,,1790338125846.jpg,https://kf.kobotoolbox.org/api/v2/assets/anTGkBsJzTReb96GWVGu7k/data/878466428/attachments/attEjjonRdpXC2kQyEyqrn37/
fe08c2ca-7bb0-4a8c-a1b7-4f505f7135fa,878466646,1003,pap_0045,,cni,SU01097I5LZVXBYCQEW3,parcelle_agricole parcelle_construite,0,1,1,0,0,,,oui,46,,,1790338757089.jpg,https://kf.kobotoolbox.org/api/v2/assets/anTGkBsJzTReb96GWVGu7k/data/878466646/attachments/attP3fdTmLx3n5LnzgJoaJLY/
a7219acb-998e-4f22-ad97-eeafbad807b5,878466701,1004,pap_0069,,cni,115005217,parcelle_construite,0,0,1,0,0,,,oui,70,,,1790339632881.jpg,https://kf.kobotoolbox.org/api/v2/assets/anTGkBsJzTReb96GWVGu7k/data/878466701/attachments/attU6RVEnVhZnrwNpxxL95jL/
bcb39ab2-3b0f-4b37-8387-eaee7691bdf7,878466893,1005,pap_0071,,cni,115005217,parcelle_construite,0,0,1,0,0,,,oui,70,,,1790339878418.jpg,https://kf.kobotoolbox.org/api/v2/assets/anTGkBsJzTReb96GWVGu7k/data/878466893/attachments/attKV7YxuyWUUb732WKdocdo/
8dfb79ae-aba3-46b6-8734-9c3b41ad0901,878467142,1006,pap_0033,,cni,115508068,parcelle_agricole,0,1,0,0,0,,,oui,34,,,1790340556552.jpg,https://kf.kobotoolbox.org/api/v2/assets/anTGkBsJzTReb96GWVGu7k/data/878467142/attachments/att7Zcj9WKRoy4BeVpKCRias/
c456216f-1fd7-4d36-925b-e4de3a2cf413,878467476,1007,pap_0068,,cni,110075058,parcelle_construite,0,0,1,0,0,,,oui,69,,,1790341506667.jpg,https://kf.kobotoolbox.org/api/v2/assets/anTGkBsJzTReb96GWVGu7k/data/878467476/attachments/attkZKR6KHof7aMo8aDTX3AJ/
09b6a750-ab8a-4fa4-8840-d8a3e5bf52de,878467758,1008,pap_0037,,cni,00518172,parcelle_agricole,0,1,0,0,0,,,oui,38,,,1790343920939.jpg,https://kf.kobotoolbox.org/api/v2/assets/anTGkBsJzTReb96GWVGu7k/data/878467758/attachments/attrpRwyqYQMxwqkyiNUnken/
0514f3b2-a827-46d6-a897-f56a569b65f8,878467827,1009,pap_0019,,cni,114708186,parcelle_agricole,0,1,0,0,0,,,oui,20,,,1790344148983.jpg,https://kf.kobotoolbox.org/api/v2/assets/anTGkBsJzTReb96GWVGu7k/data/878467827/attachments/atthGCxPsQ7RkPHvxhGNjaL9/
87e3e4c3-d7e6-4808-81f8-11985075a06d,878496187,1010,pap_0215,,cni,AS18725206,parcelle_construite autre,0,0,1,0,1,0,Cultures et Titre foncier ,oui,216,,"Le bâtis de la PAP est hors de l'emprise. Cependant, les cultures y demeurent. Par ailleurs, la PAP détient le Titre Foncier N°573 INSERE AU LIVRE FONCIER DU DÉPARTEMENT DE MVILA
VOL. 03 F°172 de 3868 mètres carrés impacté sur 793.08 mètres carrés (longueur : 110.15 ; largeur : 7.2)",1790237136932.jpg,https://kf.kobotoolbox.org/api/v2/assets/anTGkBsJzTReb96GWVGu7k/data/878496187/attachments/attdCovpBk2McKf55MBBvPxw/
cbd5ced9-c384-4f3d-aed2-1db46cd3d2c2,878496552,1011,pap_0187,,cni,104830710,autre,0,0,0,0,1,0,Cultures ,oui,188,,La PAP est hors de l'emprise ,1790246731926.jpg,https://kf.kobotoolbox.org/api/v2/assets/anTGkBsJzTReb96GWVGu7k/data/878496552/attachments/attf24y6wKcxoMEyjbpmYH2T/
fe28c48a-45cb-4d62-a4c2-661126c9eca0,878496597,1012,pap_0236,,cni,AB02222850,autre parcelle_construite,0,0,1,0,1,0,Cultures ,oui,237,,"La bâtis de la PAP est dans l'emprise, elle mesure :
9.74 m de long 
7.8 m de large
75.97 mètres carrés de superficie 
Sol : banco
Mur : maçonné 
Toiture : tôles 
État bon
Standing : semi définitif ",1790249410586.jpg,https://kf.kobotoolbox.org/api/v2/assets/anTGkBsJzTReb96GWVGu7k/data/878496597/attachments/attPnh7zJvJKuLgyeGLtseiV/
e27facb8-6cfd-467a-b591-6c52248a889e,878496632,1013,pap_0168,,cni,117247326,parcelle_construite,0,0,1,0,0,0,,oui,169,,Erreur sur le nom de la PAP. Considérer plutôt STELLE EPC AZEM Rép par ENDAMAN JEAN VALERIN,1790250237802.jpg,https://kf.kobotoolbox.org/api/v2/assets/anTGkBsJzTReb96GWVGu7k/data/878496632/attachments/attRZo5K8WZChb9a7ATqkaKN/
2ab6d2e9-2e69-460a-ad33-0d3900463f98,878496667,1014,pap_0240,,cni,115333255,parcelle_construite autre,0,0,1,0,1,0,Cultures et tombes aménagée ,oui,242,,Présence d'une tombe aménagée de 9 mètres carrés ,1790251637789.jpg,https://kf.kobotoolbox.org/api/v2/assets/anTGkBsJzTReb96GWVGu7k/data/878496667/attachments/att68XDrtxVS8xAtTxZPTaim/
91bb7aa1-2b6c-45d3-bbeb-cce907e96988,878496714,1015,pap_0059,,cni,101367662,autre,0,0,0,0,1,0,Cultures ,oui,60,,,1790255245907.jpg,https://kf.kobotoolbox.org/api/v2/assets/anTGkBsJzTReb96GWVGu7k/data/878496714/attachments/attkWSJC8X6UCwuPyWVGpxuv/
f4ad068f-64ef-4e88-9457-59e9f4515432,878496907,1016,pap_0030,,cni,101367662,autre,0,0,0,0,1,0,Cultures ,oui,31,,,1790258240480.jpg,https://kf.kobotoolbox.org/api/v2/assets/anTGkBsJzTReb96GWVGu7k/data/878496907/attachments/attCH2CmrPLDcddpk2fZCphk/
fa8439f0-759d-4f6d-ad99-34c5eb37dd7a,878499422,1017,pap_0018,,cni,SU01232L5LZX24SLA9M6,autre,0,0,0,0,1,0,Cultures ,oui,19,,,1790322261297.jpg,https://kf.kobotoolbox.org/api/v2/assets/anTGkBsJzTReb96GWVGu7k/data/878499422/attachments/attLVeGmH9yZUAxR4c5j3EfK/
7bbf9353-ef34-41d3-8f5c-5736f56f6880,878503580,1018,pap_0077,,cni,115855931,parcelle_construite,0,0,1,0,0,0,,oui,78,,,1790332426718.jpg,https://kf.kobotoolbox.org/api/v2/assets/anTGkBsJzTReb96GWVGu7k/data/878503580/attachments/attei2w6xdAt4FboTWQczVTo/
cdeac71d-cddc-4e53-9dbe-f1afa79078ea,878503635,1019,pap_0060,,cni,SU17512LJO62JRGKB21,autre parcelle_construite,0,0,1,0,1,0,Cultures et tombe aménagée,oui,61,,"La bâtis de la PAP est hors de l'emprise cependant, ses cultures et une tombe aménagée de 4.25 mètres carrés ",1790337725651.jpg,https://kf.kobotoolbox.org/api/v2/assets/anTGkBsJzTReb96GWVGu7k/data/878503635/attachments/attqmArc8urXLCVvPRDPQvWG/
370995fd-6aab-4e69-8cc4-bc27c31923ab,878503715,1020,pap_0021,,cni,  SU1751ZLSWNTRVB04A6,autre parcelle_construite,0,0,1,0,1,0,Cultures ,oui,22,,"La bâtis de la PAP est hors de l'emprise, cependant ses cultures y demeurent ",1790338564446.jpg,https://kf.kobotoolbox.org/api/v2/assets/anTGkBsJzTReb96GWVGu7k/data/878503715/attachments/attPwYUp3FxFqqWrwEHwWexF/
c0b4c18e-2115-4e59-a4e0-245dbe5ff015,878503783,1021,pap_0022,,cni,102074713,autre,0,0,0,0,1,0,Cultures ,oui,23,,La PAP est hors de l'emprise ,1790339654535.jpg,https://kf.kobotoolbox.org/api/v2/assets/anTGkBsJzTReb96GWVGu7k/data/878503783/attachments/attGzKis7Gb5UQb8p7RMfjn8/
06ca1463-8962-40ae-b05a-a6b8c4caca9f,878504112,1022,pap_0039,,cni,000518172,parcelle_construite,0,0,1,0,0,0,,oui,30,,Erreur d'écriture du nom au lieu de NKOM bien vouloir écrire NLOM et le reste demeure inchangé l.,1790344029732.jpg,https://kf.kobotoolbox.org/api/v2/assets/anTGkBsJzTReb96GWVGu7k/data/878504112/attachments/attv9jzKicjCpiBG9sR32EdG/
6e86ebfa-8229-4229-92c7-afdd7a8dc071,878504169,1023,pap_0008,,cni,SU1097I5J03HR3AY912,parcelle_construite,0,0,1,0,0,0,,oui,9,,La PAP est hors de l'emprise ,1790344395560.jpg,https://kf.kobotoolbox.org/api/v2/assets/anTGkBsJzTReb96GWVGu7k/data/878504169/attachments/attrG8ThvAAhcMo3QJdUHnZk/
b201e416-01ce-4db1-822a-15594fb1fa4e,878944634,1024,pap_0259,,cni,114551911,parcelle_construite,0,0,1,0,0,0,,oui,260,,,1790412684269.jpg,https://kf.kobotoolbox.org/api/v2/assets/anTGkBsJzTReb96GWVGu7k/data/878944634/attachments/attMcKbZdA2gGZ3oxJtnyWW4/
23ab2e77-e56d-41ec-af10-11e1971b13e1,878944656,1025,pap_0257,,cni,100871716,parcelle_construite,0,0,1,0,0,0,,oui,258,,"Bénéficiaire  décédé  .requête  en cours pour le changement de bénéficiaire  pour sa femme MENDOMO épouse ABOSSOLO 

Le photo et la signature sont celles de sa femme ",1790413343431.jpg,https://kf.kobotoolbox.org/api/v2/assets/anTGkBsJzTReb96GWVGu7k/data/878944656/attachments/attLhrP93aqCfD2jee3bF9uv/
f062d069-d01e-46d0-8524-b1a392f6ac34,878944674,1026,pap_0260,,cni,115752778,parcelle_construite,0,0,1,0,0,0,,oui,261,,,1790415784134.jpg,https://kf.kobotoolbox.org/api/v2/assets/anTGkBsJzTReb96GWVGu7k/data/878944674/attachments/attk8jwHnpWTHeKZM9RaTpRc/
62da49c2-3e59-485a-b4f7-125935bf6f94,879317493,1027,pap_0832,,cni,100932272,autre,0,0,0,0,1,0,Cultures,oui,833,,"Présence d'une vaste barrière :
Longueur : 150
Largeur : 6.4
Superficie : 960",1790001521308.jpg,https://kf.kobotoolbox.org/api/v2/assets/anTGkBsJzTReb96GWVGu7k/data/879317493/attachments/att3kxXWLre74PErgo3cKBJG/
